infinitiv	tip	sigurnost	predlozeni_oblik
abdicirati	-irati	visoka	abdiciram
abdicirati	-irati	visoka	abdiciraš
abdicirati	-irati	visoka	abdiciramo
abdicirati	-irati	visoka	abdicirate
abdicirati	-irati	visoka	abdiciraju
abdicirati	-irati	visoka	abdicirala
abdicirati	-irati	visoka	abdiciralo
abdicirati	-irati	visoka	abdicirale
abdicirati	-irati	visoka	abdiciraj
abdicirati	-irati	visoka	abdicirajte
abortirati	-irati	visoka	abortiramo
abortirati	-irati	visoka	abortirate
abortirati	-irati	visoka	abortiraju
abortirati	-irati	visoka	abortirao
abortirati	-irati	visoka	abortiralo
abortirati	-irati	visoka	abortirali
abortirati	-irati	visoka	abortirale
abortirati	-irati	visoka	abortirajte
adresirati	-irati	visoka	adresiraš
adresirati	-irati	visoka	adresiramo
adresirati	-irati	visoka	adresirate
adresirati	-irati	visoka	adresiraju
adresirati	-irati	visoka	adresirala
adresirati	-irati	visoka	adresiralo
adresirati	-irati	visoka	adresirale
adresirati	-irati	visoka	adresiraj
afirmirati	-irati	visoka	afirmiram
afirmirati	-irati	visoka	afirmiraš
afirmirati	-irati	visoka	afirmiramo
afirmirati	-irati	visoka	afirmirate
afirmirati	-irati	visoka	afirmiraju
afirmirati	-irati	visoka	afirmirao
afirmirati	-irati	visoka	afirmirala
afirmirati	-irati	visoka	afirmiralo
afirmirati	-irati	visoka	afirmirali
afirmirati	-irati	visoka	afirmirale
afirmirati	-irati	visoka	afirmiraj
afirmirati	-irati	visoka	afirmirajte
akcentovati	-ovati	visoka	akcentujem
akcentovati	-ovati	visoka	akcentuješ
akcentovati	-ovati	visoka	akcentujemo
akcentovati	-ovati	visoka	akcentujete
akcentovati	-ovati	visoka	akcentovao
akcentovati	-ovati	visoka	akcentovala
akcentovati	-ovati	visoka	akcentovalo
akcentovati	-ovati	visoka	akcentovali
akcentovati	-ovati	visoka	akcentovale
akcentovati	-ovati	visoka	akcentuj
akcentovati	-ovati	visoka	akcentujte
akreditovati	-ovati	visoka	akreditujem
akreditovati	-ovati	visoka	akredituješ
akreditovati	-ovati	visoka	akreditujemo
akreditovati	-ovati	visoka	akreditujete
akreditovati	-ovati	visoka	akredituju
akreditovati	-ovati	visoka	akreditovao
akreditovati	-ovati	visoka	akreditovala
akreditovati	-ovati	visoka	akreditovalo
akreditovati	-ovati	visoka	akreditovali
akreditovati	-ovati	visoka	akreditovale
akreditovati	-ovati	visoka	akredituj
akreditovati	-ovati	visoka	akreditujte
aminovati	-ovati	visoka	aminujem
aminovati	-ovati	visoka	aminuješ
aminovati	-ovati	visoka	aminujemo
aminovati	-ovati	visoka	aminujete
aminovati	-ovati	visoka	aminuju
aminovati	-ovati	visoka	aminovala
aminovati	-ovati	visoka	aminovalo
aminovati	-ovati	visoka	aminovali
aminovati	-ovati	visoka	aminovale
aminovati	-ovati	visoka	aminuj
aminovati	-ovati	visoka	aminujte
amnestirati	-irati	visoka	amnestiram
amnestirati	-irati	visoka	amnestiraš
amnestirati	-irati	visoka	amnestiramo
amnestirati	-irati	visoka	amnestirate
amnestirati	-irati	visoka	amnestiraju
amnestirati	-irati	visoka	amnestirala
amnestirati	-irati	visoka	amnestiralo
amnestirati	-irati	visoka	amnestirali
amnestirati	-irati	visoka	amnestirale
amnestirati	-irati	visoka	amnestiraj
amnestirati	-irati	visoka	amnestirajte
anketirati	-irati	visoka	anketiram
anketirati	-irati	visoka	anketiraš
anketirati	-irati	visoka	anketira
anketirati	-irati	visoka	anketiramo
anketirati	-irati	visoka	anketirate
anketirati	-irati	visoka	anketiraju
anketirati	-irati	visoka	anketiralo
anketirati	-irati	visoka	anketirale
anketirati	-irati	visoka	anketiraj
anketirati	-irati	visoka	anketirajte
anulirati	-irati	visoka	anuliram
anulirati	-irati	visoka	anuliraš
anulirati	-irati	visoka	anuliramo
anulirati	-irati	visoka	anulirate
anulirati	-irati	visoka	anulirala
anulirati	-irati	visoka	anulirale
anulirati	-irati	visoka	anuliraj
anulirati	-irati	visoka	anulirajte
aplicirati	-irati	visoka	apliciram
aplicirati	-irati	visoka	apliciraš
aplicirati	-irati	visoka	aplicira
aplicirati	-irati	visoka	apliciramo
aplicirati	-irati	visoka	aplicirate
aplicirati	-irati	visoka	aplicirala
aplicirati	-irati	visoka	apliciralo
aplicirati	-irati	visoka	aplicirali
aplicirati	-irati	visoka	aplicirale
aplicirati	-irati	visoka	apliciraj
aplicirati	-irati	visoka	aplicirajte
apsolvirati	-irati	visoka	apsolviram
apsolvirati	-irati	visoka	apsolviraš
apsolvirati	-irati	visoka	apsolvira
apsolvirati	-irati	visoka	apsolviramo
apsolvirati	-irati	visoka	apsolvirate
apsolvirati	-irati	visoka	apsolviraju
apsolvirati	-irati	visoka	apsolvirala
apsolvirati	-irati	visoka	apsolviralo
apsolvirati	-irati	visoka	apsolvirali
apsolvirati	-irati	visoka	apsolvirale
apsolvirati	-irati	visoka	apsolviraj
apsolvirati	-irati	visoka	apsolvirajte
apsorbovati	-ovati	visoka	apsorbuješ
apsorbovati	-ovati	visoka	apsorbujemo
apsorbovati	-ovati	visoka	apsorbujete
apsorbovati	-ovati	visoka	apsorbovalo
apsorbovati	-ovati	visoka	apsorbovali
apsorbovati	-ovati	visoka	apsorbovale
apsorbovati	-ovati	visoka	apsorbuj
apsorbovati	-ovati	visoka	apsorbujte
apstinirati	-irati	visoka	apstiniraš
apstinirati	-irati	visoka	apstiniramo
apstinirati	-irati	visoka	apstinirate
apstinirati	-irati	visoka	apstiniraju
apstinirati	-irati	visoka	apstinirao
apstinirati	-irati	visoka	apstinirala
apstinirati	-irati	visoka	apstiniralo
apstinirati	-irati	visoka	apstinirali
apstinirati	-irati	visoka	apstinirale
apstinirati	-irati	visoka	apstiniraj
apstinirati	-irati	visoka	apstinirajte
apstrahovati	-ovati	visoka	apstrahujem
apstrahovati	-ovati	visoka	apstrahuješ
apstrahovati	-ovati	visoka	apstrahujemo
apstrahovati	-ovati	visoka	apstrahujete
apstrahovati	-ovati	visoka	apstrahovao
apstrahovati	-ovati	visoka	apstrahovala
apstrahovati	-ovati	visoka	apstrahovalo
apstrahovati	-ovati	visoka	apstrahovali
apstrahovati	-ovati	visoka	apstrahovale
apstrahovati	-ovati	visoka	apstrahuj
apstrahovati	-ovati	visoka	apstrahujte
aranžirati	-irati	visoka	aranžiraš
aranžirati	-irati	visoka	aranžiramo
aranžirati	-irati	visoka	aranžirate
aranžirati	-irati	visoka	aranžirala
aranžirati	-irati	visoka	aranžiralo
aranžirati	-irati	visoka	aranžirale
aranžirati	-irati	visoka	aranžiraj
aranžirati	-irati	visoka	aranžirajte
argatovati	-ovati	visoka	argatujem
argatovati	-ovati	visoka	argatujemo
argatovati	-ovati	visoka	argatujete
argatovati	-ovati	visoka	argatuju
argatovati	-ovati	visoka	argatovao
argatovati	-ovati	visoka	argatovala
argatovati	-ovati	visoka	argatovalo
argatovati	-ovati	visoka	argatovali
argatovati	-ovati	visoka	argatovale
argatovati	-ovati	visoka	argatuj
argatovati	-ovati	visoka	argatujte
arhivirati	-irati	visoka	arhiviraš
arhivirati	-irati	visoka	arhiviramo
arhivirati	-irati	visoka	arhivirao
arhivirati	-irati	visoka	arhivirala
arhivirati	-irati	visoka	arhiviralo
arhivirati	-irati	visoka	arhivirali
arhivirati	-irati	visoka	arhivirale
arhivirati	-irati	visoka	arhivirajte
asfaltirati	-irati	visoka	asfaltiram
asfaltirati	-irati	visoka	asfaltiraš
asfaltirati	-irati	visoka	asfaltira
asfaltirati	-irati	visoka	asfaltiramo
asfaltirati	-irati	visoka	asfaltirate
asfaltirati	-irati	visoka	asfaltiraju
asfaltirati	-irati	visoka	asfaltirala
asfaltirati	-irati	visoka	asfaltiralo
asfaltirati	-irati	visoka	asfaltirali
asfaltirati	-irati	visoka	asfaltirale
asfaltirati	-irati	visoka	asfaltiraj
asfaltirati	-irati	visoka	asfaltirajte
asimilirati	-irati	visoka	asimiliram
asimilirati	-irati	visoka	asimiliraš
asimilirati	-irati	visoka	asimiliramo
asimilirati	-irati	visoka	asimilirate
asimilirati	-irati	visoka	asimilirao
asimilirati	-irati	visoka	asimilirala
asimilirati	-irati	visoka	asimiliralo
asimilirati	-irati	visoka	asimilirale
asimilirati	-irati	visoka	asimiliraj
asimilirati	-irati	visoka	asimilirajte
asimilovati	-ovati	visoka	asimilujem
asimilovati	-ovati	visoka	asimiluješ
asimilovati	-ovati	visoka	asimilujemo
asimilovati	-ovati	visoka	asimilujete
asimilovati	-ovati	visoka	asimilovala
asimilovati	-ovati	visoka	asimilovalo
asimilovati	-ovati	visoka	asimilovali
asimilovati	-ovati	visoka	asimilovale
asimilovati	-ovati	visoka	asimiluj
asimilovati	-ovati	visoka	asimilujte
autorizovati	-ovati	visoka	autorizujem
autorizovati	-ovati	visoka	autorizuješ
autorizovati	-ovati	visoka	autorizujemo
autorizovati	-ovati	visoka	autorizujete
autorizovati	-ovati	visoka	autorizovao
autorizovati	-ovati	visoka	autorizovala
autorizovati	-ovati	visoka	autorizovalo
autorizovati	-ovati	visoka	autorizovali
autorizovati	-ovati	visoka	autorizovale
autorizovati	-ovati	visoka	autorizuj
autorizovati	-ovati	visoka	autorizujte
avanzovati	-ovati	visoka	avanzujem
avanzovati	-ovati	visoka	avanzujemo
avanzovati	-ovati	visoka	avanzujete
avanzovati	-ovati	visoka	avanzovala
avanzovati	-ovati	visoka	avanzovalo
avanzovati	-ovati	visoka	avanzovali
avanzovati	-ovati	visoka	avanzovale
avanzovati	-ovati	visoka	avanzuj
avanzovati	-ovati	visoka	avanzujte
ašikovati	-ovati	visoka	ašikujem
ašikovati	-ovati	visoka	ašikuješ
ašikovati	-ovati	visoka	ašikujete
ašikovati	-ovati	visoka	ašikuju
ašikovati	-ovati	visoka	ašikovala
ašikovati	-ovati	visoka	ašikovalo
ašikovati	-ovati	visoka	ašikovali
ašikovati	-ovati	visoka	ašikovale
ašikovati	-ovati	visoka	ašikuj
ašikovati	-ovati	visoka	ašikujte
bajati	-ati/-eti (obrazac NEPOZNAT: nema oblika prezenta u rečniku)	odluči ti	bajalo
bajati	-ati/-eti (obrazac NEPOZNAT: nema oblika prezenta u rečniku)	odluči ti	bajali
bajati	-ati/-eti (obrazac NEPOZNAT: nema oblika prezenta u rečniku)	odluči ti	bajale
balansirati	-irati	visoka	balansiramo
balansirati	-irati	visoka	balansirate
balansirati	-irati	visoka	balansiraju
balansirati	-irati	visoka	balansirala
balansirati	-irati	visoka	balansiralo
balansirati	-irati	visoka	balansirali
balansirati	-irati	visoka	balansirale
balansirati	-irati	visoka	balansirajte
bariti	-iti	visoka	barim
bariti	-iti	visoka	bariš
bariti	-iti	visoka	barimo
bariti	-iti	visoka	bario
bariti	-iti	visoka	barila
bariti	-iti	visoka	barilo
bariti	-iti	visoka	barili
bariti	-iti	visoka	barile
bazdeti	-eti	proveri	bazdim
bazdeti	-eti	proveri	bazdimo
bazdeti	-eti	proveri	bazdite
bazdeti	-eti	proveri	bazdeo
bazdeti	-eti	proveri	bazdela
bazdeti	-eti	proveri	bazdelo
bazdeti	-eti	proveri	bazdeli
bazdeti	-eti	proveri	bazdele
bediti	-iti	visoka	bedim
bediti	-iti	visoka	bediš
bediti	-iti	visoka	bedi
bediti	-iti	visoka	bedimo
bediti	-iti	visoka	bedite
bediti	-iti	visoka	bedio
bediti	-iti	visoka	bedila
bediti	-iti	visoka	bedilo
bediti	-iti	visoka	bedili
bediti	-iti	visoka	bedile
beknuti	-nuti	visoka	bekneš
beknuti	-nuti	visoka	bekne
beknuti	-nuti	visoka	beknemo
beknuti	-nuti	visoka	beknete
beknuti	-nuti	visoka	beknu
beknuti	-nuti	visoka	beknuo
beknuti	-nuti	visoka	beknula
beknuti	-nuti	visoka	beknulo
beknuti	-nuti	visoka	beknuli
beknuti	-nuti	visoka	beknule
beknuti	-nuti	visoka	bekni
beknuti	-nuti	visoka	beknite
besposličiti	-iti	visoka	besposličiš
besposličiti	-iti	visoka	besposličimo
besposličiti	-iti	visoka	besposličite
besposličiti	-iti	visoka	besposliče
besposličiti	-iti	visoka	besposličila
besposličiti	-iti	visoka	besposličilo
besposličiti	-iti	visoka	besposličili
besposličiti	-iti	visoka	besposličile
bečiti	-iti	visoka	bečim
bečiti	-iti	visoka	bečimo
bečiti	-iti	visoka	bečite
bečiti	-iti	visoka	beče
bečiti	-iti	visoka	bečila
bečiti	-iti	visoka	bečilo
bečiti	-iti	visoka	bečili
bečiti	-iti	visoka	bečile
bilansirati	-irati	visoka	bilansiram
bilansirati	-irati	visoka	bilansiraš
bilansirati	-irati	visoka	bilansiramo
bilansirati	-irati	visoka	bilansirate
bilansirati	-irati	visoka	bilansiraju
bilansirati	-irati	visoka	bilansirao
bilansirati	-irati	visoka	bilansirala
bilansirati	-irati	visoka	bilansiralo
bilansirati	-irati	visoka	bilansirali
bilansirati	-irati	visoka	bilansirale
bilansirati	-irati	visoka	bilansiraj
bilansirati	-irati	visoka	bilansirajte
bilježiti	-iti	visoka	bilježiš
bilježiti	-iti	visoka	bilježimo
bilježiti	-iti	visoka	bilježite
bilježiti	-iti	visoka	bilježio
bilježiti	-iti	visoka	bilježila
bilježiti	-iti	visoka	bilježilo
bilježiti	-iti	visoka	bilježile
bivakovati	-ovati	visoka	bivakujem
bivakovati	-ovati	visoka	bivakuješ
bivakovati	-ovati	visoka	bivakujemo
bivakovati	-ovati	visoka	bivakujete
bivakovati	-ovati	visoka	bivakuju
bivakovati	-ovati	visoka	bivakovao
bivakovati	-ovati	visoka	bivakovala
bivakovati	-ovati	visoka	bivakovalo
bivakovati	-ovati	visoka	bivakovale
bivakovati	-ovati	visoka	bivakuj
bivakovati	-ovati	visoka	bivakujte
bivstvovati	-ovati	visoka	bivstvujem
bivstvovati	-ovati	visoka	bivstvuješ
bivstvovati	-ovati	visoka	bivstvujemo
bivstvovati	-ovati	visoka	bivstvujete
bivstvovati	-ovati	visoka	bivstvuju
bivstvovati	-ovati	visoka	bivstvovao
bivstvovati	-ovati	visoka	bivstvovala
bivstvovati	-ovati	visoka	bivstvovalo
bivstvovati	-ovati	visoka	bivstvovali
bivstvovati	-ovati	visoka	bivstvovale
bivstvovati	-ovati	visoka	bivstvuj
bivstvovati	-ovati	visoka	bivstvujte
blagovati	-ovati	visoka	blagujem
blagovati	-ovati	visoka	blaguješ
blagovati	-ovati	visoka	blagujemo
blagovati	-ovati	visoka	blagujete
blagovati	-ovati	visoka	blagovao
blagovati	-ovati	visoka	blagovala
blagovati	-ovati	visoka	blagovalo
blagovati	-ovati	visoka	blagovali
blagovati	-ovati	visoka	blagovale
blagovati	-ovati	visoka	blaguj
blagovati	-ovati	visoka	blagujte
bodovati	-ovati	visoka	bodujem
bodovati	-ovati	visoka	boduješ
bodovati	-ovati	visoka	bodujemo
bodovati	-ovati	visoka	bodujete
bodovati	-ovati	visoka	bodovao
bodovati	-ovati	visoka	bodovala
bodovati	-ovati	visoka	bodovalo
bodovati	-ovati	visoka	bodovali
bodovati	-ovati	visoka	bodovale
bodovati	-ovati	visoka	boduj
bodovati	-ovati	visoka	bodujte
bogaljiti	-iti	visoka	bogaljim
bogaljiti	-iti	visoka	bogaljiš
bogaljiti	-iti	visoka	bogaljimo
bogaljiti	-iti	visoka	bogaljite
bogaljiti	-iti	visoka	bogaljio
bogaljiti	-iti	visoka	bogaljila
bogaljiti	-iti	visoka	bogaljilo
bogaljiti	-iti	visoka	bogaljili
bogaljiti	-iti	visoka	bogaljile
bogovati	-ovati	visoka	bogujem
bogovati	-ovati	visoka	boguješ
bogovati	-ovati	visoka	bogujemo
bogovati	-ovati	visoka	bogujete
bogovati	-ovati	visoka	boguju
bogovati	-ovati	visoka	bogovao
bogovati	-ovati	visoka	bogovala
bogovati	-ovati	visoka	bogovalo
bogovati	-ovati	visoka	bogovali
bogovati	-ovati	visoka	bogovale
bogovati	-ovati	visoka	boguj
bogovati	-ovati	visoka	bogujte
boksati	-ati/-eti (obrazac NEPOZNAT: nema oblika prezenta u rečniku)	odluči ti	boksala
boksati	-ati/-eti (obrazac NEPOZNAT: nema oblika prezenta u rečniku)	odluči ti	boksalo
boksati	-ati/-eti (obrazac NEPOZNAT: nema oblika prezenta u rečniku)	odluči ti	boksali
boksati	-ati/-eti (obrazac NEPOZNAT: nema oblika prezenta u rečniku)	odluči ti	boksale
boksiti	-iti	visoka	boksim
boksiti	-iti	visoka	boksiš
boksiti	-iti	visoka	boksi
boksiti	-iti	visoka	boksimo
boksiti	-iti	visoka	boksite
boksiti	-iti	visoka	bokse
boksiti	-iti	visoka	boksio
boksiti	-iti	visoka	boksila
boksiti	-iti	visoka	boksilo
boksiti	-iti	visoka	boksili
boksiti	-iti	visoka	boksile
boliti	-iti	visoka	bolim
boliti	-iti	visoka	bolimo
boliti	-iti	visoka	bolite
boliti	-iti	visoka	bolila
boliti	-iti	visoka	bolilo
boliti	-iti	visoka	bolili
boliti	-iti	visoka	bolile
broditi	-iti	visoka	brodim
broditi	-iti	visoka	brodiš
broditi	-iti	visoka	brodimo
broditi	-iti	visoka	brodite
broditi	-iti	visoka	brodilo
broditi	-iti	visoka	brodili
broditi	-iti	visoka	brodile
brusiti	-iti	visoka	brusim
brusiti	-iti	visoka	brusiš
brusiti	-iti	visoka	brusimo
brusiti	-iti	visoka	brusite
brusiti	-iti	visoka	brusila
brusiti	-iti	visoka	brusilo
brusiti	-iti	visoka	brusili
brusiti	-iti	visoka	brusile
brzati	-ati/-eti (obrazac NEPOZNAT: protivrečni oblici: am/im)	odluči ti	brzala
brzati	-ati/-eti (obrazac NEPOZNAT: protivrečni oblici: am/im)	odluči ti	brzalo
brzati	-ati/-eti (obrazac NEPOZNAT: protivrečni oblici: am/im)	odluči ti	brzali
brzati	-ati/-eti (obrazac NEPOZNAT: protivrečni oblici: am/im)	odluči ti	brzale
bubati	-ati/-eti (obrazac -am, pročitan iz rečnika)	visoka	bubaš
bubati	-ati/-eti (obrazac -am, pročitan iz rečnika)	visoka	bubamo
bubati	-ati/-eti (obrazac -am, pročitan iz rečnika)	visoka	bubate
bubati	-ati/-eti (obrazac -am, pročitan iz rečnika)	visoka	bubaju
bubati	-ati/-eti (obrazac -am, pročitan iz rečnika)	visoka	bubaj
bubati	-ati/-eti (obrazac -am, pročitan iz rečnika)	visoka	bubajte
bubati	-ati/-eti (obrazac -am, pročitan iz rečnika)	visoka	bubao
bubati	-ati/-eti (obrazac -am, pročitan iz rečnika)	visoka	bubali
bubati	-ati/-eti (obrazac -am, pročitan iz rečnika)	visoka	bubale
bubnjati	-ati/-eti (obrazac -em, pročitan iz rečnika)	visoka	bubnješ
bubnjati	-ati/-eti (obrazac -em, pročitan iz rečnika)	visoka	bubnjemo
bubnjati	-ati/-eti (obrazac -em, pročitan iz rečnika)	visoka	bubnjete
bubnjati	-ati/-eti (obrazac -em, pročitan iz rečnika)	visoka	bubnjite
bubnjati	-ati/-eti (obrazac -em, pročitan iz rečnika)	visoka	bubnjala
bubnjati	-ati/-eti (obrazac -em, pročitan iz rečnika)	visoka	bubnjalo
bubnjati	-ati/-eti (obrazac -em, pročitan iz rečnika)	visoka	bubnjali
bubnjati	-ati/-eti (obrazac -em, pročitan iz rečnika)	visoka	bubnjale
bukteti	-eti	proveri	buktim
bukteti	-eti	proveri	buktiš
bukteti	-eti	proveri	buktimo
bukteti	-eti	proveri	buktite
bukteti	-eti	proveri	bukteo
bukteti	-eti	proveri	buktela
bukteti	-eti	proveri	buktelo
bukteti	-eti	proveri	bukteli
bukteti	-eti	proveri	buktele
buriti	-iti	visoka	buriš
buriti	-iti	visoka	burimo
buriti	-iti	visoka	burite
buriti	-iti	visoka	burio
buriti	-iti	visoka	burila
buriti	-iti	visoka	burili
buriti	-iti	visoka	burile
busati	-ati/-eti (obrazac NEPOZNAT: nema oblika prezenta u rečniku)	odluči ti	busala
busati	-ati/-eti (obrazac NEPOZNAT: nema oblika prezenta u rečniku)	odluči ti	busalo
busati	-ati/-eti (obrazac NEPOZNAT: nema oblika prezenta u rečniku)	odluči ti	busali
busati	-ati/-eti (obrazac NEPOZNAT: nema oblika prezenta u rečniku)	odluči ti	busale
bućnuti	-nuti	visoka	bućneš
bućnuti	-nuti	visoka	bućnemo
bućnuti	-nuti	visoka	bućnete
bućnuti	-nuti	visoka	bućnuo
bućnuti	-nuti	visoka	bućnulo
bućnuti	-nuti	visoka	bućnuli
bućnuti	-nuti	visoka	bućnule
bućnuti	-nuti	visoka	bućni
bućnuti	-nuti	visoka	bućnite
cariniti	-iti	visoka	carinim
cariniti	-iti	visoka	cariniš
cariniti	-iti	visoka	carinimo
cariniti	-iti	visoka	carinite
cariniti	-iti	visoka	carinila
cariniti	-iti	visoka	carinilo
cariniti	-iti	visoka	carinili
cariniti	-iti	visoka	carinile
carstvovati	-ovati	visoka	carstvujem
carstvovati	-ovati	visoka	carstvuješ
carstvovati	-ovati	visoka	carstvujemo
carstvovati	-ovati	visoka	carstvujete
carstvovati	-ovati	visoka	carstvovao
carstvovati	-ovati	visoka	carstvovala
carstvovati	-ovati	visoka	carstvovalo
carstvovati	-ovati	visoka	carstvovali
carstvovati	-ovati	visoka	carstvovale
carstvovati	-ovati	visoka	carstvuj
carstvovati	-ovati	visoka	carstvujte
cementirati	-irati	visoka	cementiram
cementirati	-irati	visoka	cementiraš
cementirati	-irati	visoka	cementiramo
cementirati	-irati	visoka	cementirate
cementirati	-irati	visoka	cementiraju
cementirati	-irati	visoka	cementirao
cementirati	-irati	visoka	cementirala
cementirati	-irati	visoka	cementiralo
cementirati	-irati	visoka	cementirali
cementirati	-irati	visoka	cementirale
cementirati	-irati	visoka	cementiraj
cementirati	-irati	visoka	cementirajte
cenkati	-ati/-eti (obrazac -am, pročitan iz rečnika)	visoka	cenkate
cenkati	-ati/-eti (obrazac -am, pročitan iz rečnika)	visoka	cenkaju
cenkati	-ati/-eti (obrazac -am, pročitan iz rečnika)	visoka	cenkaj
cenkati	-ati/-eti (obrazac -am, pročitan iz rečnika)	visoka	cenkajte
cenkati	-ati/-eti (obrazac -am, pročitan iz rečnika)	visoka	cenkao
cenkati	-ati/-eti (obrazac -am, pročitan iz rečnika)	visoka	cenkala
cenkati	-ati/-eti (obrazac -am, pročitan iz rečnika)	visoka	cenkalo
cenkati	-ati/-eti (obrazac -am, pročitan iz rečnika)	visoka	cenkali
cenkati	-ati/-eti (obrazac -am, pročitan iz rečnika)	visoka	cenkale
centrirati	-irati	visoka	centriram
centrirati	-irati	visoka	centriraš
centrirati	-irati	visoka	centriramo
centrirati	-irati	visoka	centrirate
centrirati	-irati	visoka	centriraju
centrirati	-irati	visoka	centrirala
centrirati	-irati	visoka	centriralo
centrirati	-irati	visoka	centrirali
centrirati	-irati	visoka	centrirale
centrirati	-irati	visoka	centrirajte
cenzurisati	-ati/-eti (obrazac NEPOZNAT: nema oblika prezenta u rečniku)	odluči ti	cenzurisala
cenzurisati	-ati/-eti (obrazac NEPOZNAT: nema oblika prezenta u rečniku)	odluči ti	cenzurisalo
cenzurisati	-ati/-eti (obrazac NEPOZNAT: nema oblika prezenta u rečniku)	odluči ti	cenzurisali
cenzurisati	-ati/-eti (obrazac NEPOZNAT: nema oblika prezenta u rečniku)	odluči ti	cenzurisale
cepiti	-iti	visoka	cepim
cepiti	-iti	visoka	cepiš
cepiti	-iti	visoka	cepi
cepiti	-iti	visoka	cepimo
cepiti	-iti	visoka	cepite
cepiti	-iti	visoka	cepe
cepiti	-iti	visoka	cepio
cepiti	-iti	visoka	cepila
cepiti	-iti	visoka	cepilo
cepiti	-iti	visoka	cepili
cepiti	-iti	visoka	cepile
ceriti	-iti	visoka	cerim
ceriti	-iti	visoka	ceri
ceriti	-iti	visoka	cerimo
ceriti	-iti	visoka	cerite
ceriti	-iti	visoka	cerila
ceriti	-iti	visoka	cerili
ceriti	-iti	visoka	cerile
cikati	-ati/-eti (obrazac NEPOZNAT: nema oblika prezenta u rečniku)	odluči ti	cikalo
cikati	-ati/-eti (obrazac NEPOZNAT: nema oblika prezenta u rečniku)	odluči ti	cikali
cikati	-ati/-eti (obrazac NEPOZNAT: nema oblika prezenta u rečniku)	odluči ti	cikale
ciknuti	-nuti	visoka	ciknem
ciknuti	-nuti	visoka	cikneš
ciknuti	-nuti	visoka	ciknemo
ciknuti	-nuti	visoka	ciknete
ciknuti	-nuti	visoka	ciknulo
ciknuti	-nuti	visoka	ciknuli
ciknuti	-nuti	visoka	ciknule
ciknuti	-nuti	visoka	cikni
ciknuti	-nuti	visoka	ciknite
cimnuti	-nuti	visoka	cimneš
cimnuti	-nuti	visoka	cimnemo
cimnuti	-nuti	visoka	cimnete
cimnuti	-nuti	visoka	cimnula
cimnuti	-nuti	visoka	cimnulo
cimnuti	-nuti	visoka	cimnuli
cimnuti	-nuti	visoka	cimnule
cimnuti	-nuti	visoka	cimnite
cinkati	-ati/-eti (obrazac -am, pročitan iz rečnika)	visoka	cinkaš
cinkati	-ati/-eti (obrazac -am, pročitan iz rečnika)	visoka	cinkamo
cinkati	-ati/-eti (obrazac -am, pročitan iz rečnika)	visoka	cinkate
cinkati	-ati/-eti (obrazac -am, pročitan iz rečnika)	visoka	cinkaju
cinkati	-ati/-eti (obrazac -am, pročitan iz rečnika)	visoka	cinkaj
cinkati	-ati/-eti (obrazac -am, pročitan iz rečnika)	visoka	cinkajte
cinkati	-ati/-eti (obrazac -am, pročitan iz rečnika)	visoka	cinkalo
cinkati	-ati/-eti (obrazac -am, pročitan iz rečnika)	visoka	cinkali
cinkati	-ati/-eti (obrazac -am, pročitan iz rečnika)	visoka	cinkale
civilizovati	-ovati	visoka	civilizujem
civilizovati	-ovati	visoka	civilizuješ
civilizovati	-ovati	visoka	civilizujemo
civilizovati	-ovati	visoka	civilizujete
civilizovati	-ovati	visoka	civilizovao
civilizovati	-ovati	visoka	civilizovala
civilizovati	-ovati	visoka	civilizovalo
civilizovati	-ovati	visoka	civilizovali
civilizovati	-ovati	visoka	civilizovale
civilizovati	-ovati	visoka	civilizuj
civilizovati	-ovati	visoka	civilizujte
cmoknuti	-nuti	visoka	cmokneš
cmoknuti	-nuti	visoka	cmoknemo
cmoknuti	-nuti	visoka	cmoknete
cmoknuti	-nuti	visoka	cmoknu
cmoknuti	-nuti	visoka	cmoknuo
cmoknuti	-nuti	visoka	cmoknula
cmoknuti	-nuti	visoka	cmoknulo
cmoknuti	-nuti	visoka	cmoknuli
cmoknuti	-nuti	visoka	cmoknule
cmoknuti	-nuti	visoka	cmokni
cmoknuti	-nuti	visoka	cmoknite
cuclati	-ati/-eti (obrazac NEPOZNAT: nema oblika prezenta u rečniku)	odluči ti	cuclala
cuclati	-ati/-eti (obrazac NEPOZNAT: nema oblika prezenta u rečniku)	odluči ti	cuclalo
cuclati	-ati/-eti (obrazac NEPOZNAT: nema oblika prezenta u rečniku)	odluči ti	cuclali
cuclati	-ati/-eti (obrazac NEPOZNAT: nema oblika prezenta u rečniku)	odluči ti	cuclale
cugati	-ati/-eti (obrazac -am, pročitan iz rečnika)	visoka	cugamo
cugati	-ati/-eti (obrazac -am, pročitan iz rečnika)	visoka	cugate
cugati	-ati/-eti (obrazac -am, pročitan iz rečnika)	visoka	cugaju
cugati	-ati/-eti (obrazac -am, pročitan iz rečnika)	visoka	cugajte
cugati	-ati/-eti (obrazac -am, pročitan iz rečnika)	visoka	cugao
cugati	-ati/-eti (obrazac -am, pročitan iz rečnika)	visoka	cugala
cugati	-ati/-eti (obrazac -am, pročitan iz rečnika)	visoka	cugalo
cugati	-ati/-eti (obrazac -am, pročitan iz rečnika)	visoka	cugali
cugati	-ati/-eti (obrazac -am, pročitan iz rečnika)	visoka	cugale
dadiljati	-ati/-eti (obrazac -am, pročitan iz rečnika)	visoka	dadiljamo
dadiljati	-ati/-eti (obrazac -am, pročitan iz rečnika)	visoka	dadiljate
dadiljati	-ati/-eti (obrazac -am, pročitan iz rečnika)	visoka	dadiljaju
dadiljati	-ati/-eti (obrazac -am, pročitan iz rečnika)	visoka	dadiljaj
dadiljati	-ati/-eti (obrazac -am, pročitan iz rečnika)	visoka	dadiljajte
dadiljati	-ati/-eti (obrazac -am, pročitan iz rečnika)	visoka	dadiljao
dadiljati	-ati/-eti (obrazac -am, pročitan iz rečnika)	visoka	dadiljala
dadiljati	-ati/-eti (obrazac -am, pročitan iz rečnika)	visoka	dadiljalo
dadiljati	-ati/-eti (obrazac -am, pročitan iz rečnika)	visoka	dadiljali
dadiljati	-ati/-eti (obrazac -am, pročitan iz rečnika)	visoka	dadiljale
daroviti	-iti	visoka	darovim
daroviti	-iti	visoka	daroviš
daroviti	-iti	visoka	darovimo
daroviti	-iti	visoka	darovio
daroviti	-iti	visoka	darovila
daroviti	-iti	visoka	darovilo
daroviti	-iti	visoka	darovili
daroviti	-iti	visoka	darovile
datirati	-irati	visoka	datiram
datirati	-irati	visoka	datiraš
datirati	-irati	visoka	datiramo
datirati	-irati	visoka	datirao
datirati	-irati	visoka	datirala
datirati	-irati	visoka	datiralo
datirati	-irati	visoka	datiraj
datirati	-irati	visoka	datirajte
debati	-ati/-eti (obrazac NEPOZNAT: nema oblika prezenta u rečniku)	odluči ti	debao
debati	-ati/-eti (obrazac NEPOZNAT: nema oblika prezenta u rečniku)	odluči ti	debalo
debati	-ati/-eti (obrazac NEPOZNAT: nema oblika prezenta u rečniku)	odluči ti	debali
debati	-ati/-eti (obrazac NEPOZNAT: nema oblika prezenta u rečniku)	odluči ti	debale
debatovati	-ovati	visoka	debatujem
debatovati	-ovati	visoka	debatuješ
debatovati	-ovati	visoka	debatujete
debatovati	-ovati	visoka	debatuju
debatovati	-ovati	visoka	debatovao
debatovati	-ovati	visoka	debatovala
debatovati	-ovati	visoka	debatovali
debatovati	-ovati	visoka	debatovale
debatovati	-ovati	visoka	debatuj
debatovati	-ovati	visoka	debatujte
debitovati	-ovati	visoka	debitujem
debitovati	-ovati	visoka	debituješ
debitovati	-ovati	visoka	debitujemo
debitovati	-ovati	visoka	debitujete
debitovati	-ovati	visoka	debituju
debitovati	-ovati	visoka	debitovalo
debitovati	-ovati	visoka	debitovale
debitovati	-ovati	visoka	debituj
debitovati	-ovati	visoka	debitujte
debljati	-ati/-eti (obrazac NEPOZNAT: protivrečni oblici: am/em/im)	odluči ti	debljao
debljati	-ati/-eti (obrazac NEPOZNAT: protivrečni oblici: am/em/im)	odluči ti	debljala
debljati	-ati/-eti (obrazac NEPOZNAT: protivrečni oblici: am/em/im)	odluči ti	debljalo
debljati	-ati/-eti (obrazac NEPOZNAT: protivrečni oblici: am/em/im)	odluči ti	debljale
defilovati	-ovati	visoka	defilujem
defilovati	-ovati	visoka	defiluješ
defilovati	-ovati	visoka	defilujemo
defilovati	-ovati	visoka	defilujete
defilovati	-ovati	visoka	defilovalo
defilovati	-ovati	visoka	defilovale
defilovati	-ovati	visoka	defiluj
defilovati	-ovati	visoka	defilujte
definirati	-irati	visoka	definiram
definirati	-irati	visoka	definiraš
definirati	-irati	visoka	definiramo
definirati	-irati	visoka	definirate
definirati	-irati	visoka	definiraju
definirati	-irati	visoka	definirao
definirati	-irati	visoka	definirala
definirati	-irati	visoka	definiralo
definirati	-irati	visoka	definirali
definirati	-irati	visoka	definirale
definirati	-irati	visoka	definiraj
definirati	-irati	visoka	definirajte
deklamovati	-ovati	visoka	deklamujem
deklamovati	-ovati	visoka	deklamuješ
deklamovati	-ovati	visoka	deklamujemo
deklamovati	-ovati	visoka	deklamujete
deklamovati	-ovati	visoka	deklamovala
deklamovati	-ovati	visoka	deklamovalo
deklamovati	-ovati	visoka	deklamovali
deklamovati	-ovati	visoka	deklamovale
deklamovati	-ovati	visoka	deklamuj
deklamovati	-ovati	visoka	deklamujte
deklarisati	-ati/-eti (obrazac NEPOZNAT: nema oblika prezenta u rečniku)	odluči ti	deklarisala
deklarisati	-ati/-eti (obrazac NEPOZNAT: nema oblika prezenta u rečniku)	odluči ti	deklarisalo
deklarisati	-ati/-eti (obrazac NEPOZNAT: nema oblika prezenta u rečniku)	odluči ti	deklarisali
deklarisati	-ati/-eti (obrazac NEPOZNAT: nema oblika prezenta u rečniku)	odluči ti	deklarisale
dekodirati	-irati	visoka	dekodiraš
dekodirati	-irati	visoka	dekodirate
dekodirati	-irati	visoka	dekodiraju
dekodirati	-irati	visoka	dekodirala
dekodirati	-irati	visoka	dekodiralo
dekodirati	-irati	visoka	dekodirale
dekodirati	-irati	visoka	dekodiraj
dekodirati	-irati	visoka	dekodirajte
delati	-ati/-eti (obrazac NEPOZNAT: protivrečni oblici: am/im)	odluči ti	delala
delati	-ati/-eti (obrazac NEPOZNAT: protivrečni oblici: am/im)	odluči ti	delalo
delati	-ati/-eti (obrazac NEPOZNAT: protivrečni oblici: am/im)	odluči ti	delali
delati	-ati/-eti (obrazac NEPOZNAT: protivrečni oblici: am/im)	odluči ti	delale
delegirati	-irati	visoka	delegiram
delegirati	-irati	visoka	delegiraš
delegirati	-irati	visoka	delegiramo
delegirati	-irati	visoka	delegiraju
delegirati	-irati	visoka	delegirala
delegirati	-irati	visoka	delegiralo
delegirati	-irati	visoka	delegirali
delegirati	-irati	visoka	delegirale
delegirati	-irati	visoka	delegiraj
delegirati	-irati	visoka	delegirajte
demantovati	-ovati	visoka	demantuješ
demantovati	-ovati	visoka	demantujemo
demantovati	-ovati	visoka	demantujete
demantovati	-ovati	visoka	demantovala
demantovati	-ovati	visoka	demantovalo
demantovati	-ovati	visoka	demantovali
demantovati	-ovati	visoka	demantovale
demantovati	-ovati	visoka	demantuj
demantovati	-ovati	visoka	demantujte
demaskirati	-irati	visoka	demaskiram
demaskirati	-irati	visoka	demaskiraš
demaskirati	-irati	visoka	demaskiramo
demaskirati	-irati	visoka	demaskirate
demaskirati	-irati	visoka	demaskiraju
demaskirati	-irati	visoka	demaskirao
demaskirati	-irati	visoka	demaskirala
demaskirati	-irati	visoka	demaskiralo
demaskirati	-irati	visoka	demaskirali
demaskirati	-irati	visoka	demaskirale
demaskirati	-irati	visoka	demaskiraj
demaskirati	-irati	visoka	demaskirajte
demobilisati	-ati/-eti (obrazac NEPOZNAT: nema oblika prezenta u rečniku)	odluči ti	demobilisala
demobilisati	-ati/-eti (obrazac NEPOZNAT: nema oblika prezenta u rečniku)	odluči ti	demobilisalo
demobilisati	-ati/-eti (obrazac NEPOZNAT: nema oblika prezenta u rečniku)	odluči ti	demobilisali
demobilisati	-ati/-eti (obrazac NEPOZNAT: nema oblika prezenta u rečniku)	odluči ti	demobilisale
demolirati	-irati	visoka	demoliram
demolirati	-irati	visoka	demoliraš
demolirati	-irati	visoka	demoliramo
demolirati	-irati	visoka	demolirate
demolirati	-irati	visoka	demoliraju
demolirati	-irati	visoka	demoliralo
demolirati	-irati	visoka	demoliraj
demolirati	-irati	visoka	demolirajte
denuncirati	-irati	visoka	denunciram
denuncirati	-irati	visoka	denunciraš
denuncirati	-irati	visoka	denuncira
denuncirati	-irati	visoka	denunciramo
denuncirati	-irati	visoka	denuncirate
denuncirati	-irati	visoka	denunciraju
denuncirati	-irati	visoka	denuncirala
denuncirati	-irati	visoka	denunciralo
denuncirati	-irati	visoka	denuncirali
denuncirati	-irati	visoka	denuncirale
denuncirati	-irati	visoka	denunciraj
denuncirati	-irati	visoka	denuncirajte
deportovati	-ovati	visoka	deportujem
deportovati	-ovati	visoka	deportuješ
deportovati	-ovati	visoka	deportujete
deportovati	-ovati	visoka	deportovala
deportovati	-ovati	visoka	deportovalo
deportovati	-ovati	visoka	deportovale
deportovati	-ovati	visoka	deportuj
deportovati	-ovati	visoka	deportujte
deprimirati	-irati	visoka	deprimiramo
deprimirati	-irati	visoka	deprimirate
deprimirati	-irati	visoka	deprimirao
deprimirati	-irati	visoka	deprimirala
deprimirati	-irati	visoka	deprimirali
deprimirati	-irati	visoka	deprimirale
deprimirati	-irati	visoka	deprimiraj
deprimirati	-irati	visoka	deprimirajte
deseti	-eti	proveri	desiš
deseti	-eti	proveri	desimo
deseti	-eti	proveri	dese
deseti	-eti	proveri	deseo
deseti	-eti	proveri	desela
deseti	-eti	proveri	deselo
deseti	-eti	proveri	deseli
deseti	-eti	proveri	desele
desetkovati	-ovati	visoka	desetkujem
desetkovati	-ovati	visoka	desetkuješ
desetkovati	-ovati	visoka	desetkujemo
desetkovati	-ovati	visoka	desetkujete
desetkovati	-ovati	visoka	desetkuju
desetkovati	-ovati	visoka	desetkovalo
desetkovati	-ovati	visoka	desetkovali
desetkovati	-ovati	visoka	desetkovale
desetkovati	-ovati	visoka	desetkuj
desetkovati	-ovati	visoka	desetkujte
detinjiti	-iti	visoka	detinjiš
detinjiti	-iti	visoka	detinjimo
detinjiti	-iti	visoka	detinjio
detinjiti	-iti	visoka	detinjila
detinjiti	-iti	visoka	detinjilo
detinjiti	-iti	visoka	detinjili
detinjiti	-iti	visoka	detinjile
devalvirati	-irati	visoka	devalviram
devalvirati	-irati	visoka	devalviraš
devalvirati	-irati	visoka	devalviramo
devalvirati	-irati	visoka	devalvirate
devalvirati	-irati	visoka	devalviraju
devalvirati	-irati	visoka	devalvirao
devalvirati	-irati	visoka	devalvirala
devalvirati	-irati	visoka	devalviralo
devalvirati	-irati	visoka	devalvirali
devalvirati	-irati	visoka	devalvirale
devalvirati	-irati	visoka	devalviraj
devalvirati	-irati	visoka	devalvirajte
devetati	-ati/-eti (obrazac -im, pročitan iz rečnika)	visoka	devetiš
devetati	-ati/-eti (obrazac -im, pročitan iz rečnika)	visoka	devetimo
devetati	-ati/-eti (obrazac -im, pročitan iz rečnika)	visoka	devetite
devetati	-ati/-eti (obrazac -im, pročitan iz rečnika)	visoka	devetao
devetati	-ati/-eti (obrazac -im, pročitan iz rečnika)	visoka	devetala
devetati	-ati/-eti (obrazac -im, pročitan iz rečnika)	visoka	devetalo
devetati	-ati/-eti (obrazac -im, pročitan iz rečnika)	visoka	devetali
devetati	-ati/-eti (obrazac -im, pročitan iz rečnika)	visoka	devetale
dezinfikovati	-ovati	visoka	dezinfikuješ
dezinfikovati	-ovati	visoka	dezinfikujete
dezinfikovati	-ovati	visoka	dezinfikuju
dezinfikovati	-ovati	visoka	dezinfikovala
dezinfikovati	-ovati	visoka	dezinfikovalo
dezinfikovati	-ovati	visoka	dezinfikovali
dezinfikovati	-ovati	visoka	dezinfikovale
dezinfikovati	-ovati	visoka	dezinfikujte
dezintegrisati	-ati/-eti (obrazac NEPOZNAT: nema oblika prezenta u rečniku)	odluči ti	dezintegrisala
dezintegrisati	-ati/-eti (obrazac NEPOZNAT: nema oblika prezenta u rečniku)	odluči ti	dezintegrisalo
dezintegrisati	-ati/-eti (obrazac NEPOZNAT: nema oblika prezenta u rečniku)	odluči ti	dezintegrisali
dezintegrisati	-ati/-eti (obrazac NEPOZNAT: nema oblika prezenta u rečniku)	odluči ti	dezintegrisale
dezorganizovati	-ovati	visoka	dezorganizujem
dezorganizovati	-ovati	visoka	dezorganizuješ
dezorganizovati	-ovati	visoka	dezorganizujemo
dezorganizovati	-ovati	visoka	dezorganizujete
dezorganizovati	-ovati	visoka	dezorganizuju
dezorganizovati	-ovati	visoka	dezorganizovao
dezorganizovati	-ovati	visoka	dezorganizovala
dezorganizovati	-ovati	visoka	dezorganizovalo
dezorganizovati	-ovati	visoka	dezorganizovali
dezorganizovati	-ovati	visoka	dezorganizovale
dezorganizovati	-ovati	visoka	dezorganizuj
dezorganizovati	-ovati	visoka	dezorganizujte
dilati	-ati/-eti (obrazac -am, pročitan iz rečnika)	visoka	dilam
dilati	-ati/-eti (obrazac -am, pročitan iz rečnika)	visoka	dilamo
dilati	-ati/-eti (obrazac -am, pročitan iz rečnika)	visoka	dilate
dilati	-ati/-eti (obrazac -am, pročitan iz rečnika)	visoka	dilaju
dilati	-ati/-eti (obrazac -am, pročitan iz rečnika)	visoka	dilaj
dilati	-ati/-eti (obrazac -am, pročitan iz rečnika)	visoka	dilajte
dilati	-ati/-eti (obrazac -am, pročitan iz rečnika)	visoka	dilao
dilati	-ati/-eti (obrazac -am, pročitan iz rečnika)	visoka	dilala
dilati	-ati/-eti (obrazac -am, pročitan iz rečnika)	visoka	dilalo
dilati	-ati/-eti (obrazac -am, pročitan iz rečnika)	visoka	dilali
dilati	-ati/-eti (obrazac -am, pročitan iz rečnika)	visoka	dilale
dirkati	-ati/-eti (obrazac -em, pročitan iz rečnika)	visoka	dirkeš
dirkati	-ati/-eti (obrazac -em, pročitan iz rečnika)	visoka	dirkemo
dirkati	-ati/-eti (obrazac -em, pročitan iz rečnika)	visoka	dirkete
dirkati	-ati/-eti (obrazac -em, pročitan iz rečnika)	visoka	dirku
dirkati	-ati/-eti (obrazac -em, pročitan iz rečnika)	visoka	dirki
dirkati	-ati/-eti (obrazac -em, pročitan iz rečnika)	visoka	dirkite
dirkati	-ati/-eti (obrazac -em, pročitan iz rečnika)	visoka	dirkao
dirkati	-ati/-eti (obrazac -em, pročitan iz rečnika)	visoka	dirkala
dirkati	-ati/-eti (obrazac -em, pročitan iz rečnika)	visoka	dirkalo
dirkati	-ati/-eti (obrazac -em, pročitan iz rečnika)	visoka	dirkali
dirkati	-ati/-eti (obrazac -em, pročitan iz rečnika)	visoka	dirkale
disciplinovati	-ovati	visoka	disciplinuješ
disciplinovati	-ovati	visoka	disciplinuje
disciplinovati	-ovati	visoka	disciplinujemo
disciplinovati	-ovati	visoka	disciplinujete
disciplinovati	-ovati	visoka	disciplinuju
disciplinovati	-ovati	visoka	disciplinovao
disciplinovati	-ovati	visoka	disciplinovala
disciplinovati	-ovati	visoka	disciplinovalo
disciplinovati	-ovati	visoka	disciplinovali
disciplinovati	-ovati	visoka	disciplinovale
disciplinovati	-ovati	visoka	disciplinuj
disciplinovati	-ovati	visoka	disciplinujte
diskvalifikovati	-ovati	visoka	diskvalifikujem
diskvalifikovati	-ovati	visoka	diskvalifikuješ
diskvalifikovati	-ovati	visoka	diskvalifikujemo
diskvalifikovati	-ovati	visoka	diskvalifikujete
diskvalifikovati	-ovati	visoka	diskvalifikovao
diskvalifikovati	-ovati	visoka	diskvalifikovala
diskvalifikovati	-ovati	visoka	diskvalifikovalo
diskvalifikovati	-ovati	visoka	diskvalifikovale
diskvalifikovati	-ovati	visoka	diskvalifikuj
diskvalifikovati	-ovati	visoka	diskvalifikujte
distancirati	-irati	visoka	distanciramo
distancirati	-irati	visoka	distancirate
distancirati	-irati	visoka	distanciraju
distancirati	-irati	visoka	distancirala
distancirati	-irati	visoka	distanciralo
distancirati	-irati	visoka	distancirali
distancirati	-irati	visoka	distancirale
distancirati	-irati	visoka	distanciraj
distancirati	-irati	visoka	distancirajte
distribuirati	-irati	visoka	distribuiram
distribuirati	-irati	visoka	distribuiraš
distribuirati	-irati	visoka	distribuirate
distribuirati	-irati	visoka	distribuirao
distribuirati	-irati	visoka	distribuirala
distribuirati	-irati	visoka	distribuiralo
distribuirati	-irati	visoka	distribuirali
distribuirati	-irati	visoka	distribuirale
distribuirati	-irati	visoka	distribuiraj
distribuirati	-irati	visoka	distribuirajte
dobovati	-ovati	visoka	dobujem
dobovati	-ovati	visoka	dobuješ
dobovati	-ovati	visoka	dobujemo
dobovati	-ovati	visoka	dobujete
dobovati	-ovati	visoka	dobovala
dobovati	-ovati	visoka	dobovalo
dobovati	-ovati	visoka	dobovali
dobovati	-ovati	visoka	dobovale
dobovati	-ovati	visoka	dobuj
dobovati	-ovati	visoka	dobujte
dodijavati	-ati/-eti (obrazac NEPOZNAT: nema oblika prezenta u rečniku)	odluči ti	dodijavala
dodijavati	-ati/-eti (obrazac NEPOZNAT: nema oblika prezenta u rečniku)	odluči ti	dodijavalo
dodijavati	-ati/-eti (obrazac NEPOZNAT: nema oblika prezenta u rečniku)	odluči ti	dodijavali
dodijavati	-ati/-eti (obrazac NEPOZNAT: nema oblika prezenta u rečniku)	odluči ti	dodijavale
dodvoravati	-ati/-eti (obrazac -am, pročitan iz rečnika)	visoka	dodvoravaš
dodvoravati	-ati/-eti (obrazac -am, pročitan iz rečnika)	visoka	dodvoravamo
dodvoravati	-ati/-eti (obrazac -am, pročitan iz rečnika)	visoka	dodvoravate
dodvoravati	-ati/-eti (obrazac -am, pročitan iz rečnika)	visoka	dodvoravaju
dodvoravati	-ati/-eti (obrazac -am, pročitan iz rečnika)	visoka	dodvoravaj
dodvoravati	-ati/-eti (obrazac -am, pročitan iz rečnika)	visoka	dodvoravajte
dodvoravati	-ati/-eti (obrazac -am, pročitan iz rečnika)	visoka	dodvoravao
dodvoravati	-ati/-eti (obrazac -am, pročitan iz rečnika)	visoka	dodvoravala
dodvoravati	-ati/-eti (obrazac -am, pročitan iz rečnika)	visoka	dodvoravalo
dodvoravati	-ati/-eti (obrazac -am, pročitan iz rečnika)	visoka	dodvoravali
dodvoravati	-ati/-eti (obrazac -am, pročitan iz rečnika)	visoka	dodvoravale
dodvoriti	-iti	visoka	dodvorim
dodvoriti	-iti	visoka	dodvoriš
dodvoriti	-iti	visoka	dodvorimo
dodvoriti	-iti	visoka	dodvorite
dodvoriti	-iti	visoka	dodvorila
dodvoriti	-iti	visoka	dodvorilo
dodvoriti	-iti	visoka	dodvorile
dogegati	-ati/-eti (obrazac NEPOZNAT: nema oblika prezenta u rečniku)	odluči ti	dogegala
dogegati	-ati/-eti (obrazac NEPOZNAT: nema oblika prezenta u rečniku)	odluči ti	dogegalo
dogegati	-ati/-eti (obrazac NEPOZNAT: nema oblika prezenta u rečniku)	odluči ti	dogegali
dogegati	-ati/-eti (obrazac NEPOZNAT: nema oblika prezenta u rečniku)	odluči ti	dogegale
dogoniti	-iti	visoka	dogoniš
dogoniti	-iti	visoka	dogoni
dogoniti	-iti	visoka	dogonimo
dogoniti	-iti	visoka	dogonite
dogoniti	-iti	visoka	dogonila
dogoniti	-iti	visoka	dogonilo
dogoniti	-iti	visoka	dogonile
dograđivati	-ati/-eti (obrazac NEPOZNAT: nema oblika prezenta u rečniku)	odluči ti	dograđivala
dograđivati	-ati/-eti (obrazac NEPOZNAT: nema oblika prezenta u rečniku)	odluči ti	dograđivalo
dograđivati	-ati/-eti (obrazac NEPOZNAT: nema oblika prezenta u rečniku)	odluči ti	dograđivale
dohakati	-ati/-eti (obrazac NEPOZNAT: nema oblika prezenta u rečniku)	odluči ti	dohakala
dohakati	-ati/-eti (obrazac NEPOZNAT: nema oblika prezenta u rečniku)	odluči ti	dohakalo
dohakati	-ati/-eti (obrazac NEPOZNAT: nema oblika prezenta u rečniku)	odluči ti	dohakale
dokonati	-ati/-eti (obrazac -im, pročitan iz rečnika)	visoka	dokoniš
dokonati	-ati/-eti (obrazac -im, pročitan iz rečnika)	visoka	dokonimo
dokonati	-ati/-eti (obrazac -im, pročitan iz rečnika)	visoka	dokonite
dokonati	-ati/-eti (obrazac -im, pročitan iz rečnika)	visoka	dokonao
dokonati	-ati/-eti (obrazac -im, pročitan iz rečnika)	visoka	dokonala
dokonati	-ati/-eti (obrazac -im, pročitan iz rečnika)	visoka	dokonalo
dokonati	-ati/-eti (obrazac -im, pročitan iz rečnika)	visoka	dokonale
dokotrljati	-ati/-eti (obrazac NEPOZNAT: nema oblika prezenta u rečniku)	odluči ti	dokotrljalo
dokotrljati	-ati/-eti (obrazac NEPOZNAT: nema oblika prezenta u rečniku)	odluči ti	dokotrljali
dokotrljati	-ati/-eti (obrazac NEPOZNAT: nema oblika prezenta u rečniku)	odluči ti	dokotrljale
dokoturati	-ati/-eti (obrazac NEPOZNAT: nema oblika prezenta u rečniku)	odluči ti	dokoturala
dokoturati	-ati/-eti (obrazac NEPOZNAT: nema oblika prezenta u rečniku)	odluči ti	dokoturalo
dokoturati	-ati/-eti (obrazac NEPOZNAT: nema oblika prezenta u rečniku)	odluči ti	dokoturali
dokoturati	-ati/-eti (obrazac NEPOZNAT: nema oblika prezenta u rečniku)	odluči ti	dokoturale
doktorirati	-irati	visoka	doktoriram
doktorirati	-irati	visoka	doktoriraš
doktorirati	-irati	visoka	doktoriramo
doktorirati	-irati	visoka	doktorirate
doktorirati	-irati	visoka	doktoriraju
doktorirati	-irati	visoka	doktoriralo
doktorirati	-irati	visoka	doktorirale
doktorirati	-irati	visoka	doktoriraj
doktorirati	-irati	visoka	doktorirajte
dokupiti	-iti	visoka	dokupim
dokupiti	-iti	visoka	dokupiš
dokupiti	-iti	visoka	dokupi
dokupiti	-iti	visoka	dokupimo
dokupiti	-iti	visoka	dokupite
dokupiti	-iti	visoka	dokupe
dokupiti	-iti	visoka	dokupila
dokupiti	-iti	visoka	dokupilo
dokupiti	-iti	visoka	dokupili
dokupiti	-iti	visoka	dokupile
dokusuriti	-iti	visoka	dokusuriš
dokusuriti	-iti	visoka	dokusuri
dokusuriti	-iti	visoka	dokusurite
dokusuriti	-iti	visoka	dokusure
dokusuriti	-iti	visoka	dokusurio
dokusuriti	-iti	visoka	dokusurila
dokusuriti	-iti	visoka	dokusurilo
dokusuriti	-iti	visoka	dokusurile
doleti	-eti	proveri	dolim
doleti	-eti	proveri	doliš
doleti	-eti	proveri	doli
doleti	-eti	proveri	dolimo
doleti	-eti	proveri	dolite
doleti	-eti	proveri	doleo
doleti	-eti	proveri	dolela
doleti	-eti	proveri	dolelo
doleti	-eti	proveri	doleli
doleti	-eti	proveri	dolele
dolikovati	-ovati	visoka	dolikujem
dolikovati	-ovati	visoka	dolikuješ
dolikovati	-ovati	visoka	dolikujemo
dolikovati	-ovati	visoka	dolikujete
dolikovati	-ovati	visoka	dolikovali
dolikovati	-ovati	visoka	dolikovale
dolikovati	-ovati	visoka	dolikuj
dolikovati	-ovati	visoka	dolikujte
doliti	-iti	visoka	dolim
doliti	-iti	visoka	doliš
doliti	-iti	visoka	doli
doliti	-iti	visoka	dolimo
doliti	-iti	visoka	dolite
doliti	-iti	visoka	dolila
doliti	-iti	visoka	dolilo
doliti	-iti	visoka	dolili
doliti	-iti	visoka	dolile
domamiti	-iti	visoka	domamim
domamiti	-iti	visoka	domamiš
domamiti	-iti	visoka	domamimo
domamiti	-iti	visoka	domamite
domamiti	-iti	visoka	domame
domamiti	-iti	visoka	domamila
domamiti	-iti	visoka	domamile
domašiti	-iti	visoka	domašim
domašiti	-iti	visoka	domašiš
domašiti	-iti	visoka	domašimo
domašiti	-iti	visoka	domašite
domašiti	-iti	visoka	domaše
domašiti	-iti	visoka	domašila
domašiti	-iti	visoka	domašilo
domašiti	-iti	visoka	domašili
domašiti	-iti	visoka	domašile
dometnuti	-nuti	visoka	dometnem
dometnuti	-nuti	visoka	dometneš
dometnuti	-nuti	visoka	dometnemo
dometnuti	-nuti	visoka	dometnete
dometnuti	-nuti	visoka	dometnula
dometnuti	-nuti	visoka	dometnulo
dometnuti	-nuti	visoka	dometnuli
dometnuti	-nuti	visoka	dometnule
dometnuti	-nuti	visoka	dometnite
domisliti	-iti	visoka	domislim
domisliti	-iti	visoka	domisliš
domisliti	-iti	visoka	domislimo
domisliti	-iti	visoka	domisle
domisliti	-iti	visoka	domislila
domisliti	-iti	visoka	domislilo
domisliti	-iti	visoka	domislili
domisliti	-iti	visoka	domislile
dopirati	-irati	visoka	dopiram
dopirati	-irati	visoka	dopiraš
dopirati	-irati	visoka	dopira
dopirati	-irati	visoka	dopiramo
dopirati	-irati	visoka	dopirate
dopirati	-irati	visoka	dopiraju
dopirati	-irati	visoka	dopiraj
dopirati	-irati	visoka	dopirajte
dopremati	-ati/-eti (obrazac NEPOZNAT: nema oblika prezenta u rečniku)	odluči ti	dopremao
dopremati	-ati/-eti (obrazac NEPOZNAT: nema oblika prezenta u rečniku)	odluči ti	dopremalo
dopremati	-ati/-eti (obrazac NEPOZNAT: nema oblika prezenta u rečniku)	odluči ti	dopremale
dopreti	-eti	proveri	doprim
dopreti	-eti	proveri	dopriš
dopreti	-eti	proveri	doprimo
dopreti	-eti	proveri	doprite
dopreti	-eti	proveri	doprelo
dopreti	-eti	proveri	dopreli
dopreti	-eti	proveri	doprele
dopunjavati	-ati/-eti (obrazac -am, pročitan iz rečnika)	visoka	dopunjavaš
dopunjavati	-ati/-eti (obrazac -am, pročitan iz rečnika)	visoka	dopunjavamo
dopunjavati	-ati/-eti (obrazac -am, pročitan iz rečnika)	visoka	dopunjavate
dopunjavati	-ati/-eti (obrazac -am, pročitan iz rečnika)	visoka	dopunjavaj
dopunjavati	-ati/-eti (obrazac -am, pročitan iz rečnika)	visoka	dopunjavajte
dopunjavati	-ati/-eti (obrazac -am, pročitan iz rečnika)	visoka	dopunjavalo
dopunjavati	-ati/-eti (obrazac -am, pročitan iz rečnika)	visoka	dopunjavali
dopunjavati	-ati/-eti (obrazac -am, pročitan iz rečnika)	visoka	dopunjavale
dopuzati	-ati/-eti (obrazac NEPOZNAT: nema oblika prezenta u rečniku)	odluči ti	dopuzalo
dopuzati	-ati/-eti (obrazac NEPOZNAT: nema oblika prezenta u rečniku)	odluči ti	dopuzali
dopuzati	-ati/-eti (obrazac NEPOZNAT: nema oblika prezenta u rečniku)	odluči ti	dopuzale
dorađivati	-ati/-eti (obrazac NEPOZNAT: nema oblika prezenta u rečniku)	odluči ti	dorađivala
dorađivati	-ati/-eti (obrazac NEPOZNAT: nema oblika prezenta u rečniku)	odluči ti	dorađivalo
dorađivati	-ati/-eti (obrazac NEPOZNAT: nema oblika prezenta u rečniku)	odluči ti	dorađivali
dorađivati	-ati/-eti (obrazac NEPOZNAT: nema oblika prezenta u rečniku)	odluči ti	dorađivale
doseti	-eti	proveri	dosim
doseti	-eti	proveri	dosiš
doseti	-eti	proveri	dosi
doseti	-eti	proveri	dosimo
doseti	-eti	proveri	dosite
doseti	-eti	proveri	dose
doseti	-eti	proveri	doseo
doseti	-eti	proveri	dosela
doseti	-eti	proveri	doselo
dosećati	-ati/-eti (obrazac NEPOZNAT: nema oblika prezenta u rečniku)	odluči ti	dosećala
dosećati	-ati/-eti (obrazac NEPOZNAT: nema oblika prezenta u rečniku)	odluči ti	dosećalo
dosećati	-ati/-eti (obrazac NEPOZNAT: nema oblika prezenta u rečniku)	odluči ti	dosećali
dosećati	-ati/-eti (obrazac NEPOZNAT: nema oblika prezenta u rečniku)	odluči ti	dosećale
dosipati	-ati/-eti (obrazac NEPOZNAT: nema oblika prezenta u rečniku)	odluči ti	dosipala
dosipati	-ati/-eti (obrazac NEPOZNAT: nema oblika prezenta u rečniku)	odluči ti	dosipalo
dosipati	-ati/-eti (obrazac NEPOZNAT: nema oblika prezenta u rečniku)	odluči ti	dosipali
dosipati	-ati/-eti (obrazac NEPOZNAT: nema oblika prezenta u rečniku)	odluči ti	dosipale
dosuditi	-iti	visoka	dosudim
dosuditi	-iti	visoka	dosudiš
dosuditi	-iti	visoka	dosudimo
dosuditi	-iti	visoka	dosudite
dosuditi	-iti	visoka	dosude
dosuditi	-iti	visoka	dosudilo
dosuditi	-iti	visoka	dosudile
dotirati	-irati	visoka	dotiram
dotirati	-irati	visoka	dotiraš
dotirati	-irati	visoka	dotiramo
dotirati	-irati	visoka	dotirate
dotirati	-irati	visoka	dotiraju
dotirati	-irati	visoka	dotirao
dotirati	-irati	visoka	dotirala
dotirati	-irati	visoka	dotiralo
dotirati	-irati	visoka	dotirali
dotirati	-irati	visoka	dotirale
dotirati	-irati	visoka	dotiraj
dotirati	-irati	visoka	dotirajte
doturati	-ati/-eti (obrazac -im, pročitan iz rečnika)	visoka	doturiš
doturati	-ati/-eti (obrazac -im, pročitan iz rečnika)	visoka	doturimo
doturati	-ati/-eti (obrazac -im, pročitan iz rečnika)	visoka	doturite
doturati	-ati/-eti (obrazac -im, pročitan iz rečnika)	visoka	doturala
doturati	-ati/-eti (obrazac -im, pročitan iz rečnika)	visoka	doturalo
doturati	-ati/-eti (obrazac -im, pročitan iz rečnika)	visoka	doturali
doturati	-ati/-eti (obrazac -im, pročitan iz rečnika)	visoka	doturale
doturiti	-iti	visoka	doturiš
doturiti	-iti	visoka	doturimo
doturiti	-iti	visoka	doturite
doturiti	-iti	visoka	doturila
doturiti	-iti	visoka	doturilo
doturiti	-iti	visoka	doturili
doturiti	-iti	visoka	doturile
dovaljati	-ati/-eti (obrazac NEPOZNAT: nema oblika prezenta u rečniku)	odluči ti	dovaljala
dovaljati	-ati/-eti (obrazac NEPOZNAT: nema oblika prezenta u rečniku)	odluči ti	dovaljalo
dovaljati	-ati/-eti (obrazac NEPOZNAT: nema oblika prezenta u rečniku)	odluči ti	dovaljali
dovaljati	-ati/-eti (obrazac NEPOZNAT: nema oblika prezenta u rečniku)	odluči ti	dovaljale
dovijati	-ati/-eti (obrazac -am, pročitan iz rečnika)	visoka	dovijam
dovijati	-ati/-eti (obrazac -am, pročitan iz rečnika)	visoka	dovijamo
dovijati	-ati/-eti (obrazac -am, pročitan iz rečnika)	visoka	dovijate
dovijati	-ati/-eti (obrazac -am, pročitan iz rečnika)	visoka	dovijaju
dovijati	-ati/-eti (obrazac -am, pročitan iz rečnika)	visoka	dovijaj
dovijati	-ati/-eti (obrazac -am, pročitan iz rečnika)	visoka	dovijajte
dovijati	-ati/-eti (obrazac -am, pročitan iz rečnika)	visoka	dovijala
dovijati	-ati/-eti (obrazac -am, pročitan iz rečnika)	visoka	dovijalo
dovijati	-ati/-eti (obrazac -am, pročitan iz rečnika)	visoka	dovijali
dovijati	-ati/-eti (obrazac -am, pročitan iz rečnika)	visoka	dovijale
dovikivati	-ati/-eti (obrazac NEPOZNAT: nema oblika prezenta u rečniku)	odluči ti	dovikivalo
dovikivati	-ati/-eti (obrazac NEPOZNAT: nema oblika prezenta u rečniku)	odluči ti	dovikivali
dovikivati	-ati/-eti (obrazac NEPOZNAT: nema oblika prezenta u rečniku)	odluči ti	dovikivale
doviknuti	-nuti	visoka	doviknem
doviknuti	-nuti	visoka	dovikneš
doviknuti	-nuti	visoka	doviknemo
doviknuti	-nuti	visoka	doviknete
doviknuti	-nuti	visoka	doviknulo
doviknuti	-nuti	visoka	doviknuli
doviknuti	-nuti	visoka	doviknule
doviknuti	-nuti	visoka	dovikni
doviknuti	-nuti	visoka	doviknite
doviti	-iti	visoka	dovim
doviti	-iti	visoka	doviš
doviti	-iti	visoka	dovi
doviti	-iti	visoka	dovimo
doviti	-iti	visoka	dovite
doviti	-iti	visoka	dove
doviti	-iti	visoka	dovio
doviti	-iti	visoka	dovila
doviti	-iti	visoka	dovilo
doviti	-iti	visoka	dovili
doviti	-iti	visoka	dovile
dozidati	-ati/-eti (obrazac NEPOZNAT: nema oblika prezenta u rečniku)	odluči ti	dozidala
dozidati	-ati/-eti (obrazac NEPOZNAT: nema oblika prezenta u rečniku)	odluči ti	dozidalo
dozidati	-ati/-eti (obrazac NEPOZNAT: nema oblika prezenta u rečniku)	odluči ti	dozidali
dozidati	-ati/-eti (obrazac NEPOZNAT: nema oblika prezenta u rečniku)	odluči ti	dozidale
dozirati	-irati	visoka	doziram
dozirati	-irati	visoka	doziraš
dozirati	-irati	visoka	doziramo
dozirati	-irati	visoka	doziraju
dozirati	-irati	visoka	dozirala
dozirati	-irati	visoka	doziralo
dozirati	-irati	visoka	dozirali
dozirati	-irati	visoka	dozirale
dozirati	-irati	visoka	doziraj
dozirati	-irati	visoka	dozirajte
dozlogrditi	-iti	visoka	dozlogrdim
dozlogrditi	-iti	visoka	dozlogrdiš
dozlogrditi	-iti	visoka	dozlogrdi
dozlogrditi	-iti	visoka	dozlogrdimo
dozlogrditi	-iti	visoka	dozlogrdite
dozlogrditi	-iti	visoka	dozlogrde
dozlogrditi	-iti	visoka	dozlogrdila
dozlogrditi	-iti	visoka	dozlogrdili
dozlogrditi	-iti	visoka	dozlogrdile
doznavati	-ati/-eti (obrazac NEPOZNAT: nema oblika prezenta u rečniku)	odluči ti	doznavala
doznavati	-ati/-eti (obrazac NEPOZNAT: nema oblika prezenta u rečniku)	odluči ti	doznavalo
doznavati	-ati/-eti (obrazac NEPOZNAT: nema oblika prezenta u rečniku)	odluči ti	doznavale
dozreti	-eti	proveri	dozrim
dozreti	-eti	proveri	dozriš
dozreti	-eti	proveri	dozri
dozreti	-eti	proveri	dozrimo
dozreti	-eti	proveri	dozrite
dozreti	-eti	proveri	dozre
dozreti	-eti	proveri	dozrelo
dozrevati	-ati/-eti (obrazac NEPOZNAT: nema oblika prezenta u rečniku)	odluči ti	dozrevala
dozrevati	-ati/-eti (obrazac NEPOZNAT: nema oblika prezenta u rečniku)	odluči ti	dozrevalo
dozrevati	-ati/-eti (obrazac NEPOZNAT: nema oblika prezenta u rečniku)	odluči ti	dozrevali
dozrevati	-ati/-eti (obrazac NEPOZNAT: nema oblika prezenta u rečniku)	odluči ti	dozrevale
dočitati	-ati/-eti (obrazac NEPOZNAT: nema oblika prezenta u rečniku)	odluči ti	dočitala
dočitati	-ati/-eti (obrazac NEPOZNAT: nema oblika prezenta u rečniku)	odluči ti	dočitalo
dočitati	-ati/-eti (obrazac NEPOZNAT: nema oblika prezenta u rečniku)	odluči ti	dočitali
dočitati	-ati/-eti (obrazac NEPOZNAT: nema oblika prezenta u rečniku)	odluči ti	dočitale
došapnuti	-nuti	visoka	došapneš
došapnuti	-nuti	visoka	došapne
došapnuti	-nuti	visoka	došapnemo
došapnuti	-nuti	visoka	došapnete
došapnuti	-nuti	visoka	došapnu
došapnuti	-nuti	visoka	došapnula
došapnuti	-nuti	visoka	došapnulo
došapnuti	-nuti	visoka	došapnuli
došapnuti	-nuti	visoka	došapnule
došapnuti	-nuti	visoka	došapni
došapnuti	-nuti	visoka	došapnite
došaptavati	-ati/-eti (obrazac NEPOZNAT: nema oblika prezenta u rečniku)	odluči ti	došaptavala
došaptavati	-ati/-eti (obrazac NEPOZNAT: nema oblika prezenta u rečniku)	odluči ti	došaptavali
došaptavati	-ati/-eti (obrazac NEPOZNAT: nema oblika prezenta u rečniku)	odluči ti	došaptavale
došetati	-ati/-eti (obrazac NEPOZNAT: nema oblika prezenta u rečniku)	odluči ti	došetalo
došetati	-ati/-eti (obrazac NEPOZNAT: nema oblika prezenta u rečniku)	odluči ti	došetali
došetati	-ati/-eti (obrazac NEPOZNAT: nema oblika prezenta u rečniku)	odluči ti	došetale
došunjati	-ati/-eti (obrazac NEPOZNAT: nema oblika prezenta u rečniku)	odluči ti	došunjala
došunjati	-ati/-eti (obrazac NEPOZNAT: nema oblika prezenta u rečniku)	odluči ti	došunjalo
došunjati	-ati/-eti (obrazac NEPOZNAT: nema oblika prezenta u rečniku)	odluči ti	došunjali
došunjati	-ati/-eti (obrazac NEPOZNAT: nema oblika prezenta u rečniku)	odluči ti	došunjale
dramatizovati	-ovati	visoka	dramatizujem
dramatizovati	-ovati	visoka	dramatizujete
dramatizovati	-ovati	visoka	dramatizovao
dramatizovati	-ovati	visoka	dramatizovala
dramatizovati	-ovati	visoka	dramatizovalo
dramatizovati	-ovati	visoka	dramatizovali
dramatizovati	-ovati	visoka	dramatizovale
dramatizovati	-ovati	visoka	dramatizujte
drečati	-ati/-eti (obrazac NEPOZNAT: nema oblika prezenta u rečniku)	odluči ti	drečalo
drečati	-ati/-eti (obrazac NEPOZNAT: nema oblika prezenta u rečniku)	odluči ti	drečali
drečati	-ati/-eti (obrazac NEPOZNAT: nema oblika prezenta u rečniku)	odluči ti	drečale
drešiti	-iti	visoka	drešim
drešiti	-iti	visoka	drešiš
drešiti	-iti	visoka	drešimo
drešiti	-iti	visoka	drešite
drešiti	-iti	visoka	dreše
drešiti	-iti	visoka	drešila
drešiti	-iti	visoka	drešilo
drešiti	-iti	visoka	drešili
dreždati	-ati/-eti (obrazac NEPOZNAT: nema oblika prezenta u rečniku)	odluči ti	dreždala
dreždati	-ati/-eti (obrazac NEPOZNAT: nema oblika prezenta u rečniku)	odluči ti	dreždalo
dreždati	-ati/-eti (obrazac NEPOZNAT: nema oblika prezenta u rečniku)	odluči ti	dreždali
dreždati	-ati/-eti (obrazac NEPOZNAT: nema oblika prezenta u rečniku)	odluči ti	dreždale
drpati	-ati/-eti (obrazac NEPOZNAT: nema oblika prezenta u rečniku)	odluči ti	drpao
drpati	-ati/-eti (obrazac NEPOZNAT: nema oblika prezenta u rečniku)	odluči ti	drpala
drpati	-ati/-eti (obrazac NEPOZNAT: nema oblika prezenta u rečniku)	odluči ti	drpalo
drpati	-ati/-eti (obrazac NEPOZNAT: nema oblika prezenta u rečniku)	odluči ti	drpali
drpati	-ati/-eti (obrazac NEPOZNAT: nema oblika prezenta u rečniku)	odluči ti	drpale
drugovati	-ovati	visoka	drugujem
drugovati	-ovati	visoka	druguješ
drugovati	-ovati	visoka	drugujete
drugovati	-ovati	visoka	drugovala
drugovati	-ovati	visoka	drugovalo
drugovati	-ovati	visoka	drugovale
drugovati	-ovati	visoka	druguj
drugovati	-ovati	visoka	drugujte
duljati	-ati/-eti (obrazac -im, pročitan iz rečnika)	visoka	duljiš
duljati	-ati/-eti (obrazac -im, pročitan iz rečnika)	visoka	duljimo
duljati	-ati/-eti (obrazac -im, pročitan iz rečnika)	visoka	duljite
duljati	-ati/-eti (obrazac -im, pročitan iz rečnika)	visoka	duljao
duljati	-ati/-eti (obrazac -im, pročitan iz rečnika)	visoka	duljala
duljati	-ati/-eti (obrazac -im, pročitan iz rečnika)	visoka	duljalo
duljati	-ati/-eti (obrazac -im, pročitan iz rečnika)	visoka	duljali
duljati	-ati/-eti (obrazac -im, pročitan iz rečnika)	visoka	duljale
duljiti	-iti	visoka	duljiš
duljiti	-iti	visoka	duljimo
duljiti	-iti	visoka	duljite
duljiti	-iti	visoka	duljio
duljiti	-iti	visoka	duljila
duljiti	-iti	visoka	duljilo
duljiti	-iti	visoka	duljili
duljiti	-iti	visoka	duljile
dužati	-ati/-eti (obrazac NEPOZNAT: protivrečni oblici: em/im)	odluči ti	dužao
dužati	-ati/-eti (obrazac NEPOZNAT: protivrečni oblici: em/im)	odluči ti	dužala
dužati	-ati/-eti (obrazac NEPOZNAT: protivrečni oblici: em/im)	odluči ti	dužalo
dužati	-ati/-eti (obrazac NEPOZNAT: protivrečni oblici: em/im)	odluči ti	dužali
dužati	-ati/-eti (obrazac NEPOZNAT: protivrečni oblici: em/im)	odluči ti	dužale
dvojiti	-iti	visoka	dvojiš
dvojiti	-iti	visoka	dvojimo
dvojiti	-iti	visoka	dvojite
dvojiti	-iti	visoka	dvojio
dvojiti	-iti	visoka	dvojila
dvojiti	-iti	visoka	dvojili
dvojiti	-iti	visoka	dvojile
džonjati	-ati/-eti (obrazac -am, pročitan iz rečnika)	visoka	džonjaš
džonjati	-ati/-eti (obrazac -am, pročitan iz rečnika)	visoka	džonjamo
džonjati	-ati/-eti (obrazac -am, pročitan iz rečnika)	visoka	džonjate
džonjati	-ati/-eti (obrazac -am, pročitan iz rečnika)	visoka	džonjaj
džonjati	-ati/-eti (obrazac -am, pročitan iz rečnika)	visoka	džonjajte
džonjati	-ati/-eti (obrazac -am, pročitan iz rečnika)	visoka	džonjao
džonjati	-ati/-eti (obrazac -am, pročitan iz rečnika)	visoka	džonjala
džonjati	-ati/-eti (obrazac -am, pročitan iz rečnika)	visoka	džonjalo
džonjati	-ati/-eti (obrazac -am, pročitan iz rečnika)	visoka	džonjale
edukovati	-ovati	visoka	edukuješ
edukovati	-ovati	visoka	edukujemo
edukovati	-ovati	visoka	edukujete
edukovati	-ovati	visoka	edukovao
edukovati	-ovati	visoka	edukovala
edukovati	-ovati	visoka	edukovalo
edukovati	-ovati	visoka	edukovali
edukovati	-ovati	visoka	edukovale
edukovati	-ovati	visoka	edukuj
edukovati	-ovati	visoka	edukujte
egzistirati	-irati	visoka	egzistiram
egzistirati	-irati	visoka	egzistiraš
egzistirati	-irati	visoka	egzistiramo
egzistirati	-irati	visoka	egzistirate
egzistirati	-irati	visoka	egzistiraju
egzistirati	-irati	visoka	egzistirala
egzistirati	-irati	visoka	egzistiralo
egzistirati	-irati	visoka	egzistirali
egzistirati	-irati	visoka	egzistirale
egzistirati	-irati	visoka	egzistiraj
egzistirati	-irati	visoka	egzistirajte
ekshumirati	-irati	visoka	ekshumiram
ekshumirati	-irati	visoka	ekshumiraš
ekshumirati	-irati	visoka	ekshumirate
ekshumirati	-irati	visoka	ekshumiraju
ekshumirati	-irati	visoka	ekshumirala
ekshumirati	-irati	visoka	ekshumiralo
ekshumirati	-irati	visoka	ekshumirale
ekshumirati	-irati	visoka	ekshumiraj
ekshumirati	-irati	visoka	ekshumirajte
ekspedirati	-irati	visoka	ekspediram
ekspedirati	-irati	visoka	ekspediraš
ekspedirati	-irati	visoka	ekspediramo
ekspedirati	-irati	visoka	ekspedirate
ekspedirati	-irati	visoka	ekspediraju
ekspedirati	-irati	visoka	ekspedirao
ekspedirati	-irati	visoka	ekspedirala
ekspedirati	-irati	visoka	ekspediralo
ekspedirati	-irati	visoka	ekspedirali
ekspedirati	-irati	visoka	ekspedirale
ekspedirati	-irati	visoka	ekspediraj
ekspedirati	-irati	visoka	ekspedirajte
ekspedovati	-ovati	visoka	ekspedujem
ekspedovati	-ovati	visoka	ekspeduješ
ekspedovati	-ovati	visoka	ekspedujemo
ekspedovati	-ovati	visoka	ekspedujete
ekspedovati	-ovati	visoka	ekspeduju
ekspedovati	-ovati	visoka	ekspedovao
ekspedovati	-ovati	visoka	ekspedovala
ekspedovati	-ovati	visoka	ekspedovalo
ekspedovati	-ovati	visoka	ekspedovali
ekspedovati	-ovati	visoka	ekspedovale
ekspedovati	-ovati	visoka	ekspeduj
ekspedovati	-ovati	visoka	ekspedujte
eksploatisati	-ati/-eti (obrazac NEPOZNAT: nema oblika prezenta u rečniku)	odluči ti	eksploatisala
eksploatisati	-ati/-eti (obrazac NEPOZNAT: nema oblika prezenta u rečniku)	odluči ti	eksploatisalo
eksploatisati	-ati/-eti (obrazac NEPOZNAT: nema oblika prezenta u rečniku)	odluči ti	eksploatisale
elektrizirati	-irati	visoka	elektriziram
elektrizirati	-irati	visoka	elektriziraš
elektrizirati	-irati	visoka	elektriziramo
elektrizirati	-irati	visoka	elektrizirate
elektrizirati	-irati	visoka	elektriziraju
elektrizirati	-irati	visoka	elektrizirao
elektrizirati	-irati	visoka	elektrizirala
elektrizirati	-irati	visoka	elektriziralo
elektrizirati	-irati	visoka	elektrizirali
elektrizirati	-irati	visoka	elektrizirale
elektrizirati	-irati	visoka	elektriziraj
elektrizirati	-irati	visoka	elektrizirajte
emirati	-irati	visoka	emiram
emirati	-irati	visoka	emiraš
emirati	-irati	visoka	emiramo
emirati	-irati	visoka	emiraju
emirati	-irati	visoka	emirao
emirati	-irati	visoka	emirala
emirati	-irati	visoka	emiralo
emirati	-irati	visoka	emirali
emirati	-irati	visoka	emirale
emirati	-irati	visoka	emiraj
emirati	-irati	visoka	emirajte
erodirati	-irati	visoka	erodiram
erodirati	-irati	visoka	erodiraš
erodirati	-irati	visoka	erodiramo
erodirati	-irati	visoka	erodirate
erodirati	-irati	visoka	erodiraju
erodirati	-irati	visoka	erodirao
erodirati	-irati	visoka	erodirala
erodirati	-irati	visoka	erodiralo
erodirati	-irati	visoka	erodirale
erodirati	-irati	visoka	erodiraj
erodirati	-irati	visoka	erodirajte
eruptirati	-irati	visoka	eruptiram
eruptirati	-irati	visoka	eruptiraš
eruptirati	-irati	visoka	eruptiramo
eruptirati	-irati	visoka	eruptirate
eruptirati	-irati	visoka	eruptirala
eruptirati	-irati	visoka	eruptiralo
eruptirati	-irati	visoka	eruptirali
eruptirati	-irati	visoka	eruptirale
eruptirati	-irati	visoka	eruptiraj
eruptirati	-irati	visoka	eruptirajte
etiketirati	-irati	visoka	etiketiram
etiketirati	-irati	visoka	etiketiraš
etiketirati	-irati	visoka	etiketiramo
etiketirati	-irati	visoka	etiketirate
etiketirati	-irati	visoka	etiketirao
etiketirati	-irati	visoka	etiketirala
etiketirati	-irati	visoka	etiketiralo
etiketirati	-irati	visoka	etiketirali
etiketirati	-irati	visoka	etiketirale
etiketirati	-irati	visoka	etiketiraj
etiketirati	-irati	visoka	etiketirajte
evidentirati	-irati	visoka	evidentiram
evidentirati	-irati	visoka	evidentiraš
evidentirati	-irati	visoka	evidentiramo
evidentirati	-irati	visoka	evidentirate
evidentirati	-irati	visoka	evidentiraju
evidentirati	-irati	visoka	evidentirao
evidentirati	-irati	visoka	evidentirala
evidentirati	-irati	visoka	evidentiralo
evidentirati	-irati	visoka	evidentirali
evidentirati	-irati	visoka	evidentirale
evidentirati	-irati	visoka	evidentiraj
evidentirati	-irati	visoka	evidentirajte
evocirati	-irati	visoka	evociram
evocirati	-irati	visoka	evociraš
evocirati	-irati	visoka	evociramo
evocirati	-irati	visoka	evocirate
evocirati	-irati	visoka	evociralo
evocirati	-irati	visoka	evocirali
evocirati	-irati	visoka	evocirale
evocirati	-irati	visoka	evociraj
evocirati	-irati	visoka	evocirajte
fabrikovati	-ovati	visoka	fabrikujem
fabrikovati	-ovati	visoka	fabrikujemo
fabrikovati	-ovati	visoka	fabrikujete
fabrikovati	-ovati	visoka	fabrikovao
fabrikovati	-ovati	visoka	fabrikovala
fabrikovati	-ovati	visoka	fabrikovalo
fabrikovati	-ovati	visoka	fabrikovali
fabrikovati	-ovati	visoka	fabrikovale
fabrikovati	-ovati	visoka	fabrikuj
fabrikovati	-ovati	visoka	fabrikujte
faksirati	-irati	visoka	faksiram
faksirati	-irati	visoka	faksiraš
faksirati	-irati	visoka	faksiramo
faksirati	-irati	visoka	faksirate
faksirati	-irati	visoka	faksiraju
faksirati	-irati	visoka	faksiralo
faksirati	-irati	visoka	faksirali
faksirati	-irati	visoka	faksirale
faksirati	-irati	visoka	faksirajte
falsificirati	-irati	visoka	falsificiram
falsificirati	-irati	visoka	falsificiraš
falsificirati	-irati	visoka	falsificiramo
falsificirati	-irati	visoka	falsificirate
falsificirati	-irati	visoka	falsificiraju
falsificirati	-irati	visoka	falsificirao
falsificirati	-irati	visoka	falsificirala
falsificirati	-irati	visoka	falsificiralo
falsificirati	-irati	visoka	falsificirali
falsificirati	-irati	visoka	falsificirale
falsificirati	-irati	visoka	falsificiraj
falsificirati	-irati	visoka	falsificirajte
falsifikati	-ati/-eti (obrazac NEPOZNAT: nema oblika prezenta u rečniku)	odluči ti	falsifikao
falsifikati	-ati/-eti (obrazac NEPOZNAT: nema oblika prezenta u rečniku)	odluči ti	falsifikala
falsifikati	-ati/-eti (obrazac NEPOZNAT: nema oblika prezenta u rečniku)	odluči ti	falsifikalo
falsifikati	-ati/-eti (obrazac NEPOZNAT: nema oblika prezenta u rečniku)	odluči ti	falsifikali
falsifikati	-ati/-eti (obrazac NEPOZNAT: nema oblika prezenta u rečniku)	odluči ti	falsifikale
faulirati	-irati	visoka	fauliram
faulirati	-irati	visoka	fauliraš
faulirati	-irati	visoka	faulira
faulirati	-irati	visoka	fauliramo
faulirati	-irati	visoka	faulirate
faulirati	-irati	visoka	fauliraju
faulirati	-irati	visoka	faulirala
faulirati	-irati	visoka	fauliralo
faulirati	-irati	visoka	faulirali
faulirati	-irati	visoka	faulirale
faulirati	-irati	visoka	fauliraj
faulirati	-irati	visoka	faulirajte
favorizovati	-ovati	visoka	favorizuješ
favorizovati	-ovati	visoka	favorizujemo
favorizovati	-ovati	visoka	favorizujete
favorizovati	-ovati	visoka	favorizovao
favorizovati	-ovati	visoka	favorizovala
favorizovati	-ovati	visoka	favorizovalo
favorizovati	-ovati	visoka	favorizovali
favorizovati	-ovati	visoka	favorizovale
favorizovati	-ovati	visoka	favorizuj
favorizovati	-ovati	visoka	favorizujte
filozofirati	-irati	visoka	filozofiram
filozofirati	-irati	visoka	filozofiramo
filozofirati	-irati	visoka	filozofirate
filozofirati	-irati	visoka	filozofiraju
filozofirati	-irati	visoka	filozofirao
filozofirati	-irati	visoka	filozofirala
filozofirati	-irati	visoka	filozofiralo
filozofirati	-irati	visoka	filozofirali
filozofirati	-irati	visoka	filozofirale
filozofirati	-irati	visoka	filozofiraj
filozofirati	-irati	visoka	filozofirajte
filtrirati	-irati	visoka	filtriraš
filtrirati	-irati	visoka	filtriramo
filtrirati	-irati	visoka	filtrirao
filtrirati	-irati	visoka	filtrirala
filtrirati	-irati	visoka	filtriralo
filtrirati	-irati	visoka	filtrirali
filtrirati	-irati	visoka	filtrirale
filtrirati	-irati	visoka	filtrirajte
flertati	-ati/-eti (obrazac NEPOZNAT: nema oblika prezenta u rečniku)	odluči ti	flertao
flertati	-ati/-eti (obrazac NEPOZNAT: nema oblika prezenta u rečniku)	odluči ti	flertala
flertati	-ati/-eti (obrazac NEPOZNAT: nema oblika prezenta u rečniku)	odluči ti	flertalo
flertati	-ati/-eti (obrazac NEPOZNAT: nema oblika prezenta u rečniku)	odluči ti	flertali
flertati	-ati/-eti (obrazac NEPOZNAT: nema oblika prezenta u rečniku)	odluči ti	flertale
formulirati	-irati	visoka	formuliram
formulirati	-irati	visoka	formuliraš
formulirati	-irati	visoka	formuliramo
formulirati	-irati	visoka	formulirate
formulirati	-irati	visoka	formuliraju
formulirati	-irati	visoka	formulirao
formulirati	-irati	visoka	formulirala
formulirati	-irati	visoka	formuliralo
formulirati	-irati	visoka	formulirali
formulirati	-irati	visoka	formulirale
formulirati	-irati	visoka	formuliraj
formulirati	-irati	visoka	formulirajte
fotkati	-ati/-eti (obrazac NEPOZNAT: nema oblika prezenta u rečniku)	odluči ti	fotkala
fotkati	-ati/-eti (obrazac NEPOZNAT: nema oblika prezenta u rečniku)	odluči ti	fotkalo
fotkati	-ati/-eti (obrazac NEPOZNAT: nema oblika prezenta u rečniku)	odluči ti	fotkali
fotkati	-ati/-eti (obrazac NEPOZNAT: nema oblika prezenta u rečniku)	odluči ti	fotkale
fotokopirati	-irati	visoka	fotokopiraš
fotokopirati	-irati	visoka	fotokopiramo
fotokopirati	-irati	visoka	fotokopirate
fotokopirati	-irati	visoka	fotokopiraju
fotokopirati	-irati	visoka	fotokopirala
fotokopirati	-irati	visoka	fotokopiralo
fotokopirati	-irati	visoka	fotokopirali
fotokopirati	-irati	visoka	fotokopirale
fotokopirati	-irati	visoka	fotokopiraj
fotokopirati	-irati	visoka	fotokopirajte
frizirati	-irati	visoka	friziram
frizirati	-irati	visoka	friziramo
frizirati	-irati	visoka	frizirate
frizirati	-irati	visoka	friziraju
frizirati	-irati	visoka	frizirala
frizirati	-irati	visoka	friziralo
frizirati	-irati	visoka	frizirali
frizirati	-irati	visoka	frizirale
frizirati	-irati	visoka	friziraj
frizirati	-irati	visoka	frizirajte
fundirati	-irati	visoka	fundiram
fundirati	-irati	visoka	fundiraš
fundirati	-irati	visoka	fundiramo
fundirati	-irati	visoka	fundirate
fundirati	-irati	visoka	fundirao
fundirati	-irati	visoka	fundirala
fundirati	-irati	visoka	fundiralo
fundirati	-irati	visoka	fundirali
fundirati	-irati	visoka	fundirale
fundirati	-irati	visoka	fundiraj
fundirati	-irati	visoka	fundirajte
fućkati	-ati/-eti (obrazac -am, pročitan iz rečnika)	visoka	fućkamo
fućkati	-ati/-eti (obrazac -am, pročitan iz rečnika)	visoka	fućkate
fućkati	-ati/-eti (obrazac -am, pročitan iz rečnika)	visoka	fućkaju
fućkati	-ati/-eti (obrazac -am, pročitan iz rečnika)	visoka	fućkaj
fućkati	-ati/-eti (obrazac -am, pročitan iz rečnika)	visoka	fućkajte
fućkati	-ati/-eti (obrazac -am, pročitan iz rečnika)	visoka	fućkao
fućkati	-ati/-eti (obrazac -am, pročitan iz rečnika)	visoka	fućkala
fućkati	-ati/-eti (obrazac -am, pročitan iz rečnika)	visoka	fućkalo
fućkati	-ati/-eti (obrazac -am, pročitan iz rečnika)	visoka	fućkali
fućkati	-ati/-eti (obrazac -am, pročitan iz rečnika)	visoka	fućkale
gacati	-ati/-eti (obrazac -am, pročitan iz rečnika)	visoka	gaca
gacati	-ati/-eti (obrazac -am, pročitan iz rečnika)	visoka	gacamo
gacati	-ati/-eti (obrazac -am, pročitan iz rečnika)	visoka	gacate
gacati	-ati/-eti (obrazac -am, pročitan iz rečnika)	visoka	gacaju
gacati	-ati/-eti (obrazac -am, pročitan iz rečnika)	visoka	gacaj
gacati	-ati/-eti (obrazac -am, pročitan iz rečnika)	visoka	gacajte
gacati	-ati/-eti (obrazac -am, pročitan iz rečnika)	visoka	gacao
gacati	-ati/-eti (obrazac -am, pročitan iz rečnika)	visoka	gacala
gacati	-ati/-eti (obrazac -am, pročitan iz rečnika)	visoka	gacalo
gacati	-ati/-eti (obrazac -am, pročitan iz rečnika)	visoka	gacale
galopirati	-irati	visoka	galopiraš
galopirati	-irati	visoka	galopiramo
galopirati	-irati	visoka	galopirate
galopirati	-irati	visoka	galopirao
galopirati	-irati	visoka	galopirala
galopirati	-irati	visoka	galopiralo
galopirati	-irati	visoka	galopirale
galopirati	-irati	visoka	galopiraj
galopirati	-irati	visoka	galopirajte
ganuti	-nuti	visoka	ganem
ganuti	-nuti	visoka	ganeš
ganuti	-nuti	visoka	gane
ganuti	-nuti	visoka	ganemo
ganuti	-nuti	visoka	ganete
ganuti	-nuti	visoka	ganu
ganuti	-nuti	visoka	ganuli
ganuti	-nuti	visoka	ganule
ganuti	-nuti	visoka	gani
ganuti	-nuti	visoka	ganite
garaviti	-iti	visoka	garaviš
garaviti	-iti	visoka	garavimo
garaviti	-iti	visoka	garavite
garaviti	-iti	visoka	garavio
garaviti	-iti	visoka	garavila
garaviti	-iti	visoka	garavilo
garaviti	-iti	visoka	garavili
garaviti	-iti	visoka	garavile
garnirati	-irati	visoka	garniram
garnirati	-irati	visoka	garniraš
garnirati	-irati	visoka	garniramo
garnirati	-irati	visoka	garnirate
garnirati	-irati	visoka	garniraju
garnirati	-irati	visoka	garnirao
garnirati	-irati	visoka	garnirala
garnirati	-irati	visoka	garniralo
garnirati	-irati	visoka	garnirali
garnirati	-irati	visoka	garnirale
garnirati	-irati	visoka	garniraj
gegati	-ati/-eti (obrazac NEPOZNAT: nema oblika prezenta u rečniku)	odluči ti	gegala
gegati	-ati/-eti (obrazac NEPOZNAT: nema oblika prezenta u rečniku)	odluči ti	gegalo
gegati	-ati/-eti (obrazac NEPOZNAT: nema oblika prezenta u rečniku)	odluči ti	gegali
gegati	-ati/-eti (obrazac NEPOZNAT: nema oblika prezenta u rečniku)	odluči ti	gegale
gladneti	-eti	proveri	gladniš
gladneti	-eti	proveri	gladnimo
gladneti	-eti	proveri	gladnite
gladneti	-eti	proveri	gladnela
gladneti	-eti	proveri	gladnelo
gladneti	-eti	proveri	gladneli
gladneti	-eti	proveri	gladnele
glasoviti	-iti	visoka	glasovim
glasoviti	-iti	visoka	glasoviš
glasoviti	-iti	visoka	glasovimo
glasoviti	-iti	visoka	glasovio
glasoviti	-iti	visoka	glasovila
glasoviti	-iti	visoka	glasovilo
glasoviti	-iti	visoka	glasovili
glasoviti	-iti	visoka	glasovile
glupeti	-eti	proveri	glupiš
glupeti	-eti	proveri	glupimo
glupeti	-eti	proveri	glupite
glupeti	-eti	proveri	glupeo
glupeti	-eti	proveri	glupela
glupeti	-eti	proveri	glupelo
glupeti	-eti	proveri	glupeli
glupeti	-eti	proveri	glupele
gluveti	-eti	proveri	gluviš
gluveti	-eti	proveri	gluvimo
gluveti	-eti	proveri	gluvite
gluveti	-eti	proveri	gluveo
gluveti	-eti	proveri	gluvela
gluveti	-eti	proveri	gluvelo
gluveti	-eti	proveri	gluveli
gluveti	-eti	proveri	gluvele
gnezditi	-iti	visoka	gnezdim
gnezditi	-iti	visoka	gnezdiš
gnezditi	-iti	visoka	gnezdimo
gnezditi	-iti	visoka	gnezdite
gnezditi	-iti	visoka	gnezdila
gnezditi	-iti	visoka	gnezdilo
gnezditi	-iti	visoka	gnezdili
gnjileti	-eti	proveri	gnjiliš
gnjileti	-eti	proveri	gnjilimo
gnjileti	-eti	proveri	gnjilite
gnjileti	-eti	proveri	gnjileo
gnjileti	-eti	proveri	gnjilela
gnjileti	-eti	proveri	gnjilelo
gnjileti	-eti	proveri	gnjileli
gnjileti	-eti	proveri	gnjilele
gnjurati	-ati/-eti (obrazac -am, pročitan iz rečnika)	visoka	gnjuraš
gnjurati	-ati/-eti (obrazac -am, pročitan iz rečnika)	visoka	gnjuramo
gnjurati	-ati/-eti (obrazac -am, pročitan iz rečnika)	visoka	gnjurate
gnjurati	-ati/-eti (obrazac -am, pročitan iz rečnika)	visoka	gnjuraj
gnjurati	-ati/-eti (obrazac -am, pročitan iz rečnika)	visoka	gnjurajte
gnjurati	-ati/-eti (obrazac -am, pročitan iz rečnika)	visoka	gnjurala
gnjurati	-ati/-eti (obrazac -am, pročitan iz rečnika)	visoka	gnjuralo
gnjurati	-ati/-eti (obrazac -am, pročitan iz rečnika)	visoka	gnjurale
gnjuriti	-iti	visoka	gnjurim
gnjuriti	-iti	visoka	gnjuriš
gnjuriti	-iti	visoka	gnjuri
gnjuriti	-iti	visoka	gnjurimo
gnjuriti	-iti	visoka	gnjurite
gnjuriti	-iti	visoka	gnjure
gnjuriti	-iti	visoka	gnjurio
gnjuriti	-iti	visoka	gnjurila
gnjuriti	-iti	visoka	gnjurilo
gnjuriti	-iti	visoka	gnjurili
gnjuriti	-iti	visoka	gnjurile
gnojiti	-iti	visoka	gnojim
gnojiti	-iti	visoka	gnojiš
gnojiti	-iti	visoka	gnojimo
gnojiti	-iti	visoka	gnojite
gnojiti	-iti	visoka	gnoje
gnojiti	-iti	visoka	gnojio
gnojiti	-iti	visoka	gnojila
gnojiti	-iti	visoka	gnojilo
gnojiti	-iti	visoka	gnojili
gnojiti	-iti	visoka	gnojile
goleti	-eti	proveri	goliš
goleti	-eti	proveri	golimo
goleti	-eti	proveri	golite
goleti	-eti	proveri	goleo
goleti	-eti	proveri	golela
goleti	-eti	proveri	golelo
goleti	-eti	proveri	goleli
goleti	-eti	proveri	golele
gonetati	-ati/-eti (obrazac -am, pročitan iz rečnika)	visoka	gonetaš
gonetati	-ati/-eti (obrazac -am, pročitan iz rečnika)	visoka	gonetamo
gonetati	-ati/-eti (obrazac -am, pročitan iz rečnika)	visoka	gonetate
gonetati	-ati/-eti (obrazac -am, pročitan iz rečnika)	visoka	gonetaju
gonetati	-ati/-eti (obrazac -am, pročitan iz rečnika)	visoka	gonetaj
gonetati	-ati/-eti (obrazac -am, pročitan iz rečnika)	visoka	gonetajte
gonetati	-ati/-eti (obrazac -am, pročitan iz rečnika)	visoka	gonetao
gonetati	-ati/-eti (obrazac -am, pročitan iz rečnika)	visoka	gonetala
gonetati	-ati/-eti (obrazac -am, pročitan iz rečnika)	visoka	gonetale
graktati	-ati/-eti (obrazac NEPOZNAT: nema oblika prezenta u rečniku)	odluči ti	graktala
graktati	-ati/-eti (obrazac NEPOZNAT: nema oblika prezenta u rečniku)	odluči ti	graktalo
graktati	-ati/-eti (obrazac NEPOZNAT: nema oblika prezenta u rečniku)	odluči ti	graktali
gravirati	-irati	visoka	graviram
gravirati	-irati	visoka	graviraš
gravirati	-irati	visoka	graviramo
gravirati	-irati	visoka	gravirate
gravirati	-irati	visoka	graviraju
gravirati	-irati	visoka	gravirao
gravirati	-irati	visoka	gravirala
gravirati	-irati	visoka	graviralo
gravirati	-irati	visoka	gravirali
gravirati	-irati	visoka	gravirale
gravirati	-irati	visoka	graviraj
gravirati	-irati	visoka	gravirajte
grbaviti	-iti	visoka	grbaviš
grbaviti	-iti	visoka	grbavimo
grbaviti	-iti	visoka	grbavite
grbaviti	-iti	visoka	grbavio
grbaviti	-iti	visoka	grbavila
grbaviti	-iti	visoka	grbavilo
grbaviti	-iti	visoka	grbavili
grbaviti	-iti	visoka	grbavile
grbiti	-iti	visoka	grbim
grbiti	-iti	visoka	grbiš
grbiti	-iti	visoka	grbimo
grbiti	-iti	visoka	grbite
grbiti	-iti	visoka	grbila
grbiti	-iti	visoka	grbilo
grbiti	-iti	visoka	grbili
grbiti	-iti	visoka	grbile
griskati	-ati/-eti (obrazac NEPOZNAT: nema oblika prezenta u rečniku)	odluči ti	griskala
griskati	-ati/-eti (obrazac NEPOZNAT: nema oblika prezenta u rečniku)	odluči ti	griskalo
griskati	-ati/-eti (obrazac NEPOZNAT: nema oblika prezenta u rečniku)	odluči ti	griskali
griskati	-ati/-eti (obrazac NEPOZNAT: nema oblika prezenta u rečniku)	odluči ti	griskale
grubeti	-eti	proveri	grubiš
grubeti	-eti	proveri	grubimo
grubeti	-eti	proveri	grubite
grubeti	-eti	proveri	grubeo
grubeti	-eti	proveri	grubelo
grubeti	-eti	proveri	grubeli
grubeti	-eti	proveri	grubele
grudvati	-ati/-eti (obrazac NEPOZNAT: nema oblika prezenta u rečniku)	odluči ti	grudvala
grudvati	-ati/-eti (obrazac NEPOZNAT: nema oblika prezenta u rečniku)	odluči ti	grudvalo
grudvati	-ati/-eti (obrazac NEPOZNAT: nema oblika prezenta u rečniku)	odluči ti	grudvale
gucnuti	-nuti	visoka	gucneš
gucnuti	-nuti	visoka	gucnemo
gucnuti	-nuti	visoka	gucnete
gucnuti	-nuti	visoka	gucnu
gucnuti	-nuti	visoka	gucnula
gucnuti	-nuti	visoka	gucnulo
gucnuti	-nuti	visoka	gucnuli
gucnuti	-nuti	visoka	gucnule
gucnuti	-nuti	visoka	gucnite
gugutati	-ati/-eti (obrazac NEPOZNAT: nema oblika prezenta u rečniku)	odluči ti	gugutala
gugutati	-ati/-eti (obrazac NEPOZNAT: nema oblika prezenta u rečniku)	odluči ti	gugutalo
gugutati	-ati/-eti (obrazac NEPOZNAT: nema oblika prezenta u rečniku)	odluči ti	gugutali
gugutati	-ati/-eti (obrazac NEPOZNAT: nema oblika prezenta u rečniku)	odluči ti	gugutale
guriti	-iti	visoka	gurim
guriti	-iti	visoka	guriš
guriti	-iti	visoka	guri
guriti	-iti	visoka	gurimo
guriti	-iti	visoka	gurite
guriti	-iti	visoka	gure
guriti	-iti	visoka	gurila
guriti	-iti	visoka	gurilo
guriti	-iti	visoka	gurili
guriti	-iti	visoka	gurile
gurkati	-ati/-eti (obrazac NEPOZNAT: nema oblika prezenta u rečniku)	odluči ti	gurkala
gurkati	-ati/-eti (obrazac NEPOZNAT: nema oblika prezenta u rečniku)	odluči ti	gurkalo
gurkati	-ati/-eti (obrazac NEPOZNAT: nema oblika prezenta u rečniku)	odluči ti	gurkali
gurkati	-ati/-eti (obrazac NEPOZNAT: nema oblika prezenta u rečniku)	odluči ti	gurkale
gužvati	-ati/-eti (obrazac -am, pročitan iz rečnika)	visoka	gužvam
gužvati	-ati/-eti (obrazac -am, pročitan iz rečnika)	visoka	gužvamo
gužvati	-ati/-eti (obrazac -am, pročitan iz rečnika)	visoka	gužvate
gužvati	-ati/-eti (obrazac -am, pročitan iz rečnika)	visoka	gužvaj
gužvati	-ati/-eti (obrazac -am, pročitan iz rečnika)	visoka	gužvajte
gužvati	-ati/-eti (obrazac -am, pročitan iz rečnika)	visoka	gužvala
gužvati	-ati/-eti (obrazac -am, pročitan iz rečnika)	visoka	gužvalo
gužvati	-ati/-eti (obrazac -am, pročitan iz rečnika)	visoka	gužvali
gužvati	-ati/-eti (obrazac -am, pročitan iz rečnika)	visoka	gužvale
hajati	-ati/-eti (obrazac -em, pročitan iz rečnika)	visoka	hajem
hajati	-ati/-eti (obrazac -em, pročitan iz rečnika)	visoka	haje
hajati	-ati/-eti (obrazac -em, pročitan iz rečnika)	visoka	hajemo
hajati	-ati/-eti (obrazac -em, pročitan iz rečnika)	visoka	hajete
hajati	-ati/-eti (obrazac -em, pročitan iz rečnika)	visoka	haju
hajati	-ati/-eti (obrazac -em, pročitan iz rečnika)	visoka	haji
hajati	-ati/-eti (obrazac -em, pročitan iz rečnika)	visoka	hajite
hajati	-ati/-eti (obrazac -em, pročitan iz rečnika)	visoka	hajala
hajati	-ati/-eti (obrazac -em, pročitan iz rečnika)	visoka	hajalo
hajati	-ati/-eti (obrazac -em, pročitan iz rečnika)	visoka	hajale
hajdukovati	-ovati	visoka	hajdukujem
hajdukovati	-ovati	visoka	hajdukujemo
hajdukovati	-ovati	visoka	hajdukujete
hajdukovati	-ovati	visoka	hajdukovala
hajdukovati	-ovati	visoka	hajdukovalo
hajdukovati	-ovati	visoka	hajdukovali
hajdukovati	-ovati	visoka	hajdukovale
hajdukovati	-ovati	visoka	hajdukuj
hajdukovati	-ovati	visoka	hajdukujte
haknuti	-nuti	visoka	hakneš
haknuti	-nuti	visoka	hakne
haknuti	-nuti	visoka	haknemo
haknuti	-nuti	visoka	haknete
haknuti	-nuti	visoka	haknu
haknuti	-nuti	visoka	haknuo
haknuti	-nuti	visoka	haknula
haknuti	-nuti	visoka	haknulo
haknuti	-nuti	visoka	haknuli
haknuti	-nuti	visoka	haknule
haknuti	-nuti	visoka	hakni
haknuti	-nuti	visoka	haknite
haliti	-iti	visoka	hališ
haliti	-iti	visoka	hali
haliti	-iti	visoka	halimo
haliti	-iti	visoka	halite
haliti	-iti	visoka	halio
haliti	-iti	visoka	halilo
haliti	-iti	visoka	halili
harangirati	-irati	visoka	harangiram
harangirati	-irati	visoka	harangiramo
harangirati	-irati	visoka	harangirate
harangirati	-irati	visoka	harangiraju
harangirati	-irati	visoka	harangirao
harangirati	-irati	visoka	harangirala
harangirati	-irati	visoka	harangiralo
harangirati	-irati	visoka	harangirali
harangirati	-irati	visoka	harangirale
harangirati	-irati	visoka	harangiraj
harangirati	-irati	visoka	harangirajte
heklati	-ati/-eti (obrazac -am, pročitan iz rečnika)	visoka	heklaš
heklati	-ati/-eti (obrazac -am, pročitan iz rečnika)	visoka	heklamo
heklati	-ati/-eti (obrazac -am, pročitan iz rečnika)	visoka	heklate
heklati	-ati/-eti (obrazac -am, pročitan iz rečnika)	visoka	heklaju
heklati	-ati/-eti (obrazac -am, pročitan iz rečnika)	visoka	heklaj
heklati	-ati/-eti (obrazac -am, pročitan iz rečnika)	visoka	heklajte
heklati	-ati/-eti (obrazac -am, pročitan iz rečnika)	visoka	heklao
heklati	-ati/-eti (obrazac -am, pročitan iz rečnika)	visoka	heklala
heklati	-ati/-eti (obrazac -am, pročitan iz rečnika)	visoka	heklalo
heklati	-ati/-eti (obrazac -am, pročitan iz rečnika)	visoka	heklali
heklati	-ati/-eti (obrazac -am, pročitan iz rečnika)	visoka	heklale
heklovati	-ovati	visoka	heklujem
heklovati	-ovati	visoka	hekluješ
heklovati	-ovati	visoka	heklujemo
heklovati	-ovati	visoka	heklujete
heklovati	-ovati	visoka	hekluju
heklovati	-ovati	visoka	heklovao
heklovati	-ovati	visoka	heklovala
heklovati	-ovati	visoka	heklovalo
heklovati	-ovati	visoka	heklovali
heklovati	-ovati	visoka	heklovale
heklovati	-ovati	visoka	hekluj
heklovati	-ovati	visoka	heklujte
hrvati	-ati/-eti (obrazac NEPOZNAT: nema oblika prezenta u rečniku)	odluči ti	hrvala
hrvati	-ati/-eti (obrazac NEPOZNAT: nema oblika prezenta u rečniku)	odluči ti	hrvalo
hrvati	-ati/-eti (obrazac NEPOZNAT: nema oblika prezenta u rečniku)	odluči ti	hrvale
huditi	-iti	visoka	hudiš
huditi	-iti	visoka	hudi
huditi	-iti	visoka	hudimo
huditi	-iti	visoka	hudite
huditi	-iti	visoka	hude
huditi	-iti	visoka	hudio
huditi	-iti	visoka	hudila
huditi	-iti	visoka	hudilo
huditi	-iti	visoka	hudili
huditi	-iti	visoka	hudile
hujati	-ati/-eti (obrazac NEPOZNAT: nema oblika prezenta u rečniku)	odluči ti	hujala
hujati	-ati/-eti (obrazac NEPOZNAT: nema oblika prezenta u rečniku)	odluči ti	hujalo
hujati	-ati/-eti (obrazac NEPOZNAT: nema oblika prezenta u rečniku)	odluči ti	hujali
hujati	-ati/-eti (obrazac NEPOZNAT: nema oblika prezenta u rečniku)	odluči ti	hujale
huktati	-ati/-eti (obrazac NEPOZNAT: nema oblika prezenta u rečniku)	odluči ti	huktala
huktati	-ati/-eti (obrazac NEPOZNAT: nema oblika prezenta u rečniku)	odluči ti	huktalo
huktati	-ati/-eti (obrazac NEPOZNAT: nema oblika prezenta u rečniku)	odluči ti	huktali
huktati	-ati/-eti (obrazac NEPOZNAT: nema oblika prezenta u rečniku)	odluči ti	huktale
humanizovati	-ovati	visoka	humanizujem
humanizovati	-ovati	visoka	humanizuješ
humanizovati	-ovati	visoka	humanizujemo
humanizovati	-ovati	visoka	humanizujete
humanizovati	-ovati	visoka	humanizuju
humanizovati	-ovati	visoka	humanizovao
humanizovati	-ovati	visoka	humanizovala
humanizovati	-ovati	visoka	humanizovalo
humanizovati	-ovati	visoka	humanizovali
humanizovati	-ovati	visoka	humanizovale
humanizovati	-ovati	visoka	humanizuj
humanizovati	-ovati	visoka	humanizujte
implodirati	-irati	visoka	implodiram
implodirati	-irati	visoka	implodiraš
implodirati	-irati	visoka	implodiramo
implodirati	-irati	visoka	implodirate
implodirati	-irati	visoka	implodiraju
implodirati	-irati	visoka	implodirao
implodirati	-irati	visoka	implodirala
implodirati	-irati	visoka	implodiralo
implodirati	-irati	visoka	implodirali
implodirati	-irati	visoka	implodirale
implodirati	-irati	visoka	implodiraj
implodirati	-irati	visoka	implodirajte
impregnirati	-irati	visoka	impregniram
impregnirati	-irati	visoka	impregniraš
impregnirati	-irati	visoka	impregniramo
impregnirati	-irati	visoka	impregnirate
impregnirati	-irati	visoka	impregniraju
impregnirati	-irati	visoka	impregnirao
impregnirati	-irati	visoka	impregnirala
impregnirati	-irati	visoka	impregniralo
impregnirati	-irati	visoka	impregnirali
impregnirati	-irati	visoka	impregnirale
impregnirati	-irati	visoka	impregniraj
impregnirati	-irati	visoka	impregnirajte
indicirati	-irati	visoka	indiciram
indicirati	-irati	visoka	indiciraš
indicirati	-irati	visoka	indiciramo
indicirati	-irati	visoka	indicirate
indicirati	-irati	visoka	indicirao
indicirati	-irati	visoka	indicirala
indicirati	-irati	visoka	indiciralo
indicirati	-irati	visoka	indicirale
indicirati	-irati	visoka	indiciraj
indicirati	-irati	visoka	indicirajte
indukovati	-ovati	visoka	indukujem
indukovati	-ovati	visoka	indukuješ
indukovati	-ovati	visoka	indukujemo
indukovati	-ovati	visoka	indukujete
indukovati	-ovati	visoka	indukuju
indukovati	-ovati	visoka	indukovao
indukovati	-ovati	visoka	indukovala
indukovati	-ovati	visoka	indukovalo
indukovati	-ovati	visoka	indukovali
indukovati	-ovati	visoka	indukovale
indukovati	-ovati	visoka	indukuj
indukovati	-ovati	visoka	indukujte
inkasirati	-irati	visoka	inkasiram
inkasirati	-irati	visoka	inkasiraš
inkasirati	-irati	visoka	inkasira
inkasirati	-irati	visoka	inkasiramo
inkasirati	-irati	visoka	inkasirate
inkasirati	-irati	visoka	inkasiraju
inkasirati	-irati	visoka	inkasirala
inkasirati	-irati	visoka	inkasirale
inkasirati	-irati	visoka	inkasiraj
inkasirati	-irati	visoka	inkasirajte
inovirati	-irati	visoka	inoviram
inovirati	-irati	visoka	inoviraš
inovirati	-irati	visoka	inoviramo
inovirati	-irati	visoka	inovirate
inovirati	-irati	visoka	inovirao
inovirati	-irati	visoka	inovirala
inovirati	-irati	visoka	inoviralo
inovirati	-irati	visoka	inovirali
inovirati	-irati	visoka	inovirale
inovirati	-irati	visoka	inoviraj
inovirati	-irati	visoka	inovirajte
insinuirati	-irati	visoka	insinuiramo
insinuirati	-irati	visoka	insinuiraju
insinuirati	-irati	visoka	insinuirala
insinuirati	-irati	visoka	insinuiralo
insinuirati	-irati	visoka	insinuirali
insinuirati	-irati	visoka	insinuirale
insinuirati	-irati	visoka	insinuiraj
insinuirati	-irati	visoka	insinuirajte
integrisati	-ati/-eti (obrazac NEPOZNAT: nema oblika prezenta u rečniku)	odluči ti	integrisala
integrisati	-ati/-eti (obrazac NEPOZNAT: nema oblika prezenta u rečniku)	odluči ti	integrisalo
integrisati	-ati/-eti (obrazac NEPOZNAT: nema oblika prezenta u rečniku)	odluči ti	integrisali
integrisati	-ati/-eti (obrazac NEPOZNAT: nema oblika prezenta u rečniku)	odluči ti	integrisale
interpretirati	-irati	visoka	interpretiram
interpretirati	-irati	visoka	interpretiraš
interpretirati	-irati	visoka	interpretiramo
interpretirati	-irati	visoka	interpretirate
interpretirati	-irati	visoka	interpretirao
interpretirati	-irati	visoka	interpretirala
interpretirati	-irati	visoka	interpretiralo
interpretirati	-irati	visoka	interpretirale
interpretirati	-irati	visoka	interpretiraj
interpretirati	-irati	visoka	interpretirajte
intervjuirati	-irati	visoka	intervjuiraš
intervjuirati	-irati	visoka	intervjuira
intervjuirati	-irati	visoka	intervjuiramo
intervjuirati	-irati	visoka	intervjuirate
intervjuirati	-irati	visoka	intervjuiraju
intervjuirati	-irati	visoka	intervjuirala
intervjuirati	-irati	visoka	intervjuiralo
intervjuirati	-irati	visoka	intervjuirali
intervjuirati	-irati	visoka	intervjuirale
intervjuirati	-irati	visoka	intervjuiraj
intervjuirati	-irati	visoka	intervjuirajte
intonirati	-irati	visoka	intoniram
intonirati	-irati	visoka	intoniraš
intonirati	-irati	visoka	intoniramo
intonirati	-irati	visoka	intonirate
intonirati	-irati	visoka	intonirao
intonirati	-irati	visoka	intoniralo
intonirati	-irati	visoka	intonirali
intonirati	-irati	visoka	intonirale
intonirati	-irati	visoka	intoniraj
intonirati	-irati	visoka	intonirajte
intrigirati	-irati	visoka	intrigiram
intrigirati	-irati	visoka	intrigiraš
intrigirati	-irati	visoka	intrigiramo
intrigirati	-irati	visoka	intrigirate
intrigirati	-irati	visoka	intrigirala
intrigirati	-irati	visoka	intrigiralo
intrigirati	-irati	visoka	intrigirali
intrigirati	-irati	visoka	intrigirale
intrigirati	-irati	visoka	intrigiraj
intrigirati	-irati	visoka	intrigirajte
intubirati	-irati	visoka	intubiraš
intubirati	-irati	visoka	intubira
intubirati	-irati	visoka	intubirate
intubirati	-irati	visoka	intubiraju
intubirati	-irati	visoka	intubirao
intubirati	-irati	visoka	intubirala
intubirati	-irati	visoka	intubiralo
intubirati	-irati	visoka	intubirale
intubirati	-irati	visoka	intubiraj
ironisati	-ati/-eti (obrazac NEPOZNAT: nema oblika prezenta u rečniku)	odluči ti	ironisala
ironisati	-ati/-eti (obrazac NEPOZNAT: nema oblika prezenta u rečniku)	odluči ti	ironisalo
ironisati	-ati/-eti (obrazac NEPOZNAT: nema oblika prezenta u rečniku)	odluči ti	ironisale
iscepkati	-ati/-eti (obrazac -am, pročitan iz rečnika)	visoka	iscepkaš
iscepkati	-ati/-eti (obrazac -am, pročitan iz rečnika)	visoka	iscepka
iscepkati	-ati/-eti (obrazac -am, pročitan iz rečnika)	visoka	iscepkamo
iscepkati	-ati/-eti (obrazac -am, pročitan iz rečnika)	visoka	iscepkate
iscepkati	-ati/-eti (obrazac -am, pročitan iz rečnika)	visoka	iscepkaju
iscepkati	-ati/-eti (obrazac -am, pročitan iz rečnika)	visoka	iscepkaj
iscepkati	-ati/-eti (obrazac -am, pročitan iz rečnika)	visoka	iscepkajte
iscepkati	-ati/-eti (obrazac -am, pročitan iz rečnika)	visoka	iscepkao
iscepkati	-ati/-eti (obrazac -am, pročitan iz rečnika)	visoka	iscepkalo
iscepkati	-ati/-eti (obrazac -am, pročitan iz rečnika)	visoka	iscepkali
iscepkati	-ati/-eti (obrazac -am, pročitan iz rečnika)	visoka	iscepkale
ishlapeti	-eti	proveri	ishlapim
ishlapeti	-eti	proveri	ishlapiš
ishlapeti	-eti	proveri	ishlapi
ishlapeti	-eti	proveri	ishlapimo
ishlapeti	-eti	proveri	ishlapite
ishlapeti	-eti	proveri	ishlape
ishlapeti	-eti	proveri	ishlapeo
ishlapeti	-eti	proveri	ishlapela
ishlapeti	-eti	proveri	ishlapelo
ishlapeti	-eti	proveri	ishlapeli
ishlapeti	-eti	proveri	ishlapele
isijavati	-ati/-eti (obrazac -am, pročitan iz rečnika)	visoka	isijavaš
isijavati	-ati/-eti (obrazac -am, pročitan iz rečnika)	visoka	isijavamo
isijavati	-ati/-eti (obrazac -am, pročitan iz rečnika)	visoka	isijavate
isijavati	-ati/-eti (obrazac -am, pročitan iz rečnika)	visoka	isijavaj
isijavati	-ati/-eti (obrazac -am, pročitan iz rečnika)	visoka	isijavajte
isijavati	-ati/-eti (obrazac -am, pročitan iz rečnika)	visoka	isijavalo
isijavati	-ati/-eti (obrazac -am, pročitan iz rečnika)	visoka	isijavali
isijavati	-ati/-eti (obrazac -am, pročitan iz rečnika)	visoka	isijavale
isisavati	-ati/-eti (obrazac -am, pročitan iz rečnika)	visoka	isisavamo
isisavati	-ati/-eti (obrazac -am, pročitan iz rečnika)	visoka	isisavate
isisavati	-ati/-eti (obrazac -am, pročitan iz rečnika)	visoka	isisavaj
isisavati	-ati/-eti (obrazac -am, pročitan iz rečnika)	visoka	isisavajte
isisavati	-ati/-eti (obrazac -am, pročitan iz rečnika)	visoka	isisavala
isisavati	-ati/-eti (obrazac -am, pročitan iz rečnika)	visoka	isisavalo
isisavati	-ati/-eti (obrazac -am, pročitan iz rečnika)	visoka	isisavali
isisavati	-ati/-eti (obrazac -am, pročitan iz rečnika)	visoka	isisavale
isitniti	-iti	visoka	isitnim
isitniti	-iti	visoka	isitniš
isitniti	-iti	visoka	isitnimo
isitniti	-iti	visoka	isitne
isitniti	-iti	visoka	isitnila
isitniti	-iti	visoka	isitnilo
isitniti	-iti	visoka	isitnili
isitniti	-iti	visoka	isitnile
iskaljivati	-ati/-eti (obrazac NEPOZNAT: nema oblika prezenta u rečniku)	odluči ti	iskaljivala
iskaljivati	-ati/-eti (obrazac NEPOZNAT: nema oblika prezenta u rečniku)	odluči ti	iskaljivalo
iskaljivati	-ati/-eti (obrazac NEPOZNAT: nema oblika prezenta u rečniku)	odluči ti	iskaljivale
iskapati	-ati/-eti (obrazac NEPOZNAT: nema oblika prezenta u rečniku)	odluči ti	iskapao
iskapati	-ati/-eti (obrazac NEPOZNAT: nema oblika prezenta u rečniku)	odluči ti	iskapala
iskapati	-ati/-eti (obrazac NEPOZNAT: nema oblika prezenta u rečniku)	odluči ti	iskapalo
iskapati	-ati/-eti (obrazac NEPOZNAT: nema oblika prezenta u rečniku)	odluči ti	iskapali
iskapiti	-iti	visoka	iskapim
iskapiti	-iti	visoka	iskapiš
iskapiti	-iti	visoka	iskapimo
iskapiti	-iti	visoka	iskapite
iskapiti	-iti	visoka	iskape
iskapiti	-iti	visoka	iskapila
iskapiti	-iti	visoka	iskapilo
iskapiti	-iti	visoka	iskapile
iskati	-ati/-eti (obrazac -am, pročitan iz rečnika)	visoka	iskaš
iskati	-ati/-eti (obrazac -am, pročitan iz rečnika)	visoka	iskamo
iskati	-ati/-eti (obrazac -am, pročitan iz rečnika)	visoka	iskate
iskati	-ati/-eti (obrazac -am, pročitan iz rečnika)	visoka	iskaju
iskati	-ati/-eti (obrazac -am, pročitan iz rečnika)	visoka	iskaj
iskati	-ati/-eti (obrazac -am, pročitan iz rečnika)	visoka	iskajte
iskati	-ati/-eti (obrazac -am, pročitan iz rečnika)	visoka	iskalo
iskati	-ati/-eti (obrazac -am, pročitan iz rečnika)	visoka	iskale
iskašljati	-ati/-eti (obrazac NEPOZNAT: nema oblika prezenta u rečniku)	odluči ti	iskašljalo
iskašljati	-ati/-eti (obrazac NEPOZNAT: nema oblika prezenta u rečniku)	odluči ti	iskašljali
iskašljati	-ati/-eti (obrazac NEPOZNAT: nema oblika prezenta u rečniku)	odluči ti	iskašljale
iskeziti	-iti	visoka	iskezim
iskeziti	-iti	visoka	iskeziš
iskeziti	-iti	visoka	iskezimo
iskeziti	-iti	visoka	iskezite
iskeziti	-iti	visoka	iskeze
iskeziti	-iti	visoka	iskezila
iskeziti	-iti	visoka	iskezilo
iskeziti	-iti	visoka	iskezili
iskeziti	-iti	visoka	iskezile
iskijati	-ati/-eti (obrazac -am, pročitan iz rečnika)	visoka	iskijam
iskijati	-ati/-eti (obrazac -am, pročitan iz rečnika)	visoka	iskija
iskijati	-ati/-eti (obrazac -am, pročitan iz rečnika)	visoka	iskijamo
iskijati	-ati/-eti (obrazac -am, pročitan iz rečnika)	visoka	iskijate
iskijati	-ati/-eti (obrazac -am, pročitan iz rečnika)	visoka	iskijaju
iskijati	-ati/-eti (obrazac -am, pročitan iz rečnika)	visoka	iskijaj
iskijati	-ati/-eti (obrazac -am, pročitan iz rečnika)	visoka	iskijajte
iskijati	-ati/-eti (obrazac -am, pročitan iz rečnika)	visoka	iskijala
iskijati	-ati/-eti (obrazac -am, pročitan iz rečnika)	visoka	iskijalo
iskijati	-ati/-eti (obrazac -am, pročitan iz rečnika)	visoka	iskijali
iskijati	-ati/-eti (obrazac -am, pročitan iz rečnika)	visoka	iskijale
iskiti	-iti	visoka	iskim
iskiti	-iti	visoka	iskiš
iskiti	-iti	visoka	iski
iskiti	-iti	visoka	iskimo
iskiti	-iti	visoka	iske
iskiti	-iti	visoka	iskio
iskiti	-iti	visoka	iskila
iskiti	-iti	visoka	iskilo
iskiti	-iti	visoka	iskili
iskiti	-iti	visoka	iskile
iskititi	-iti	visoka	iskitim
iskititi	-iti	visoka	iskitiš
iskititi	-iti	visoka	iskitimo
iskititi	-iti	visoka	iskitite
iskititi	-iti	visoka	iskitilo
iskititi	-iti	visoka	iskitili
iskititi	-iti	visoka	iskitile
isklijati	-ati/-eti (obrazac NEPOZNAT: nema oblika prezenta u rečniku)	odluči ti	isklijala
isklijati	-ati/-eti (obrazac NEPOZNAT: nema oblika prezenta u rečniku)	odluči ti	isklijalo
isklijati	-ati/-eti (obrazac NEPOZNAT: nema oblika prezenta u rečniku)	odluči ti	isklijali
isklijati	-ati/-eti (obrazac NEPOZNAT: nema oblika prezenta u rečniku)	odluči ti	isklijale
iskobeljati	-ati/-eti (obrazac -am, pročitan iz rečnika)	visoka	iskobeljaš
iskobeljati	-ati/-eti (obrazac -am, pročitan iz rečnika)	visoka	iskobeljamo
iskobeljati	-ati/-eti (obrazac -am, pročitan iz rečnika)	visoka	iskobeljate
iskobeljati	-ati/-eti (obrazac -am, pročitan iz rečnika)	visoka	iskobeljaju
iskobeljati	-ati/-eti (obrazac -am, pročitan iz rečnika)	visoka	iskobeljaj
iskobeljati	-ati/-eti (obrazac -am, pročitan iz rečnika)	visoka	iskobeljajte
iskobeljati	-ati/-eti (obrazac -am, pročitan iz rečnika)	visoka	iskobeljalo
iskobeljati	-ati/-eti (obrazac -am, pročitan iz rečnika)	visoka	iskobeljali
iskobeljati	-ati/-eti (obrazac -am, pročitan iz rečnika)	visoka	iskobeljale
iskositi	-iti	visoka	iskosim
iskositi	-iti	visoka	iskosiš
iskositi	-iti	visoka	iskosimo
iskositi	-iti	visoka	iskosite
iskositi	-iti	visoka	iskose
iskositi	-iti	visoka	iskosilo
iskositi	-iti	visoka	iskosili
iskositi	-iti	visoka	iskosile
iskovati	-ovati	visoka	iskujem
iskovati	-ovati	visoka	iskuješ
iskovati	-ovati	visoka	iskujemo
iskovati	-ovati	visoka	iskujete
iskovati	-ovati	visoka	iskovala
iskovati	-ovati	visoka	iskovalo
iskovati	-ovati	visoka	iskovale
iskovati	-ovati	visoka	iskuj
iskovati	-ovati	visoka	iskujte
iskrivljivati	-ati/-eti (obrazac NEPOZNAT: nema oblika prezenta u rečniku)	odluči ti	iskrivljivala
iskrivljivati	-ati/-eti (obrazac NEPOZNAT: nema oblika prezenta u rečniku)	odluči ti	iskrivljivalo
iskrivljivati	-ati/-eti (obrazac NEPOZNAT: nema oblika prezenta u rečniku)	odluči ti	iskrivljivali
iskrivljivati	-ati/-eti (obrazac NEPOZNAT: nema oblika prezenta u rečniku)	odluči ti	iskrivljivale
iskrpiti	-iti	visoka	iskrpiš
iskrpiti	-iti	visoka	iskrpi
iskrpiti	-iti	visoka	iskrpimo
iskrpiti	-iti	visoka	iskrpite
iskrpiti	-iti	visoka	iskrpe
iskrpiti	-iti	visoka	iskrpio
iskrpiti	-iti	visoka	iskrpila
iskrpiti	-iti	visoka	iskrpilo
iskrpiti	-iti	visoka	iskrpili
iskrpiti	-iti	visoka	iskrpile
iskrsnuti	-nuti	visoka	iskrsnem
iskrsnuti	-nuti	visoka	iskrsneš
iskrsnuti	-nuti	visoka	iskrsnemo
iskrsnuti	-nuti	visoka	iskrsnete
iskrsnuti	-nuti	visoka	iskrsnuli
iskrsnuti	-nuti	visoka	iskrsnule
iskrsnuti	-nuti	visoka	iskrsni
iskrsnuti	-nuti	visoka	iskrsnite
iskrvaviti	-iti	visoka	iskrvavim
iskrvaviti	-iti	visoka	iskrvaviš
iskrvaviti	-iti	visoka	iskrvavimo
iskrvaviti	-iti	visoka	iskrvavite
iskrvaviti	-iti	visoka	iskrvave
iskrvaviti	-iti	visoka	iskrvavilo
iskrvaviti	-iti	visoka	iskrvavile
iskrčiti	-iti	visoka	iskrčim
iskrčiti	-iti	visoka	iskrčiš
iskrčiti	-iti	visoka	iskrči
iskrčiti	-iti	visoka	iskrčimo
iskrčiti	-iti	visoka	iskrčite
iskrčiti	-iti	visoka	iskrče
iskrčiti	-iti	visoka	iskrčila
iskrčiti	-iti	visoka	iskrčilo
iskrčiti	-iti	visoka	iskrčile
iskupljati	-ati/-eti (obrazac -am, pročitan iz rečnika)	visoka	iskupljaš
iskupljati	-ati/-eti (obrazac -am, pročitan iz rečnika)	visoka	iskupljamo
iskupljati	-ati/-eti (obrazac -am, pročitan iz rečnika)	visoka	iskupljate
iskupljati	-ati/-eti (obrazac -am, pročitan iz rečnika)	visoka	iskupljaj
iskupljati	-ati/-eti (obrazac -am, pročitan iz rečnika)	visoka	iskupljajte
iskupljati	-ati/-eti (obrazac -am, pročitan iz rečnika)	visoka	iskupljao
iskupljati	-ati/-eti (obrazac -am, pročitan iz rečnika)	visoka	iskupljala
iskupljati	-ati/-eti (obrazac -am, pročitan iz rečnika)	visoka	iskupljalo
iskupljati	-ati/-eti (obrazac -am, pročitan iz rečnika)	visoka	iskupljale
ismejati	-ati/-eti (obrazac -em, pročitan iz rečnika)	visoka	ismeješ
ismejati	-ati/-eti (obrazac -em, pročitan iz rečnika)	visoka	ismeje
ismejati	-ati/-eti (obrazac -em, pročitan iz rečnika)	visoka	ismejemo
ismejati	-ati/-eti (obrazac -em, pročitan iz rečnika)	visoka	ismejete
ismejati	-ati/-eti (obrazac -em, pročitan iz rečnika)	visoka	ismeji
ismejati	-ati/-eti (obrazac -em, pročitan iz rečnika)	visoka	ismejite
ismejati	-ati/-eti (obrazac -em, pročitan iz rečnika)	visoka	ismejalo
ismejati	-ati/-eti (obrazac -em, pročitan iz rečnika)	visoka	ismejale
ismijati	-ati/-eti (obrazac NEPOZNAT: nema oblika prezenta u rečniku)	odluči ti	ismijala
ismijati	-ati/-eti (obrazac NEPOZNAT: nema oblika prezenta u rečniku)	odluči ti	ismijalo
ismijati	-ati/-eti (obrazac NEPOZNAT: nema oblika prezenta u rečniku)	odluči ti	ismijale
ispavati	-ati/-eti (obrazac -am, pročitan iz rečnika)	visoka	ispavamo
ispavati	-ati/-eti (obrazac -am, pročitan iz rečnika)	visoka	ispavate
ispavati	-ati/-eti (obrazac -am, pročitan iz rečnika)	visoka	ispavajte
ispavati	-ati/-eti (obrazac -am, pročitan iz rečnika)	visoka	ispavao
ispavati	-ati/-eti (obrazac -am, pročitan iz rečnika)	visoka	ispavala
ispavati	-ati/-eti (obrazac -am, pročitan iz rečnika)	visoka	ispavalo
ispavati	-ati/-eti (obrazac -am, pročitan iz rečnika)	visoka	ispavali
ispavati	-ati/-eti (obrazac -am, pročitan iz rečnika)	visoka	ispavale
ispeti	-eti	proveri	ispim
ispeti	-eti	proveri	ispiš
ispeti	-eti	proveri	ispi
ispeti	-eti	proveri	ispimo
ispeti	-eti	proveri	ispe
ispeti	-eti	proveri	ispelo
ispeti	-eti	proveri	ispele
ispipati	-ati/-eti (obrazac -am, pročitan iz rečnika)	visoka	ispipaš
ispipati	-ati/-eti (obrazac -am, pročitan iz rečnika)	visoka	ispipamo
ispipati	-ati/-eti (obrazac -am, pročitan iz rečnika)	visoka	ispipate
ispipati	-ati/-eti (obrazac -am, pročitan iz rečnika)	visoka	ispipaju
ispipati	-ati/-eti (obrazac -am, pročitan iz rečnika)	visoka	ispipajte
ispipati	-ati/-eti (obrazac -am, pročitan iz rečnika)	visoka	ispipala
ispipati	-ati/-eti (obrazac -am, pročitan iz rečnika)	visoka	ispipalo
ispipati	-ati/-eti (obrazac -am, pročitan iz rečnika)	visoka	ispipali
ispipati	-ati/-eti (obrazac -am, pročitan iz rečnika)	visoka	ispipale
ispizmiti	-iti	visoka	ispizmim
ispizmiti	-iti	visoka	ispizmiš
ispizmiti	-iti	visoka	ispizmi
ispizmiti	-iti	visoka	ispizmimo
ispizmiti	-iti	visoka	ispizmite
ispizmiti	-iti	visoka	ispizme
ispizmiti	-iti	visoka	ispizmila
ispizmiti	-iti	visoka	ispizmilo
ispizmiti	-iti	visoka	ispizmili
ispizmiti	-iti	visoka	ispizmile
isplati	-ati/-eti (obrazac NEPOZNAT: nema oblika prezenta u rečniku)	odluči ti	isplao
isplati	-ati/-eti (obrazac NEPOZNAT: nema oblika prezenta u rečniku)	odluči ti	isplala
isplati	-ati/-eti (obrazac NEPOZNAT: nema oblika prezenta u rečniku)	odluči ti	isplalo
isplati	-ati/-eti (obrazac NEPOZNAT: nema oblika prezenta u rečniku)	odluči ti	isplali
isplati	-ati/-eti (obrazac NEPOZNAT: nema oblika prezenta u rečniku)	odluči ti	isplale
isplaćivati	-ati/-eti (obrazac NEPOZNAT: nema oblika prezenta u rečniku)	odluči ti	isplaćivala
isplaćivati	-ati/-eti (obrazac NEPOZNAT: nema oblika prezenta u rečniku)	odluči ti	isplaćivalo
isplaćivati	-ati/-eti (obrazac NEPOZNAT: nema oblika prezenta u rečniku)	odluči ti	isplaćivali
isplaćivati	-ati/-eti (obrazac NEPOZNAT: nema oblika prezenta u rečniku)	odluči ti	isplaćivale
ispljuvati	-ati/-eti (obrazac NEPOZNAT: nema oblika prezenta u rečniku)	odluči ti	ispljuvalo
ispljuvati	-ati/-eti (obrazac NEPOZNAT: nema oblika prezenta u rečniku)	odluči ti	ispljuvali
ispljuvati	-ati/-eti (obrazac NEPOZNAT: nema oblika prezenta u rečniku)	odluči ti	ispljuvale
ispolirati	-irati	visoka	ispoliramo
ispolirati	-irati	visoka	ispolirate
ispolirati	-irati	visoka	ispoliraju
ispolirati	-irati	visoka	ispolirala
ispolirati	-irati	visoka	ispoliralo
ispolirati	-irati	visoka	ispolirali
ispolirati	-irati	visoka	ispolirale
ispolirati	-irati	visoka	ispolirajte
isporučivati	-ati/-eti (obrazac NEPOZNAT: nema oblika prezenta u rečniku)	odluči ti	isporučivala
isporučivati	-ati/-eti (obrazac NEPOZNAT: nema oblika prezenta u rečniku)	odluči ti	isporučivalo
isporučivati	-ati/-eti (obrazac NEPOZNAT: nema oblika prezenta u rečniku)	odluči ti	isporučivale
isposlovati	-ovati	visoka	isposlujem
isposlovati	-ovati	visoka	isposluješ
isposlovati	-ovati	visoka	isposlujemo
isposlovati	-ovati	visoka	isposlujete
isposlovati	-ovati	visoka	isposluju
isposlovati	-ovati	visoka	isposlovala
isposlovati	-ovati	visoka	isposlovalo
isposlovati	-ovati	visoka	isposlovali
isposlovati	-ovati	visoka	isposlovale
isposlovati	-ovati	visoka	isposluj
isposlovati	-ovati	visoka	isposlujte
ispostiti	-iti	visoka	ispostim
ispostiti	-iti	visoka	ispostiš
ispostiti	-iti	visoka	ispostimo
ispostiti	-iti	visoka	ispostite
ispostiti	-iti	visoka	isposte
ispostiti	-iti	visoka	ispostila
ispostiti	-iti	visoka	ispostilo
ispostiti	-iti	visoka	ispostili
ispostiti	-iti	visoka	ispostile
ispovraćati	-ati/-eti (obrazac -am, pročitan iz rečnika)	visoka	ispovraćamo
ispovraćati	-ati/-eti (obrazac -am, pročitan iz rečnika)	visoka	ispovraćate
ispovraćati	-ati/-eti (obrazac -am, pročitan iz rečnika)	visoka	ispovraćaju
ispovraćati	-ati/-eti (obrazac -am, pročitan iz rečnika)	visoka	ispovraćaj
ispovraćati	-ati/-eti (obrazac -am, pročitan iz rečnika)	visoka	ispovraćajte
ispovraćati	-ati/-eti (obrazac -am, pročitan iz rečnika)	visoka	ispovraćalo
ispovraćati	-ati/-eti (obrazac -am, pročitan iz rečnika)	visoka	ispovraćali
ispovraćati	-ati/-eti (obrazac -am, pročitan iz rečnika)	visoka	ispovraćale
ispredati	-ati/-eti (obrazac NEPOZNAT: protivrečni oblici: am/em)	odluči ti	ispredao
ispredati	-ati/-eti (obrazac NEPOZNAT: protivrečni oblici: am/em)	odluči ti	ispredalo
ispredati	-ati/-eti (obrazac NEPOZNAT: protivrečni oblici: am/em)	odluči ti	ispredale
ispreturati	-ati/-eti (obrazac NEPOZNAT: nema oblika prezenta u rečniku)	odluči ti	ispreturala
ispreturati	-ati/-eti (obrazac NEPOZNAT: nema oblika prezenta u rečniku)	odluči ti	ispreturalo
ispreturati	-ati/-eti (obrazac NEPOZNAT: nema oblika prezenta u rečniku)	odluči ti	ispreturale
isprintati	-ati/-eti (obrazac NEPOZNAT: nema oblika prezenta u rečniku)	odluči ti	isprintalo
isprintati	-ati/-eti (obrazac NEPOZNAT: nema oblika prezenta u rečniku)	odluči ti	isprintali
isprintati	-ati/-eti (obrazac NEPOZNAT: nema oblika prezenta u rečniku)	odluči ti	isprintale
ispripovedati	-ati/-eti (obrazac -am, pročitan iz rečnika)	visoka	ispripovedaš
ispripovedati	-ati/-eti (obrazac -am, pročitan iz rečnika)	visoka	ispripovedamo
ispripovedati	-ati/-eti (obrazac -am, pročitan iz rečnika)	visoka	ispripovedate
ispripovedati	-ati/-eti (obrazac -am, pročitan iz rečnika)	visoka	ispripovedaju
ispripovedati	-ati/-eti (obrazac -am, pročitan iz rečnika)	visoka	ispripovedaj
ispripovedati	-ati/-eti (obrazac -am, pročitan iz rečnika)	visoka	ispripovedajte
ispripovedati	-ati/-eti (obrazac -am, pročitan iz rečnika)	visoka	ispripovedalo
ispripovedati	-ati/-eti (obrazac -am, pročitan iz rečnika)	visoka	ispripovedali
ispripovedati	-ati/-eti (obrazac -am, pročitan iz rečnika)	visoka	ispripovedale
ispsovati	-ovati	visoka	ispsujem
ispsovati	-ovati	visoka	ispsuješ
ispsovati	-ovati	visoka	ispsujemo
ispsovati	-ovati	visoka	ispsujete
ispsovati	-ovati	visoka	ispsovala
ispsovati	-ovati	visoka	ispsovalo
ispsovati	-ovati	visoka	ispsovali
ispsovati	-ovati	visoka	ispsovale
ispsovati	-ovati	visoka	ispsuj
ispsovati	-ovati	visoka	ispsujte
istakati	-ati/-eti (obrazac NEPOZNAT: nema oblika prezenta u rečniku)	odluči ti	istakala
istakati	-ati/-eti (obrazac NEPOZNAT: nema oblika prezenta u rečniku)	odluči ti	istakalo
istakati	-ati/-eti (obrazac NEPOZNAT: nema oblika prezenta u rečniku)	odluči ti	istakali
istakati	-ati/-eti (obrazac NEPOZNAT: nema oblika prezenta u rečniku)	odluči ti	istakale
istetovirati	-irati	visoka	istetovira
istetovirati	-irati	visoka	istetoviramo
istetovirati	-irati	visoka	istetovirate
istetovirati	-irati	visoka	istetoviraju
istetovirati	-irati	visoka	istetoviralo
istetovirati	-irati	visoka	istetovirali
istetovirati	-irati	visoka	istetovirale
istetovirati	-irati	visoka	istetoviraj
istetovirati	-irati	visoka	istetovirajte
istresati	-ati/-eti (obrazac NEPOZNAT: protivrečni oblici: am/em)	odluči ti	istresala
istresati	-ati/-eti (obrazac NEPOZNAT: protivrečni oblici: am/em)	odluči ti	istresalo
istresati	-ati/-eti (obrazac NEPOZNAT: protivrečni oblici: am/em)	odluči ti	istresali
isukati	-ati/-eti (obrazac NEPOZNAT: nema oblika prezenta u rečniku)	odluči ti	isukala
isukati	-ati/-eti (obrazac NEPOZNAT: nema oblika prezenta u rečniku)	odluči ti	isukalo
isukati	-ati/-eti (obrazac NEPOZNAT: nema oblika prezenta u rečniku)	odluči ti	isukale
izabirati	-irati	visoka	izabiram
izabirati	-irati	visoka	izabiraš
izabirati	-irati	visoka	izabiramo
izabirati	-irati	visoka	izabirate
izabirati	-irati	visoka	izabiraju
izabirati	-irati	visoka	izabiralo
izabirati	-irati	visoka	izabirali
izabirati	-irati	visoka	izabirale
izabirati	-irati	visoka	izabiraj
izabirati	-irati	visoka	izabirajte
izaslati	-ati/-eti (obrazac NEPOZNAT: nema oblika prezenta u rečniku)	odluči ti	izaslala
izaslati	-ati/-eti (obrazac NEPOZNAT: nema oblika prezenta u rečniku)	odluči ti	izaslalo
izaslati	-ati/-eti (obrazac NEPOZNAT: nema oblika prezenta u rečniku)	odluči ti	izaslali
izbalansirati	-irati	visoka	izbalansiraš
izbalansirati	-irati	visoka	izbalansiramo
izbalansirati	-irati	visoka	izbalansirate
izbalansirati	-irati	visoka	izbalansiraju
izbalansirati	-irati	visoka	izbalansirao
izbalansirati	-irati	visoka	izbalansirala
izbalansirati	-irati	visoka	izbalansiralo
izbalansirati	-irati	visoka	izbalansirali
izbalansirati	-irati	visoka	izbalansirale
izbalansirati	-irati	visoka	izbalansiraj
izbalansirati	-irati	visoka	izbalansirajte
izbatinati	-ati/-eti (obrazac NEPOZNAT: nema oblika prezenta u rečniku)	odluči ti	izbatinala
izbatinati	-ati/-eti (obrazac NEPOZNAT: nema oblika prezenta u rečniku)	odluči ti	izbatinalo
izbatinati	-ati/-eti (obrazac NEPOZNAT: nema oblika prezenta u rečniku)	odluči ti	izbatinali
izbatinati	-ati/-eti (obrazac NEPOZNAT: nema oblika prezenta u rečniku)	odluči ti	izbatinale
izbečiti	-iti	visoka	izbečim
izbečiti	-iti	visoka	izbečiš
izbečiti	-iti	visoka	izbečimo
izbečiti	-iti	visoka	izbečite
izbečiti	-iti	visoka	izbeče
izbečiti	-iti	visoka	izbečilo
izbečiti	-iti	visoka	izbečili
izbečiti	-iti	visoka	izbečile
izbirati	-irati	visoka	izbiram
izbirati	-irati	visoka	izbiraš
izbirati	-irati	visoka	izbiramo
izbirati	-irati	visoka	izbirate
izbirati	-irati	visoka	izbirao
izbirati	-irati	visoka	izbiralo
izbirati	-irati	visoka	izbirale
izbirati	-irati	visoka	izbiraj
izbirati	-irati	visoka	izbirajte
izbivati	-ati/-eti (obrazac NEPOZNAT: nema oblika prezenta u rečniku)	odluči ti	izbivala
izbivati	-ati/-eti (obrazac NEPOZNAT: nema oblika prezenta u rečniku)	odluči ti	izbivalo
izbivati	-ati/-eti (obrazac NEPOZNAT: nema oblika prezenta u rečniku)	odluči ti	izbivale
izblamirati	-irati	visoka	izblamira
izblamirati	-irati	visoka	izblamiramo
izblamirati	-irati	visoka	izblamirate
izblamirati	-irati	visoka	izblamiraju
izblamirati	-irati	visoka	izblamiralo
izblamirati	-irati	visoka	izblamirali
izblamirati	-irati	visoka	izblamirale
izblamirati	-irati	visoka	izblamiraj
izblamirati	-irati	visoka	izblamirajte
izblijediti	-iti	visoka	izblijedim
izblijediti	-iti	visoka	izblijediš
izblijediti	-iti	visoka	izblijedi
izblijediti	-iti	visoka	izblijedimo
izblijediti	-iti	visoka	izblijedite
izblijediti	-iti	visoka	izblijede
izblijediti	-iti	visoka	izblijedila
izblijediti	-iti	visoka	izblijedilo
izblijediti	-iti	visoka	izblijedili
izblijediti	-iti	visoka	izblijedile
izbljuvati	-ati/-eti (obrazac NEPOZNAT: nema oblika prezenta u rečniku)	odluči ti	izbljuvalo
izbljuvati	-ati/-eti (obrazac NEPOZNAT: nema oblika prezenta u rečniku)	odluči ti	izbljuvali
izbljuvati	-ati/-eti (obrazac NEPOZNAT: nema oblika prezenta u rečniku)	odluči ti	izbljuvale
izbrbljati	-ati/-eti (obrazac -am, pročitan iz rečnika)	visoka	izbrbljamo
izbrbljati	-ati/-eti (obrazac -am, pročitan iz rečnika)	visoka	izbrbljate
izbrbljati	-ati/-eti (obrazac -am, pročitan iz rečnika)	visoka	izbrbljaju
izbrbljati	-ati/-eti (obrazac -am, pročitan iz rečnika)	visoka	izbrbljaj
izbrbljati	-ati/-eti (obrazac -am, pročitan iz rečnika)	visoka	izbrbljajte
izbrbljati	-ati/-eti (obrazac -am, pročitan iz rečnika)	visoka	izbrbljalo
izbrbljati	-ati/-eti (obrazac -am, pročitan iz rečnika)	visoka	izbrbljali
izbrbljati	-ati/-eti (obrazac -am, pročitan iz rečnika)	visoka	izbrbljale
izbrijati	-ati/-eti (obrazac NEPOZNAT: nema oblika prezenta u rečniku)	odluči ti	izbrijala
izbrijati	-ati/-eti (obrazac NEPOZNAT: nema oblika prezenta u rečniku)	odluči ti	izbrijalo
izbrijati	-ati/-eti (obrazac NEPOZNAT: nema oblika prezenta u rečniku)	odluči ti	izbrijali
izbrijati	-ati/-eti (obrazac NEPOZNAT: nema oblika prezenta u rečniku)	odluči ti	izbrijale
izbrusiti	-iti	visoka	izbrusim
izbrusiti	-iti	visoka	izbrusiš
izbrusiti	-iti	visoka	izbrusi
izbrusiti	-iti	visoka	izbrusimo
izbrusiti	-iti	visoka	izbrusite
izbrusiti	-iti	visoka	izbruse
izbrusiti	-iti	visoka	izbrusila
izbrusiti	-iti	visoka	izbrusilo
izbrusiti	-iti	visoka	izbrusili
izdejstvovati	-ovati	visoka	izdejstvuješ
izdejstvovati	-ovati	visoka	izdejstvujemo
izdejstvovati	-ovati	visoka	izdejstvujete
izdejstvovati	-ovati	visoka	izdejstvuju
izdejstvovati	-ovati	visoka	izdejstvovala
izdejstvovati	-ovati	visoka	izdejstvovalo
izdejstvovati	-ovati	visoka	izdejstvovali
izdejstvovati	-ovati	visoka	izdejstvovale
izdejstvovati	-ovati	visoka	izdejstvuj
izdejstvovati	-ovati	visoka	izdejstvujte
izdiktirati	-irati	visoka	izdiktiraš
izdiktirati	-irati	visoka	izdiktiramo
izdiktirati	-irati	visoka	izdiktirate
izdiktirati	-irati	visoka	izdiktiraju
izdiktirati	-irati	visoka	izdiktirala
izdiktirati	-irati	visoka	izdiktiralo
izdiktirati	-irati	visoka	izdiktirali
izdiktirati	-irati	visoka	izdiktirale
izdiktirati	-irati	visoka	izdiktirajte
izdirati	-irati	visoka	izdiram
izdirati	-irati	visoka	izdiraš
izdirati	-irati	visoka	izdira
izdirati	-irati	visoka	izdiramo
izdirati	-irati	visoka	izdirate
izdirati	-irati	visoka	izdiraju
izdirati	-irati	visoka	izdirala
izdirati	-irati	visoka	izdiralo
izdirati	-irati	visoka	izdirale
izdirati	-irati	visoka	izdiraj
izdirati	-irati	visoka	izdirajte
izdrati	-ati/-eti (obrazac NEPOZNAT: nema oblika prezenta u rečniku)	odluči ti	izdralo
izdrati	-ati/-eti (obrazac NEPOZNAT: nema oblika prezenta u rečniku)	odluči ti	izdrali
izdrati	-ati/-eti (obrazac NEPOZNAT: nema oblika prezenta u rečniku)	odluči ti	izdrale
izdresirati	-irati	visoka	izdresiram
izdresirati	-irati	visoka	izdresiraš
izdresirati	-irati	visoka	izdresira
izdresirati	-irati	visoka	izdresiramo
izdresirati	-irati	visoka	izdresirate
izdresirati	-irati	visoka	izdresiraju
izdresirati	-irati	visoka	izdresirala
izdresirati	-irati	visoka	izdresiralo
izdresirati	-irati	visoka	izdresirali
izdresirati	-irati	visoka	izdresirale
izdresirati	-irati	visoka	izdresiraj
izdresirati	-irati	visoka	izdresirajte
izdubiti	-iti	visoka	izdubim
izdubiti	-iti	visoka	izdubiš
izdubiti	-iti	visoka	izdubimo
izdubiti	-iti	visoka	izdube
izdubiti	-iti	visoka	izdubilo
izdubiti	-iti	visoka	izdubili
izdubiti	-iti	visoka	izdubile
izdužiti	-iti	visoka	izdužim
izdužiti	-iti	visoka	izdužiš
izdužiti	-iti	visoka	izdužimo
izdužiti	-iti	visoka	izdužite
izdužiti	-iti	visoka	izduže
izdužiti	-iti	visoka	izdužila
izdužiti	-iti	visoka	izdužile
izgladnjivati	-ati/-eti (obrazac NEPOZNAT: nema oblika prezenta u rečniku)	odluči ti	izgladnjivala
izgladnjivati	-ati/-eti (obrazac NEPOZNAT: nema oblika prezenta u rečniku)	odluči ti	izgladnjivalo
izgladnjivati	-ati/-eti (obrazac NEPOZNAT: nema oblika prezenta u rečniku)	odluči ti	izgladnjivale
izglancati	-ati/-eti (obrazac -am, pročitan iz rečnika)	visoka	izglancaš
izglancati	-ati/-eti (obrazac -am, pročitan iz rečnika)	visoka	izglancamo
izglancati	-ati/-eti (obrazac -am, pročitan iz rečnika)	visoka	izglancate
izglancati	-ati/-eti (obrazac -am, pročitan iz rečnika)	visoka	izglancaju
izglancati	-ati/-eti (obrazac -am, pročitan iz rečnika)	visoka	izglancajte
izglancati	-ati/-eti (obrazac -am, pročitan iz rečnika)	visoka	izglancala
izglancati	-ati/-eti (obrazac -am, pročitan iz rečnika)	visoka	izglancalo
izglancati	-ati/-eti (obrazac -am, pročitan iz rečnika)	visoka	izglancali
izglancati	-ati/-eti (obrazac -am, pročitan iz rečnika)	visoka	izglancale
izjahati	-ati/-eti (obrazac NEPOZNAT: nema oblika prezenta u rečniku)	odluči ti	izjahala
izjahati	-ati/-eti (obrazac NEPOZNAT: nema oblika prezenta u rečniku)	odluči ti	izjahalo
izjahati	-ati/-eti (obrazac NEPOZNAT: nema oblika prezenta u rečniku)	odluči ti	izjahali
izjahati	-ati/-eti (obrazac NEPOZNAT: nema oblika prezenta u rečniku)	odluči ti	izjahale
izlajati	-ati/-eti (obrazac NEPOZNAT: nema oblika prezenta u rečniku)	odluči ti	izlajalo
izlajati	-ati/-eti (obrazac NEPOZNAT: nema oblika prezenta u rečniku)	odluči ti	izlajali
izlajati	-ati/-eti (obrazac NEPOZNAT: nema oblika prezenta u rečniku)	odluči ti	izlajale
izlemati	-ati/-eti (obrazac NEPOZNAT: nema oblika prezenta u rečniku)	odluči ti	izlemala
izlemati	-ati/-eti (obrazac NEPOZNAT: nema oblika prezenta u rečniku)	odluči ti	izlemalo
izlemati	-ati/-eti (obrazac NEPOZNAT: nema oblika prezenta u rečniku)	odluči ti	izlemali
izlemati	-ati/-eti (obrazac NEPOZNAT: nema oblika prezenta u rečniku)	odluči ti	izlemale
izleti	-eti	proveri	izlim
izleti	-eti	proveri	izliš
izleti	-eti	proveri	izli
izleti	-eti	proveri	izlimo
izleti	-eti	proveri	izlite
izleti	-eti	proveri	izle
izleti	-eti	proveri	izleo
izleti	-eti	proveri	izlela
izleti	-eti	proveri	izlelo
izleti	-eti	proveri	izleli
izleti	-eti	proveri	izlele
izlupati	-ati/-eti (obrazac -am, pročitan iz rečnika)	visoka	izlupaš
izlupati	-ati/-eti (obrazac -am, pročitan iz rečnika)	visoka	izlupamo
izlupati	-ati/-eti (obrazac -am, pročitan iz rečnika)	visoka	izlupate
izlupati	-ati/-eti (obrazac -am, pročitan iz rečnika)	visoka	izlupaju
izlupati	-ati/-eti (obrazac -am, pročitan iz rečnika)	visoka	izlupaj
izlupati	-ati/-eti (obrazac -am, pročitan iz rečnika)	visoka	izlupala
izlupati	-ati/-eti (obrazac -am, pročitan iz rečnika)	visoka	izlupalo
izlupati	-ati/-eti (obrazac -am, pročitan iz rečnika)	visoka	izlupali
izlupati	-ati/-eti (obrazac -am, pročitan iz rečnika)	visoka	izlupale
izmanipulirati	-irati	visoka	izmanipuliram
izmanipulirati	-irati	visoka	izmanipuliraš
izmanipulirati	-irati	visoka	izmanipulira
izmanipulirati	-irati	visoka	izmanipuliramo
izmanipulirati	-irati	visoka	izmanipulirate
izmanipulirati	-irati	visoka	izmanipuliraju
izmanipulirati	-irati	visoka	izmanipulirala
izmanipulirati	-irati	visoka	izmanipuliralo
izmanipulirati	-irati	visoka	izmanipulirali
izmanipulirati	-irati	visoka	izmanipulirale
izmanipulirati	-irati	visoka	izmanipuliraj
izmanipulirati	-irati	visoka	izmanipulirajte
izmanipulisati	-ati/-eti (obrazac -pal, pročitan iz rečnika)	visoka	izmanipulišem
izmanipulisati	-ati/-eti (obrazac -pal, pročitan iz rečnika)	visoka	izmanipulišemo
izmanipulisati	-ati/-eti (obrazac -pal, pročitan iz rečnika)	visoka	izmanipulišete
izmanipulisati	-ati/-eti (obrazac -pal, pročitan iz rečnika)	visoka	izmanipulišu
izmanipulisati	-ati/-eti (obrazac -pal, pročitan iz rečnika)	visoka	izmanipuliši
izmanipulisati	-ati/-eti (obrazac -pal, pročitan iz rečnika)	visoka	izmanipulišite
izmanipulisati	-ati/-eti (obrazac -pal, pročitan iz rečnika)	visoka	izmanipulisalo
izmanipulisati	-ati/-eti (obrazac -pal, pročitan iz rečnika)	visoka	izmanipulisale
izmasakrirati	-irati	visoka	izmasakriram
izmasakrirati	-irati	visoka	izmasakriraš
izmasakrirati	-irati	visoka	izmasakrira
izmasakrirati	-irati	visoka	izmasakriramo
izmasakrirati	-irati	visoka	izmasakrirate
izmasakrirati	-irati	visoka	izmasakriraju
izmasakrirati	-irati	visoka	izmasakrirala
izmasakrirati	-irati	visoka	izmasakriralo
izmasakrirati	-irati	visoka	izmasakrirale
izmasakrirati	-irati	visoka	izmasakriraj
izmasakrirati	-irati	visoka	izmasakrirajte
izmenjati	-ati/-eti (obrazac NEPOZNAT: nema oblika prezenta u rečniku)	odluči ti	izmenjala
izmenjati	-ati/-eti (obrazac NEPOZNAT: nema oblika prezenta u rečniku)	odluči ti	izmenjalo
izmenjati	-ati/-eti (obrazac NEPOZNAT: nema oblika prezenta u rečniku)	odluči ti	izmenjale
izmileti	-eti	proveri	izmilim
izmileti	-eti	proveri	izmiliš
izmileti	-eti	proveri	izmili
izmileti	-eti	proveri	izmilimo
izmileti	-eti	proveri	izmilite
izmileti	-eti	proveri	izmilelo
izmileti	-eti	proveri	izmilele
izmrviti	-iti	visoka	izmrvim
izmrviti	-iti	visoka	izmrviš
izmrviti	-iti	visoka	izmrvi
izmrviti	-iti	visoka	izmrvimo
izmrviti	-iti	visoka	izmrve
izmrviti	-iti	visoka	izmrvila
izmrviti	-iti	visoka	izmrvilo
izmrviti	-iti	visoka	izmrvili
izmrviti	-iti	visoka	izmrvile
izmršaviti	-iti	visoka	izmršavim
izmršaviti	-iti	visoka	izmršaviš
izmršaviti	-iti	visoka	izmršavi
izmršaviti	-iti	visoka	izmršavimo
izmršaviti	-iti	visoka	izmršavite
izmršaviti	-iti	visoka	izmršave
izmršaviti	-iti	visoka	izmršavio
izmršaviti	-iti	visoka	izmršavila
izmršaviti	-iti	visoka	izmršavilo
izmršaviti	-iti	visoka	izmršavili
izmršaviti	-iti	visoka	izmršavile
iznakaziti	-iti	visoka	iznakazim
iznakaziti	-iti	visoka	iznakaziš
iznakaziti	-iti	visoka	iznakazi
iznakaziti	-iti	visoka	iznakazimo
iznakaziti	-iti	visoka	iznakazite
iznakaziti	-iti	visoka	iznakaze
iznakaziti	-iti	visoka	iznakazila
iznakaziti	-iti	visoka	iznakazilo
iznakaziti	-iti	visoka	iznakazili
iznakaziti	-iti	visoka	iznakazile
iznuđavati	-ati/-eti (obrazac -am, pročitan iz rečnika)	visoka	iznuđavaš
iznuđavati	-ati/-eti (obrazac -am, pročitan iz rečnika)	visoka	iznuđava
iznuđavati	-ati/-eti (obrazac -am, pročitan iz rečnika)	visoka	iznuđavamo
iznuđavati	-ati/-eti (obrazac -am, pročitan iz rečnika)	visoka	iznuđavate
iznuđavati	-ati/-eti (obrazac -am, pročitan iz rečnika)	visoka	iznuđavaju
iznuđavati	-ati/-eti (obrazac -am, pročitan iz rečnika)	visoka	iznuđavaj
iznuđavati	-ati/-eti (obrazac -am, pročitan iz rečnika)	visoka	iznuđavajte
iznuđavati	-ati/-eti (obrazac -am, pročitan iz rečnika)	visoka	iznuđavao
iznuđavati	-ati/-eti (obrazac -am, pročitan iz rečnika)	visoka	iznuđavala
iznuđavati	-ati/-eti (obrazac -am, pročitan iz rečnika)	visoka	iznuđavalo
iznuđavati	-ati/-eti (obrazac -am, pročitan iz rečnika)	visoka	iznuđavali
iznuđavati	-ati/-eti (obrazac -am, pročitan iz rečnika)	visoka	iznuđavale
iznuđivati	-ati/-eti (obrazac NEPOZNAT: nema oblika prezenta u rečniku)	odluči ti	iznuđivala
iznuđivati	-ati/-eti (obrazac NEPOZNAT: nema oblika prezenta u rečniku)	odluči ti	iznuđivalo
iznuđivati	-ati/-eti (obrazac NEPOZNAT: nema oblika prezenta u rečniku)	odluči ti	iznuđivale
izobičajiti	-iti	visoka	izobičajim
izobičajiti	-iti	visoka	izobičajiš
izobičajiti	-iti	visoka	izobičaji
izobičajiti	-iti	visoka	izobičajimo
izobičajiti	-iti	visoka	izobičajite
izobičajiti	-iti	visoka	izobičaje
izobičajiti	-iti	visoka	izobičajila
izobičajiti	-iti	visoka	izobičajilo
izobičajiti	-iti	visoka	izobičajili
izobičajiti	-iti	visoka	izobičajile
izobraziti	-iti	visoka	izobraziš
izobraziti	-iti	visoka	izobrazimo
izobraziti	-iti	visoka	izobrazite
izobraziti	-iti	visoka	izobraze
izobraziti	-iti	visoka	izobrazila
izobraziti	-iti	visoka	izobrazilo
izobraziti	-iti	visoka	izobrazile
izorati	-ati/-eti (obrazac NEPOZNAT: nema oblika prezenta u rečniku)	odluči ti	izorala
izorati	-ati/-eti (obrazac NEPOZNAT: nema oblika prezenta u rečniku)	odluči ti	izoralo
izorati	-ati/-eti (obrazac NEPOZNAT: nema oblika prezenta u rečniku)	odluči ti	izorali
izorati	-ati/-eti (obrazac NEPOZNAT: nema oblika prezenta u rečniku)	odluči ti	izorale
izraniti	-iti	visoka	izranim
izraniti	-iti	visoka	izraniš
izraniti	-iti	visoka	izrani
izraniti	-iti	visoka	izranimo
izraniti	-iti	visoka	izranite
izraniti	-iti	visoka	izrane
izraniti	-iti	visoka	izranila
izraniti	-iti	visoka	izranilo
izraniti	-iti	visoka	izranile
izranjavati	-ati/-eti (obrazac NEPOZNAT: nema oblika prezenta u rečniku)	odluči ti	izranjavao
izranjavati	-ati/-eti (obrazac NEPOZNAT: nema oblika prezenta u rečniku)	odluči ti	izranjavala
izranjavati	-ati/-eti (obrazac NEPOZNAT: nema oblika prezenta u rečniku)	odluči ti	izranjavalo
izranjavati	-ati/-eti (obrazac NEPOZNAT: nema oblika prezenta u rečniku)	odluči ti	izranjavali
izranjavati	-ati/-eti (obrazac NEPOZNAT: nema oblika prezenta u rečniku)	odluči ti	izranjavale
izranjaviti	-iti	visoka	izranjavim
izranjaviti	-iti	visoka	izranjaviš
izranjaviti	-iti	visoka	izranjavimo
izranjaviti	-iti	visoka	izranjavite
izranjaviti	-iti	visoka	izranjave
izranjaviti	-iti	visoka	izranjavila
izranjaviti	-iti	visoka	izranjavilo
izranjaviti	-iti	visoka	izranjavile
izravniti	-iti	visoka	izravnim
izravniti	-iti	visoka	izravniš
izravniti	-iti	visoka	izravnimo
izravniti	-iti	visoka	izravnite
izravniti	-iti	visoka	izravne
izravniti	-iti	visoka	izravnio
izravniti	-iti	visoka	izravnila
izravniti	-iti	visoka	izravnili
izravniti	-iti	visoka	izravnile
izračunavati	-ati/-eti (obrazac -am, pročitan iz rečnika)	visoka	izračunavaš
izračunavati	-ati/-eti (obrazac -am, pročitan iz rečnika)	visoka	izračunavamo
izračunavati	-ati/-eti (obrazac -am, pročitan iz rečnika)	visoka	izračunavate
izračunavati	-ati/-eti (obrazac -am, pročitan iz rečnika)	visoka	izračunavaju
izračunavati	-ati/-eti (obrazac -am, pročitan iz rečnika)	visoka	izračunavaj
izračunavati	-ati/-eti (obrazac -am, pročitan iz rečnika)	visoka	izračunavajte
izračunavati	-ati/-eti (obrazac -am, pročitan iz rečnika)	visoka	izračunavao
izračunavati	-ati/-eti (obrazac -am, pročitan iz rečnika)	visoka	izračunavala
izračunavati	-ati/-eti (obrazac -am, pročitan iz rečnika)	visoka	izračunavalo
izračunavati	-ati/-eti (obrazac -am, pročitan iz rečnika)	visoka	izračunavali
izračunavati	-ati/-eti (obrazac -am, pročitan iz rečnika)	visoka	izračunavale
izrecitovati	-ovati	visoka	izrecituje
izrecitovati	-ovati	visoka	izrecitujemo
izrecitovati	-ovati	visoka	izrecitujete
izrecitovati	-ovati	visoka	izrecituju
izrecitovati	-ovati	visoka	izrecitovao
izrecitovati	-ovati	visoka	izrecitovalo
izrecitovati	-ovati	visoka	izrecitovali
izrecitovati	-ovati	visoka	izrecitovale
izrecitovati	-ovati	visoka	izrecitujte
izrediti	-iti	visoka	izrediš
izrediti	-iti	visoka	izredi
izrediti	-iti	visoka	izredimo
izrediti	-iti	visoka	izredite
izrediti	-iti	visoka	izrede
izrediti	-iti	visoka	izredila
izrediti	-iti	visoka	izredilo
izrediti	-iti	visoka	izredile
izrezbariti	-iti	visoka	izrezbariš
izrezbariti	-iti	visoka	izrezbarimo
izrezbariti	-iti	visoka	izrezbarite
izrezbariti	-iti	visoka	izrezbare
izrezbariti	-iti	visoka	izrezbarilo
izrezbariti	-iti	visoka	izrezbarili
izrezbariti	-iti	visoka	izrezbarile
izrežirati	-irati	visoka	izrežiram
izrežirati	-irati	visoka	izrežiraš
izrežirati	-irati	visoka	izrežiramo
izrežirati	-irati	visoka	izrežirate
izrežirati	-irati	visoka	izrežiraju
izrežirati	-irati	visoka	izrežirala
izrežirati	-irati	visoka	izrežiralo
izrežirati	-irati	visoka	izrežirali
izrežirati	-irati	visoka	izrežirale
izrežirati	-irati	visoka	izrežiraj
izrežirati	-irati	visoka	izrežirajte
izričiti	-iti	visoka	izričim
izričiti	-iti	visoka	izričiš
izričiti	-iti	visoka	izričimo
izričiti	-iti	visoka	izričio
izričiti	-iti	visoka	izričila
izričiti	-iti	visoka	izričilo
izričiti	-iti	visoka	izričili
izričiti	-iti	visoka	izričile
izrugivati	-ati/-eti (obrazac NEPOZNAT: nema oblika prezenta u rečniku)	odluči ti	izrugivala
izrugivati	-ati/-eti (obrazac NEPOZNAT: nema oblika prezenta u rečniku)	odluči ti	izrugivalo
izrugivati	-ati/-eti (obrazac NEPOZNAT: nema oblika prezenta u rečniku)	odluči ti	izrugivale
izružiti	-iti	visoka	izružim
izružiti	-iti	visoka	izružiš
izružiti	-iti	visoka	izružimo
izružiti	-iti	visoka	izružite
izružiti	-iti	visoka	izruže
izružiti	-iti	visoka	izružilo
izružiti	-iti	visoka	izružile
izumirati	-irati	visoka	izumiram
izumirati	-irati	visoka	izumiraš
izumirati	-irati	visoka	izumira
izumirati	-irati	visoka	izumiramo
izumirati	-irati	visoka	izumirate
izumirati	-irati	visoka	izumiraju
izumirati	-irati	visoka	izumirale
izumirati	-irati	visoka	izumiraj
izumirati	-irati	visoka	izumirajte
izumreti	-eti	proveri	izumrim
izumreti	-eti	proveri	izumriš
izumreti	-eti	proveri	izumri
izumreti	-eti	proveri	izumrimo
izumreti	-eti	proveri	izumrite
izumreti	-eti	proveri	izumreo
izumreti	-eti	proveri	izumrela
izumreti	-eti	proveri	izumrelo
izumreti	-eti	proveri	izumreli
izumreti	-eti	proveri	izumrele
izuvati	-ati/-eti (obrazac -am, pročitan iz rečnika)	visoka	izuvaš
izuvati	-ati/-eti (obrazac -am, pročitan iz rečnika)	visoka	izuvamo
izuvati	-ati/-eti (obrazac -am, pročitan iz rečnika)	visoka	izuvate
izuvati	-ati/-eti (obrazac -am, pročitan iz rečnika)	visoka	izuvaj
izuvati	-ati/-eti (obrazac -am, pročitan iz rečnika)	visoka	izuvajte
izuvati	-ati/-eti (obrazac -am, pročitan iz rečnika)	visoka	izuvala
izuvati	-ati/-eti (obrazac -am, pročitan iz rečnika)	visoka	izuvalo
izuvati	-ati/-eti (obrazac -am, pročitan iz rečnika)	visoka	izuvali
izuvati	-ati/-eti (obrazac -am, pročitan iz rečnika)	visoka	izuvale
izuzeti	-eti	proveri	izuzim
izuzeti	-eti	proveri	izuziš
izuzeti	-eti	proveri	izuzi
izuzeti	-eti	proveri	izuzimo
izuzeti	-eti	proveri	izuzite
izuzeti	-eti	proveri	izuzelo
izuzeti	-eti	proveri	izuzele
izuzimati	-ati/-eti (obrazac -am, pročitan iz rečnika)	visoka	izuzimaš
izuzimati	-ati/-eti (obrazac -am, pročitan iz rečnika)	visoka	izuzimate
izuzimati	-ati/-eti (obrazac -am, pročitan iz rečnika)	visoka	izuzimaj
izuzimati	-ati/-eti (obrazac -am, pročitan iz rečnika)	visoka	izuzimajte
izuzimati	-ati/-eti (obrazac -am, pročitan iz rečnika)	visoka	izuzimao
izuzimati	-ati/-eti (obrazac -am, pročitan iz rečnika)	visoka	izuzimala
izuzimati	-ati/-eti (obrazac -am, pročitan iz rečnika)	visoka	izuzimalo
izuzimati	-ati/-eti (obrazac -am, pročitan iz rečnika)	visoka	izuzimale
izvajati	-ati/-eti (obrazac NEPOZNAT: nema oblika prezenta u rečniku)	odluči ti	izvajala
izvajati	-ati/-eti (obrazac NEPOZNAT: nema oblika prezenta u rečniku)	odluči ti	izvajalo
izvajati	-ati/-eti (obrazac NEPOZNAT: nema oblika prezenta u rečniku)	odluči ti	izvajali
izvajati	-ati/-eti (obrazac NEPOZNAT: nema oblika prezenta u rečniku)	odluči ti	izvajale
izvaljivati	-ati/-eti (obrazac NEPOZNAT: nema oblika prezenta u rečniku)	odluči ti	izvaljivala
izvaljivati	-ati/-eti (obrazac NEPOZNAT: nema oblika prezenta u rečniku)	odluči ti	izvaljivalo
izvaljivati	-ati/-eti (obrazac NEPOZNAT: nema oblika prezenta u rečniku)	odluči ti	izvaljivale
izvetriti	-iti	visoka	izvetrim
izvetriti	-iti	visoka	izvetriš
izvetriti	-iti	visoka	izvetrimo
izvetriti	-iti	visoka	izvetrite
izvetriti	-iti	visoka	izvetre
izvetriti	-iti	visoka	izvetrila
izvetriti	-iti	visoka	izvetrili
izvetriti	-iti	visoka	izvetrile
izveštiti	-iti	visoka	izveštim
izveštiti	-iti	visoka	izveštiš
izveštiti	-iti	visoka	izveštimo
izveštiti	-iti	visoka	izveštite
izveštiti	-iti	visoka	izvešte
izveštiti	-iti	visoka	izveštila
izveštiti	-iti	visoka	izveštilo
izveštiti	-iti	visoka	izveštile
izviriti	-iti	visoka	izvirim
izviriti	-iti	visoka	izviriš
izviriti	-iti	visoka	izvirimo
izviriti	-iti	visoka	izvirite
izviriti	-iti	visoka	izvirila
izviriti	-iti	visoka	izvirilo
izviriti	-iti	visoka	izvirili
izviti	-iti	visoka	izvim
izviti	-iti	visoka	izviš
izviti	-iti	visoka	izvi
izviti	-iti	visoka	izvimo
izviti	-iti	visoka	izvite
izviti	-iti	visoka	izve
izviti	-iti	visoka	izvilo
izviti	-iti	visoka	izvili
izviđati	-ati/-eti (obrazac NEPOZNAT: nema oblika prezenta u rečniku)	odluči ti	izviđala
izviđati	-ati/-eti (obrazac NEPOZNAT: nema oblika prezenta u rečniku)	odluči ti	izviđalo
izviđati	-ati/-eti (obrazac NEPOZNAT: nema oblika prezenta u rečniku)	odluči ti	izviđale
izvrdati	-ati/-eti (obrazac NEPOZNAT: nema oblika prezenta u rečniku)	odluči ti	izvrdala
izvrdati	-ati/-eti (obrazac NEPOZNAT: nema oblika prezenta u rečniku)	odluči ti	izvrdalo
izvrdati	-ati/-eti (obrazac NEPOZNAT: nema oblika prezenta u rečniku)	odluči ti	izvrdali
izvrdati	-ati/-eti (obrazac NEPOZNAT: nema oblika prezenta u rečniku)	odluči ti	izvrdale
izvrgnuti	-nuti	visoka	izvrgnem
izvrgnuti	-nuti	visoka	izvrgneš
izvrgnuti	-nuti	visoka	izvrgnemo
izvrgnuti	-nuti	visoka	izvrgnete
izvrgnuti	-nuti	visoka	izvrgnula
izvrgnuti	-nuti	visoka	izvrgnule
izvrgnuti	-nuti	visoka	izvrgni
izvrgnuti	-nuti	visoka	izvrgnite
išamarati	-ati/-eti (obrazac -am, pročitan iz rečnika)	visoka	išamaraš
išamarati	-ati/-eti (obrazac -am, pročitan iz rečnika)	visoka	išamaramo
išamarati	-ati/-eti (obrazac -am, pročitan iz rečnika)	visoka	išamarate
išamarati	-ati/-eti (obrazac -am, pročitan iz rečnika)	visoka	išamaraju
išamarati	-ati/-eti (obrazac -am, pročitan iz rečnika)	visoka	išamaraj
išamarati	-ati/-eti (obrazac -am, pročitan iz rečnika)	visoka	išamarajte
išamarati	-ati/-eti (obrazac -am, pročitan iz rečnika)	visoka	išamarala
išamarati	-ati/-eti (obrazac -am, pročitan iz rečnika)	visoka	išamaralo
išamarati	-ati/-eti (obrazac -am, pročitan iz rečnika)	visoka	išamarali
išamarati	-ati/-eti (obrazac -am, pročitan iz rečnika)	visoka	išamarale
išarati	-ati/-eti (obrazac NEPOZNAT: nema oblika prezenta u rečniku)	odluči ti	išaralo
išarati	-ati/-eti (obrazac NEPOZNAT: nema oblika prezenta u rečniku)	odluči ti	išarali
išarati	-ati/-eti (obrazac NEPOZNAT: nema oblika prezenta u rečniku)	odluči ti	išarale
išibati	-ati/-eti (obrazac -am, pročitan iz rečnika)	visoka	išibamo
išibati	-ati/-eti (obrazac -am, pročitan iz rečnika)	visoka	išibate
išibati	-ati/-eti (obrazac -am, pročitan iz rečnika)	visoka	išibaj
išibati	-ati/-eti (obrazac -am, pročitan iz rečnika)	visoka	išibajte
išibati	-ati/-eti (obrazac -am, pročitan iz rečnika)	visoka	išibala
išibati	-ati/-eti (obrazac -am, pročitan iz rečnika)	visoka	išibalo
išibati	-ati/-eti (obrazac -am, pročitan iz rečnika)	visoka	išibali
išibati	-ati/-eti (obrazac -am, pročitan iz rečnika)	visoka	išibale
iškolovati	-ovati	visoka	iškolujem
iškolovati	-ovati	visoka	iškoluješ
iškolovati	-ovati	visoka	iškoluje
iškolovati	-ovati	visoka	iškolujemo
iškolovati	-ovati	visoka	iškolujete
iškolovati	-ovati	visoka	iškoluju
iškolovati	-ovati	visoka	iškolovala
iškolovati	-ovati	visoka	iškolovalo
iškolovati	-ovati	visoka	iškolovali
iškolovati	-ovati	visoka	iškolovale
iškolovati	-ovati	visoka	iškoluj
iškolovati	-ovati	visoka	iškolujte
išteti	-eti	proveri	ištim
išteti	-eti	proveri	ištiš
išteti	-eti	proveri	išteo
išteti	-eti	proveri	ištela
išteti	-eti	proveri	ištelo
išteti	-eti	proveri	išteli
išteti	-eti	proveri	ištele
iščašiti	-iti	visoka	iščašim
iščašiti	-iti	visoka	iščašiš
iščašiti	-iti	visoka	iščašimo
iščašiti	-iti	visoka	iščašite
iščašiti	-iti	visoka	iščaše
iščašiti	-iti	visoka	iščašilo
iščašiti	-iti	visoka	iščašili
iščašiti	-iti	visoka	iščašile
iščeprkati	-ati/-eti (obrazac NEPOZNAT: nema oblika prezenta u rečniku)	odluči ti	iščeprkalo
iščeprkati	-ati/-eti (obrazac NEPOZNAT: nema oblika prezenta u rečniku)	odluči ti	iščeprkali
iščeprkati	-ati/-eti (obrazac NEPOZNAT: nema oblika prezenta u rečniku)	odluči ti	iščeprkale
iščitati	-ati/-eti (obrazac NEPOZNAT: nema oblika prezenta u rečniku)	odluči ti	iščitala
iščitati	-ati/-eti (obrazac NEPOZNAT: nema oblika prezenta u rečniku)	odluči ti	iščitalo
iščitati	-ati/-eti (obrazac NEPOZNAT: nema oblika prezenta u rečniku)	odluči ti	iščitali
iščitati	-ati/-eti (obrazac NEPOZNAT: nema oblika prezenta u rečniku)	odluči ti	iščitale
jadati	-ati/-eti (obrazac NEPOZNAT: nema oblika prezenta u rečniku)	odluči ti	jadala
jadati	-ati/-eti (obrazac NEPOZNAT: nema oblika prezenta u rečniku)	odluči ti	jadalo
jadati	-ati/-eti (obrazac NEPOZNAT: nema oblika prezenta u rečniku)	odluči ti	jadale
jaloviti	-iti	visoka	jaloviš
jaloviti	-iti	visoka	jalovimo
jaloviti	-iti	visoka	jalovite
jaloviti	-iti	visoka	jalovio
jaloviti	-iti	visoka	jalovila
jaloviti	-iti	visoka	jalovilo
jaloviti	-iti	visoka	jalovili
jaloviti	-iti	visoka	jalovile
jariti	-iti	visoka	jarim
jariti	-iti	visoka	jariš
jariti	-iti	visoka	jarimo
jariti	-iti	visoka	jarite
jariti	-iti	visoka	jario
jariti	-iti	visoka	jarili
jariti	-iti	visoka	jarile
jatakovati	-ovati	visoka	jatakujem
jatakovati	-ovati	visoka	jatakuješ
jatakovati	-ovati	visoka	jatakuje
jatakovati	-ovati	visoka	jatakujemo
jatakovati	-ovati	visoka	jatakujete
jatakovati	-ovati	visoka	jatakuju
jatakovati	-ovati	visoka	jatakovala
jatakovati	-ovati	visoka	jatakovalo
jatakovati	-ovati	visoka	jatakovali
jatakovati	-ovati	visoka	jatakovale
jatakovati	-ovati	visoka	jatakuj
jatakovati	-ovati	visoka	jatakujte
jauknuti	-nuti	visoka	jauknem
jauknuti	-nuti	visoka	jaukneš
jauknuti	-nuti	visoka	jauknemo
jauknuti	-nuti	visoka	jauknete
jauknuti	-nuti	visoka	jauknula
jauknuti	-nuti	visoka	jauknulo
jauknuti	-nuti	visoka	jauknuli
jauknuti	-nuti	visoka	jauknule
jauknuti	-nuti	visoka	jaukni
jauknuti	-nuti	visoka	jauknite
jedincati	-ati/-eti (obrazac -em, pročitan iz rečnika)	visoka	jedinceš
jedincati	-ati/-eti (obrazac -em, pročitan iz rečnika)	visoka	jedince
jedincati	-ati/-eti (obrazac -em, pročitan iz rečnika)	visoka	jedincemo
jedincati	-ati/-eti (obrazac -em, pročitan iz rečnika)	visoka	jedincete
jedincati	-ati/-eti (obrazac -em, pročitan iz rečnika)	visoka	jedincite
jedincati	-ati/-eti (obrazac -em, pročitan iz rečnika)	visoka	jedincao
jedincati	-ati/-eti (obrazac -em, pročitan iz rečnika)	visoka	jedincala
jedincati	-ati/-eti (obrazac -em, pročitan iz rečnika)	visoka	jedincalo
jedincati	-ati/-eti (obrazac -em, pročitan iz rečnika)	visoka	jedincali
jedincati	-ati/-eti (obrazac -em, pročitan iz rečnika)	visoka	jedincale
jediniti	-iti	visoka	jediniš
jediniti	-iti	visoka	jedinimo
jediniti	-iti	visoka	jedinite
jediniti	-iti	visoka	jedinio
jediniti	-iti	visoka	jedinila
jediniti	-iti	visoka	jedinilo
jediniti	-iti	visoka	jedinili
jediniti	-iti	visoka	jedinile
jeknuti	-nuti	visoka	jeknem
jeknuti	-nuti	visoka	jekneš
jeknuti	-nuti	visoka	jeknemo
jeknuti	-nuti	visoka	jeknete
jeknuti	-nuti	visoka	jeknulo
jeknuti	-nuti	visoka	jeknuli
jeknuti	-nuti	visoka	jeknule
jeknuti	-nuti	visoka	jekni
jeknuti	-nuti	visoka	jeknite
junačiti	-iti	visoka	junačim
junačiti	-iti	visoka	junačimo
junačiti	-iti	visoka	junačite
junačiti	-iti	visoka	junačila
junačiti	-iti	visoka	junačilo
junačiti	-iti	visoka	junačili
junačiti	-iti	visoka	junačile
kadeti	-eti	proveri	kadimo
kadeti	-eti	proveri	kadite
kadeti	-eti	proveri	kadeo
kadeti	-eti	proveri	kadela
kadeti	-eti	proveri	kadelo
kadeti	-eti	proveri	kadeli
kadeti	-eti	proveri	kadele
kakati	-ati/-eti (obrazac -im, pročitan iz rečnika)	visoka	kakiš
kakati	-ati/-eti (obrazac -im, pročitan iz rečnika)	visoka	kakimo
kakati	-ati/-eti (obrazac -im, pročitan iz rečnika)	visoka	kakite
kakati	-ati/-eti (obrazac -im, pročitan iz rečnika)	visoka	kakala
kakati	-ati/-eti (obrazac -im, pročitan iz rečnika)	visoka	kakalo
kakati	-ati/-eti (obrazac -im, pročitan iz rečnika)	visoka	kakali
kakati	-ati/-eti (obrazac -im, pročitan iz rečnika)	visoka	kakale
kaljati	-ati/-eti (obrazac -am, pročitan iz rečnika)	visoka	kaljam
kaljati	-ati/-eti (obrazac -am, pročitan iz rečnika)	visoka	kaljamo
kaljati	-ati/-eti (obrazac -am, pročitan iz rečnika)	visoka	kaljaj
kaljati	-ati/-eti (obrazac -am, pročitan iz rečnika)	visoka	kaljajte
kaljati	-ati/-eti (obrazac -am, pročitan iz rečnika)	visoka	kaljala
kaljati	-ati/-eti (obrazac -am, pročitan iz rečnika)	visoka	kaljalo
kaljati	-ati/-eti (obrazac -am, pročitan iz rečnika)	visoka	kaljali
kaljati	-ati/-eti (obrazac -am, pročitan iz rečnika)	visoka	kaljale
kampirati	-irati	visoka	kampiram
kampirati	-irati	visoka	kampiraš
kampirati	-irati	visoka	kampira
kampirati	-irati	visoka	kampiramo
kampirati	-irati	visoka	kampirate
kampirati	-irati	visoka	kampiraju
kampirati	-irati	visoka	kampirala
kampirati	-irati	visoka	kampiralo
kampirati	-irati	visoka	kampirale
kampirati	-irati	visoka	kampiraj
kampirati	-irati	visoka	kampirajte
kamuflirati	-irati	visoka	kamufliram
kamuflirati	-irati	visoka	kamufliraš
kamuflirati	-irati	visoka	kamuflirate
kamuflirati	-irati	visoka	kamuflirao
kamuflirati	-irati	visoka	kamuflirala
kamuflirati	-irati	visoka	kamufliralo
kamuflirati	-irati	visoka	kamuflirali
kamuflirati	-irati	visoka	kamuflirale
kamuflirati	-irati	visoka	kamufliraj
kamuflirati	-irati	visoka	kamuflirajte
kandidati	-ati/-eti (obrazac NEPOZNAT: nema oblika prezenta u rečniku)	odluči ti	kandidao
kandidati	-ati/-eti (obrazac NEPOZNAT: nema oblika prezenta u rečniku)	odluči ti	kandidala
kandidati	-ati/-eti (obrazac NEPOZNAT: nema oblika prezenta u rečniku)	odluči ti	kandidalo
kandidati	-ati/-eti (obrazac NEPOZNAT: nema oblika prezenta u rečniku)	odluči ti	kandidali
kandidati	-ati/-eti (obrazac NEPOZNAT: nema oblika prezenta u rečniku)	odluči ti	kandidale
kapitulirati	-irati	visoka	kapituliram
kapitulirati	-irati	visoka	kapituliraš
kapitulirati	-irati	visoka	kapituliramo
kapitulirati	-irati	visoka	kapitulirate
kapitulirati	-irati	visoka	kapituliraju
kapitulirati	-irati	visoka	kapitulirao
kapitulirati	-irati	visoka	kapituliralo
kapitulirati	-irati	visoka	kapitulirali
kapitulirati	-irati	visoka	kapitulirale
kapitulirati	-irati	visoka	kapituliraj
kapitulirati	-irati	visoka	kapitulirajte
kapricirati	-irati	visoka	kapriciram
kapricirati	-irati	visoka	kapriciraš
kapricirati	-irati	visoka	kapricira
kapricirati	-irati	visoka	kapriciramo
kapricirati	-irati	visoka	kapricirate
kapricirati	-irati	visoka	kapriciraju
kapricirati	-irati	visoka	kapricirala
kapricirati	-irati	visoka	kapriciralo
kapricirati	-irati	visoka	kapricirali
kapricirati	-irati	visoka	kapricirale
kapricirati	-irati	visoka	kapriciraj
kapricirati	-irati	visoka	kapricirajte
karati	-ati/-eti (obrazac NEPOZNAT: protivrečni oblici: am/im)	odluči ti	karao
karati	-ati/-eti (obrazac NEPOZNAT: protivrečni oblici: am/im)	odluči ti	karala
karati	-ati/-eti (obrazac NEPOZNAT: protivrečni oblici: am/im)	odluči ti	karalo
karati	-ati/-eti (obrazac NEPOZNAT: protivrečni oblici: am/im)	odluči ti	karale
karikirati	-irati	visoka	karikiram
karikirati	-irati	visoka	karikiramo
karikirati	-irati	visoka	karikirate
karikirati	-irati	visoka	karikiraju
karikirati	-irati	visoka	karikirao
karikirati	-irati	visoka	karikirala
karikirati	-irati	visoka	karikiralo
karikirati	-irati	visoka	karikirali
karikirati	-irati	visoka	karikirale
karikirati	-irati	visoka	karikiraj
karikirati	-irati	visoka	karikirajte
kasapiti	-iti	visoka	kasapim
kasapiti	-iti	visoka	kasapiš
kasapiti	-iti	visoka	kasapimo
kasapiti	-iti	visoka	kasapite
kasapiti	-iti	visoka	kasapila
kasapiti	-iti	visoka	kasapilo
kasapiti	-iti	visoka	kasapili
kasapiti	-iti	visoka	kasapile
kasati	-ati/-eti (obrazac NEPOZNAT: protivrečni oblici: am/im)	odluči ti	kasao
kasati	-ati/-eti (obrazac NEPOZNAT: protivrečni oblici: am/im)	odluči ti	kasalo
kasati	-ati/-eti (obrazac NEPOZNAT: protivrečni oblici: am/im)	odluči ti	kasale
kaseti	-eti	proveri	kasiš
kaseti	-eti	proveri	kasi
kaseti	-eti	proveri	kasimo
kaseti	-eti	proveri	kasite
kaseti	-eti	proveri	kaseo
kaseti	-eti	proveri	kasela
kaseti	-eti	proveri	kaselo
kaseti	-eti	proveri	kaseli
kaseti	-eti	proveri	kasele
kasirati	-irati	visoka	kasiram
kasirati	-irati	visoka	kasiraš
kasirati	-irati	visoka	kasiramo
kasirati	-irati	visoka	kasirate
kasirati	-irati	visoka	kasiraju
kasirati	-irati	visoka	kasirao
kasirati	-irati	visoka	kasirala
kasirati	-irati	visoka	kasiralo
kasirati	-irati	visoka	kasirali
kasirati	-irati	visoka	kasirale
kasirati	-irati	visoka	kasiraj
kasirati	-irati	visoka	kasirajte
katapultirati	-irati	visoka	katapultiram
katapultirati	-irati	visoka	katapultiraš
katapultirati	-irati	visoka	katapultira
katapultirati	-irati	visoka	katapultiramo
katapultirati	-irati	visoka	katapultirate
katapultirati	-irati	visoka	katapultiraju
katapultirati	-irati	visoka	katapultirala
katapultirati	-irati	visoka	katapultiralo
katapultirati	-irati	visoka	katapultirali
katapultirati	-irati	visoka	katapultirale
katapultirati	-irati	visoka	katapultirajte
kazeti	-eti	proveri	kazim
kazeti	-eti	proveri	kaziš
kazeti	-eti	proveri	kazi
kazeti	-eti	proveri	kazimo
kazeti	-eti	proveri	kaze
kazeti	-eti	proveri	kazeo
kazeti	-eti	proveri	kazela
kazeti	-eti	proveri	kazelo
kazeti	-eti	proveri	kazeli
kazeti	-eti	proveri	kazele
kašljucati	-ati/-eti (obrazac NEPOZNAT: nema oblika prezenta u rečniku)	odluči ti	kašljucala
kašljucati	-ati/-eti (obrazac NEPOZNAT: nema oblika prezenta u rečniku)	odluči ti	kašljucalo
kašljucati	-ati/-eti (obrazac NEPOZNAT: nema oblika prezenta u rečniku)	odluči ti	kašljucali
kidisati	-ati/-eti (obrazac NEPOZNAT: nema oblika prezenta u rečniku)	odluči ti	kidisala
kidisati	-ati/-eti (obrazac NEPOZNAT: nema oblika prezenta u rečniku)	odluči ti	kidisalo
kidisati	-ati/-eti (obrazac NEPOZNAT: nema oblika prezenta u rečniku)	odluči ti	kidisale
kidnuti	-nuti	visoka	kidnem
kidnuti	-nuti	visoka	kidneš
kidnuti	-nuti	visoka	kidne
kidnuti	-nuti	visoka	kidnete
kidnuti	-nuti	visoka	kidnu
kidnuti	-nuti	visoka	kidnulo
kidnuti	-nuti	visoka	kidnuli
kidnuti	-nuti	visoka	kidnule
kidnuti	-nuti	visoka	kidni
kidnuti	-nuti	visoka	kidnite
kihnuti	-nuti	visoka	kihnem
kihnuti	-nuti	visoka	kihneš
kihnuti	-nuti	visoka	kihnemo
kihnuti	-nuti	visoka	kihnete
kihnuti	-nuti	visoka	kihnulo
kihnuti	-nuti	visoka	kihnuli
kihnuti	-nuti	visoka	kihnule
kihnuti	-nuti	visoka	kihni
kihnuti	-nuti	visoka	kihnite
kijati	-ati/-eti (obrazac NEPOZNAT: nema oblika prezenta u rečniku)	odluči ti	kijala
kijati	-ati/-eti (obrazac NEPOZNAT: nema oblika prezenta u rečniku)	odluči ti	kijalo
kijati	-ati/-eti (obrazac NEPOZNAT: nema oblika prezenta u rečniku)	odluči ti	kijali
kijati	-ati/-eti (obrazac NEPOZNAT: nema oblika prezenta u rečniku)	odluči ti	kijale
kinuti	-nuti	visoka	kinem
kinuti	-nuti	visoka	kineš
kinuti	-nuti	visoka	kinemo
kinuti	-nuti	visoka	kinete
kinuti	-nuti	visoka	kinulo
kinuti	-nuti	visoka	kinuli
kinuti	-nuti	visoka	kinule
kinuti	-nuti	visoka	kinite
klasifikovati	-ovati	visoka	klasifikujem
klasifikovati	-ovati	visoka	klasifikuješ
klasifikovati	-ovati	visoka	klasifikujemo
klasifikovati	-ovati	visoka	klasifikujete
klasifikovati	-ovati	visoka	klasifikovao
klasifikovati	-ovati	visoka	klasifikovala
klasifikovati	-ovati	visoka	klasifikovalo
klasifikovati	-ovati	visoka	klasifikovali
klasifikovati	-ovati	visoka	klasifikovale
klasifikovati	-ovati	visoka	klasifikuj
klasifikovati	-ovati	visoka	klasifikujte
klasirati	-irati	visoka	klasiram
klasirati	-irati	visoka	klasiraš
klasirati	-irati	visoka	klasiramo
klasirati	-irati	visoka	klasirate
klasirati	-irati	visoka	klasiraju
klasirati	-irati	visoka	klasirao
klasirati	-irati	visoka	klasirala
klasirati	-irati	visoka	klasiralo
klasirati	-irati	visoka	klasirali
klasirati	-irati	visoka	klasirale
klasirati	-irati	visoka	klasiraj
klasirati	-irati	visoka	klasirajte
klepati	-ati/-eti (obrazac -im, pročitan iz rečnika)	visoka	klepiš
klepati	-ati/-eti (obrazac -im, pročitan iz rečnika)	visoka	klepi
klepati	-ati/-eti (obrazac -im, pročitan iz rečnika)	visoka	klepimo
klepati	-ati/-eti (obrazac -im, pročitan iz rečnika)	visoka	klepite
klepati	-ati/-eti (obrazac -im, pročitan iz rečnika)	visoka	klepe
klepati	-ati/-eti (obrazac -im, pročitan iz rečnika)	visoka	klepali
klepati	-ati/-eti (obrazac -im, pročitan iz rečnika)	visoka	klepale
klesati	-ati/-eti (obrazac NEPOZNAT: nema oblika prezenta u rečniku)	odluči ti	klesala
klesati	-ati/-eti (obrazac NEPOZNAT: nema oblika prezenta u rečniku)	odluči ti	klesalo
klesati	-ati/-eti (obrazac NEPOZNAT: nema oblika prezenta u rečniku)	odluči ti	klesali
klesati	-ati/-eti (obrazac NEPOZNAT: nema oblika prezenta u rečniku)	odluči ti	klesale
klikovati	-ovati	visoka	klikujem
klikovati	-ovati	visoka	klikuješ
klikovati	-ovati	visoka	klikujemo
klikovati	-ovati	visoka	klikujete
klikovati	-ovati	visoka	klikovao
klikovati	-ovati	visoka	klikovala
klikovati	-ovati	visoka	klikovalo
klikovati	-ovati	visoka	klikovali
klikovati	-ovati	visoka	klikovale
klikovati	-ovati	visoka	klikuj
klikovati	-ovati	visoka	klikujte
klisnuti	-nuti	visoka	klisnem
klisnuti	-nuti	visoka	klisneš
klisnuti	-nuti	visoka	klisnete
klisnuti	-nuti	visoka	klisnula
klisnuti	-nuti	visoka	klisnulo
klisnuti	-nuti	visoka	klisnuli
klisnuti	-nuti	visoka	klisnule
klisnuti	-nuti	visoka	klisni
klisnuti	-nuti	visoka	klisnite
klistirati	-irati	visoka	klistiram
klistirati	-irati	visoka	klistiraš
klistirati	-irati	visoka	klistiramo
klistirati	-irati	visoka	klistirate
klistirati	-irati	visoka	klistiraju
klistirati	-irati	visoka	klistirao
klistirati	-irati	visoka	klistirala
klistirati	-irati	visoka	klistiralo
klistirati	-irati	visoka	klistirali
klistirati	-irati	visoka	klistirale
klistirati	-irati	visoka	klistiraj
klistirati	-irati	visoka	klistirajte
kljuvati	-ati/-eti (obrazac NEPOZNAT: nema oblika prezenta u rečniku)	odluči ti	kljuvala
kljuvati	-ati/-eti (obrazac NEPOZNAT: nema oblika prezenta u rečniku)	odluči ti	kljuvalo
kljuvati	-ati/-eti (obrazac NEPOZNAT: nema oblika prezenta u rečniku)	odluči ti	kljuvali
kljuvati	-ati/-eti (obrazac NEPOZNAT: nema oblika prezenta u rečniku)	odluči ti	kljuvale
kmetovati	-ovati	visoka	kmetujem
kmetovati	-ovati	visoka	kmetuješ
kmetovati	-ovati	visoka	kmetujemo
kmetovati	-ovati	visoka	kmetujete
kmetovati	-ovati	visoka	kmetovala
kmetovati	-ovati	visoka	kmetovalo
kmetovati	-ovati	visoka	kmetovali
kmetovati	-ovati	visoka	kmetovale
kobeljati	-ati/-eti (obrazac NEPOZNAT: nema oblika prezenta u rečniku)	odluči ti	kobeljala
kobeljati	-ati/-eti (obrazac NEPOZNAT: nema oblika prezenta u rečniku)	odluči ti	kobeljalo
kobeljati	-ati/-eti (obrazac NEPOZNAT: nema oblika prezenta u rečniku)	odluči ti	kobeljali
kobeljati	-ati/-eti (obrazac NEPOZNAT: nema oblika prezenta u rečniku)	odluči ti	kobeljale
kodirati	-irati	visoka	kodiram
kodirati	-irati	visoka	kodiraš
kodirati	-irati	visoka	kodiramo
kodirati	-irati	visoka	kodirate
kodirati	-irati	visoka	kodirala
kodirati	-irati	visoka	kodiralo
kodirati	-irati	visoka	kodirale
kodirati	-irati	visoka	kodiraj
kodirati	-irati	visoka	kodirajte
kolabirati	-irati	visoka	kolabiram
kolabirati	-irati	visoka	kolabiraš
kolabirati	-irati	visoka	kolabiramo
kolabirati	-irati	visoka	kolabirate
kolabirati	-irati	visoka	kolabirali
kolabirati	-irati	visoka	kolabirale
kolabirati	-irati	visoka	kolabiraj
kolabirati	-irati	visoka	kolabirajte
kolati	-ati/-eti (obrazac NEPOZNAT: nema oblika prezenta u rečniku)	odluči ti	kolalo
kolati	-ati/-eti (obrazac NEPOZNAT: nema oblika prezenta u rečniku)	odluči ti	kolali
kolati	-ati/-eti (obrazac NEPOZNAT: nema oblika prezenta u rečniku)	odluči ti	kolale
kolonizovati	-ovati	visoka	kolonizujem
kolonizovati	-ovati	visoka	kolonizuješ
kolonizovati	-ovati	visoka	kolonizujemo
kolonizovati	-ovati	visoka	kolonizujete
kolonizovati	-ovati	visoka	kolonizovao
kolonizovati	-ovati	visoka	kolonizovala
kolonizovati	-ovati	visoka	kolonizovalo
kolonizovati	-ovati	visoka	kolonizovale
kolonizovati	-ovati	visoka	kolonizuj
kolonizovati	-ovati	visoka	kolonizujte
kolutati	-ati/-eti (obrazac -am, pročitan iz rečnika)	visoka	kolutamo
kolutati	-ati/-eti (obrazac -am, pročitan iz rečnika)	visoka	kolutate
kolutati	-ati/-eti (obrazac -am, pročitan iz rečnika)	visoka	kolutaj
kolutati	-ati/-eti (obrazac -am, pročitan iz rečnika)	visoka	kolutajte
kolutati	-ati/-eti (obrazac -am, pročitan iz rečnika)	visoka	kolutao
kolutati	-ati/-eti (obrazac -am, pročitan iz rečnika)	visoka	kolutala
kolutati	-ati/-eti (obrazac -am, pročitan iz rečnika)	visoka	kolutalo
kolutati	-ati/-eti (obrazac -am, pročitan iz rečnika)	visoka	kolutali
komandirati	-irati	visoka	komandiram
komandirati	-irati	visoka	komandiraš
komandirati	-irati	visoka	komandiramo
komandirati	-irati	visoka	komandirate
komandirati	-irati	visoka	komandiraju
komandirati	-irati	visoka	komandirala
komandirati	-irati	visoka	komandiralo
komandirati	-irati	visoka	komandirali
komandirati	-irati	visoka	komandirale
komandirati	-irati	visoka	komandiraj
komandirati	-irati	visoka	komandirajte
kombinati	-ati/-eti (obrazac NEPOZNAT: nema oblika prezenta u rečniku)	odluči ti	kombinao
kombinati	-ati/-eti (obrazac NEPOZNAT: nema oblika prezenta u rečniku)	odluči ti	kombinala
kombinati	-ati/-eti (obrazac NEPOZNAT: nema oblika prezenta u rečniku)	odluči ti	kombinalo
kombinati	-ati/-eti (obrazac NEPOZNAT: nema oblika prezenta u rečniku)	odluči ti	kombinali
kombinati	-ati/-eti (obrazac NEPOZNAT: nema oblika prezenta u rečniku)	odluči ti	kombinale
komparirati	-irati	visoka	kompariram
komparirati	-irati	visoka	kompariraš
komparirati	-irati	visoka	kompariramo
komparirati	-irati	visoka	komparirate
komparirati	-irati	visoka	kompariraju
komparirati	-irati	visoka	komparirao
komparirati	-irati	visoka	komparirala
komparirati	-irati	visoka	kompariralo
komparirati	-irati	visoka	komparirali
komparirati	-irati	visoka	komparirale
komparirati	-irati	visoka	komparirajte
kompenzovati	-ovati	visoka	kompenzujemo
kompenzovati	-ovati	visoka	kompenzujete
kompenzovati	-ovati	visoka	kompenzovala
kompenzovati	-ovati	visoka	kompenzovalo
kompenzovati	-ovati	visoka	kompenzovali
kompenzovati	-ovati	visoka	kompenzovale
kompenzovati	-ovati	visoka	kompenzuj
kompenzovati	-ovati	visoka	kompenzujte
kondenzovati	-ovati	visoka	kondenzujem
kondenzovati	-ovati	visoka	kondenzuješ
kondenzovati	-ovati	visoka	kondenzujemo
kondenzovati	-ovati	visoka	kondenzujete
kondenzovati	-ovati	visoka	kondenzovao
kondenzovati	-ovati	visoka	kondenzovala
kondenzovati	-ovati	visoka	kondenzovalo
kondenzovati	-ovati	visoka	kondenzovali
kondenzovati	-ovati	visoka	kondenzovale
kondenzovati	-ovati	visoka	kondenzuj
kondenzovati	-ovati	visoka	kondenzujte
konstatirati	-irati	visoka	konstatiraš
konstatirati	-irati	visoka	konstatirate
konstatirati	-irati	visoka	konstatiraju
konstatirati	-irati	visoka	konstatirao
konstatirati	-irati	visoka	konstatirala
konstatirati	-irati	visoka	konstatiralo
konstatirati	-irati	visoka	konstatirali
konstatirati	-irati	visoka	konstatirale
konstatirati	-irati	visoka	konstatiraj
konstatirati	-irati	visoka	konstatirajte
konstruisati	-ati/-eti (obrazac -pal, pročitan iz rečnika)	visoka	konstruišeš
konstruisati	-ati/-eti (obrazac -pal, pročitan iz rečnika)	visoka	konstruišemo
konstruisati	-ati/-eti (obrazac -pal, pročitan iz rečnika)	visoka	konstruišete
konstruisati	-ati/-eti (obrazac -pal, pročitan iz rečnika)	visoka	konstruiši
konstruisati	-ati/-eti (obrazac -pal, pročitan iz rečnika)	visoka	konstruišite
konstruisati	-ati/-eti (obrazac -pal, pročitan iz rečnika)	visoka	konstruisala
konstruisati	-ati/-eti (obrazac -pal, pročitan iz rečnika)	visoka	konstruisalo
konstruisati	-ati/-eti (obrazac -pal, pročitan iz rečnika)	visoka	konstruisale
kontaminirati	-irati	visoka	kontaminiram
kontaminirati	-irati	visoka	kontaminiraš
kontaminirati	-irati	visoka	kontaminiramo
kontaminirati	-irati	visoka	kontaminirate
kontaminirati	-irati	visoka	kontaminiralo
kontaminirati	-irati	visoka	kontaminirale
kontaminirati	-irati	visoka	kontaminiraj
kontaminirati	-irati	visoka	kontaminirajte
konvenirati	-irati	visoka	konveniram
konvenirati	-irati	visoka	konveniraš
konvenirati	-irati	visoka	konveniramo
konvenirati	-irati	visoka	konvenirate
konvenirati	-irati	visoka	konveniraju
konvenirati	-irati	visoka	konvenirao
konvenirati	-irati	visoka	konvenirala
konvenirati	-irati	visoka	konveniralo
konvenirati	-irati	visoka	konvenirali
konvenirati	-irati	visoka	konvenirale
konvenirati	-irati	visoka	konveniraj
konvenirati	-irati	visoka	konvenirajte
konzervirati	-irati	visoka	konzerviram
konzervirati	-irati	visoka	konzerviraš
konzervirati	-irati	visoka	konzerviramo
konzervirati	-irati	visoka	konzervirate
konzervirati	-irati	visoka	konzerviraju
konzervirati	-irati	visoka	konzervirao
konzervirati	-irati	visoka	konzerviralo
konzervirati	-irati	visoka	konzervirali
konzervirati	-irati	visoka	konzervirale
konzervirati	-irati	visoka	konzerviraj
konzervirati	-irati	visoka	konzervirajte
koordinirati	-irati	visoka	koordinirate
koordinirati	-irati	visoka	koordiniraju
koordinirati	-irati	visoka	koordinirao
koordinirati	-irati	visoka	koordinirala
koordinirati	-irati	visoka	koordiniralo
koordinirati	-irati	visoka	koordinirali
koordinirati	-irati	visoka	koordinirale
koordinirati	-irati	visoka	koordiniraj
kopkati	-ati/-eti (obrazac -am, pročitan iz rečnika)	visoka	kopkaš
kopkati	-ati/-eti (obrazac -am, pročitan iz rečnika)	visoka	kopkamo
kopkati	-ati/-eti (obrazac -am, pročitan iz rečnika)	visoka	kopkate
kopkati	-ati/-eti (obrazac -am, pročitan iz rečnika)	visoka	kopkaju
kopkati	-ati/-eti (obrazac -am, pročitan iz rečnika)	visoka	kopkajte
kopkati	-ati/-eti (obrazac -am, pročitan iz rečnika)	visoka	kopkao
kopkati	-ati/-eti (obrazac -am, pročitan iz rečnika)	visoka	kopkala
kopkati	-ati/-eti (obrazac -am, pročitan iz rečnika)	visoka	kopkale
kopneti	-eti	proveri	kopnim
kopneti	-eti	proveri	kopnimo
kopneti	-eti	proveri	kopnite
kopneti	-eti	proveri	kopneo
kopneti	-eti	proveri	kopnela
kopneti	-eti	proveri	kopnelo
kopneti	-eti	proveri	kopneli
kopneti	-eti	proveri	kopnele
koraknuti	-nuti	visoka	korakneš
koraknuti	-nuti	visoka	koraknemo
koraknuti	-nuti	visoka	koraknete
koraknuti	-nuti	visoka	koraknulo
koraknuti	-nuti	visoka	koraknuli
koraknuti	-nuti	visoka	koraknule
koraknuti	-nuti	visoka	korakni
koraknuti	-nuti	visoka	koraknite
koračiti	-iti	visoka	koračim
koračiti	-iti	visoka	koračiš
koračiti	-iti	visoka	koračimo
koračiti	-iti	visoka	koračite
koračiti	-iti	visoka	korače
koračiti	-iti	visoka	koračila
koračiti	-iti	visoka	koračilo
koračiti	-iti	visoka	koračili
koračiti	-iti	visoka	koračile
korespondirati	-irati	visoka	korespondiram
korespondirati	-irati	visoka	korespondiraš
korespondirati	-irati	visoka	korespondiramo
korespondirati	-irati	visoka	korespondirate
korespondirati	-irati	visoka	korespondirao
korespondirati	-irati	visoka	korespondirala
korespondirati	-irati	visoka	korespondiralo
korespondirati	-irati	visoka	korespondirali
korespondirati	-irati	visoka	korespondirale
korespondirati	-irati	visoka	korespondiraj
korespondirati	-irati	visoka	korespondirajte
kosati	-ati/-eti (obrazac NEPOZNAT: protivrečni oblici: im/pal)	odluči ti	kosao
kosati	-ati/-eti (obrazac NEPOZNAT: protivrečni oblici: im/pal)	odluči ti	kosala
kosati	-ati/-eti (obrazac NEPOZNAT: protivrečni oblici: im/pal)	odluči ti	kosalo
kosati	-ati/-eti (obrazac NEPOZNAT: protivrečni oblici: im/pal)	odluči ti	kosali
kosati	-ati/-eti (obrazac NEPOZNAT: protivrečni oblici: im/pal)	odluči ti	kosale
kotiti	-iti	visoka	kotim
kotiti	-iti	visoka	kotiš
kotiti	-iti	visoka	koti
kotiti	-iti	visoka	kotimo
kotiti	-iti	visoka	kotio
kotiti	-iti	visoka	kotila
kotiti	-iti	visoka	kotilo
kotiti	-iti	visoka	kotili
kotiti	-iti	visoka	kotile
kočijašiti	-iti	visoka	kočijašim
kočijašiti	-iti	visoka	kočijašiš
kočijašiti	-iti	visoka	kočijašimo
kočijašiti	-iti	visoka	kočijašite
kočijašiti	-iti	visoka	kočijašio
kočijašiti	-iti	visoka	kočijašila
kočijašiti	-iti	visoka	kočijašilo
kočijašiti	-iti	visoka	kočijašili
kočijašiti	-iti	visoka	kočijašile
kočoperiti	-iti	visoka	kočoperim
kočoperiti	-iti	visoka	kočoperiš
kočoperiti	-iti	visoka	kočoperimo
kočoperiti	-iti	visoka	kočoperite
kočoperiti	-iti	visoka	kočopere
kočoperiti	-iti	visoka	kočoperila
kočoperiti	-iti	visoka	kočoperilo
kočoperiti	-iti	visoka	kočoperili
kočoperiti	-iti	visoka	kočoperile
kraljevati	-ati/-eti (obrazac -im, pročitan iz rečnika)	visoka	kraljeviš
kraljevati	-ati/-eti (obrazac -im, pročitan iz rečnika)	visoka	kraljevimo
kraljevati	-ati/-eti (obrazac -im, pročitan iz rečnika)	visoka	kraljevite
kraljevati	-ati/-eti (obrazac -im, pročitan iz rečnika)	visoka	kraljevao
kraljevati	-ati/-eti (obrazac -im, pročitan iz rečnika)	visoka	kraljevala
kraljevati	-ati/-eti (obrazac -im, pročitan iz rečnika)	visoka	kraljevalo
kraljevati	-ati/-eti (obrazac -im, pročitan iz rečnika)	visoka	kraljevali
kraljevati	-ati/-eti (obrazac -im, pročitan iz rečnika)	visoka	kraljevale
kraćati	-ati/-eti (obrazac NEPOZNAT: protivrečni oblici: em/im)	odluči ti	kraćao
kraćati	-ati/-eti (obrazac NEPOZNAT: protivrečni oblici: em/im)	odluči ti	kraćala
kraćati	-ati/-eti (obrazac NEPOZNAT: protivrečni oblici: em/im)	odluči ti	kraćalo
kraćati	-ati/-eti (obrazac NEPOZNAT: protivrečni oblici: em/im)	odluči ti	kraćali
kraćati	-ati/-eti (obrazac NEPOZNAT: protivrečni oblici: em/im)	odluči ti	kraćale
krcati	-ati/-eti (obrazac -am, pročitan iz rečnika)	visoka	krcaš
krcati	-ati/-eti (obrazac -am, pročitan iz rečnika)	visoka	krcamo
krcati	-ati/-eti (obrazac -am, pročitan iz rečnika)	visoka	krcaj
krcati	-ati/-eti (obrazac -am, pročitan iz rečnika)	visoka	krcajte
krcati	-ati/-eti (obrazac -am, pročitan iz rečnika)	visoka	krcao
krcati	-ati/-eti (obrazac -am, pročitan iz rečnika)	visoka	krcala
krcati	-ati/-eti (obrazac -am, pročitan iz rečnika)	visoka	krcalo
krcati	-ati/-eti (obrazac -am, pročitan iz rečnika)	visoka	krcali
krcati	-ati/-eti (obrazac -am, pročitan iz rečnika)	visoka	krcale
kreditirati	-irati	visoka	kreditiram
kreditirati	-irati	visoka	kreditiraš
kreditirati	-irati	visoka	kreditiramo
kreditirati	-irati	visoka	kreditirate
kreditirati	-irati	visoka	kreditiraju
kreditirati	-irati	visoka	kreditirala
kreditirati	-irati	visoka	kreditiralo
kreditirati	-irati	visoka	kreditirali
kreditirati	-irati	visoka	kreditirale
kreditirati	-irati	visoka	kreditiraj
kreditirati	-irati	visoka	kreditirajte
krepiti	-iti	visoka	krepim
krepiti	-iti	visoka	krepiš
krepiti	-iti	visoka	krepimo
krepiti	-iti	visoka	krepite
krepiti	-iti	visoka	krepio
krepiti	-iti	visoka	krepila
krepiti	-iti	visoka	krepilo
krepiti	-iti	visoka	krepile
kriknuti	-nuti	visoka	kriknem
kriknuti	-nuti	visoka	krikneš
kriknuti	-nuti	visoka	kriknemo
kriknuti	-nuti	visoka	kriknete
kriknuti	-nuti	visoka	kriknulo
kriknuti	-nuti	visoka	kriknule
kriknuti	-nuti	visoka	krikni
kriknuti	-nuti	visoka	kriknite
krivudati	-ati/-eti (obrazac NEPOZNAT: nema oblika prezenta u rečniku)	odluči ti	krivudalo
krivudati	-ati/-eti (obrazac NEPOZNAT: nema oblika prezenta u rečniku)	odluči ti	krivudali
krivudati	-ati/-eti (obrazac NEPOZNAT: nema oblika prezenta u rečniku)	odluči ti	krivudale
krmaniti	-iti	visoka	krmanim
krmaniti	-iti	visoka	krmaniš
krmaniti	-iti	visoka	krmanimo
krmaniti	-iti	visoka	krmanite
krmaniti	-iti	visoka	krmane
krmaniti	-iti	visoka	krmanila
krmaniti	-iti	visoka	krmanilo
krmaniti	-iti	visoka	krmanili
krmaniti	-iti	visoka	krmanile
krpariti	-iti	visoka	krpariš
krpariti	-iti	visoka	krpari
krpariti	-iti	visoka	krparimo
krpariti	-iti	visoka	krparite
krpariti	-iti	visoka	krpario
krpariti	-iti	visoka	krparila
krpariti	-iti	visoka	krparilo
krpariti	-iti	visoka	krparili
krpariti	-iti	visoka	krparile
krutiti	-iti	visoka	krutiš
krutiti	-iti	visoka	krutimo
krutiti	-iti	visoka	krutite
krutiti	-iti	visoka	krutio
krutiti	-iti	visoka	krutilo
krutiti	-iti	visoka	krutili
krutiti	-iti	visoka	krutile
kuckati	-ati/-eti (obrazac -am, pročitan iz rečnika)	visoka	kuckam
kuckati	-ati/-eti (obrazac -am, pročitan iz rečnika)	visoka	kucka
kuckati	-ati/-eti (obrazac -am, pročitan iz rečnika)	visoka	kuckamo
kuckati	-ati/-eti (obrazac -am, pročitan iz rečnika)	visoka	kuckate
kuckati	-ati/-eti (obrazac -am, pročitan iz rečnika)	visoka	kuckajte
kuckati	-ati/-eti (obrazac -am, pročitan iz rečnika)	visoka	kuckala
kuckati	-ati/-eti (obrazac -am, pročitan iz rečnika)	visoka	kuckali
kuckati	-ati/-eti (obrazac -am, pročitan iz rečnika)	visoka	kuckale
kukurikati	-ati/-eti (obrazac NEPOZNAT: nema oblika prezenta u rečniku)	odluči ti	kukurikala
kukurikati	-ati/-eti (obrazac NEPOZNAT: nema oblika prezenta u rečniku)	odluči ti	kukurikalo
kukurikati	-ati/-eti (obrazac NEPOZNAT: nema oblika prezenta u rečniku)	odluči ti	kukurikali
kukurikati	-ati/-eti (obrazac NEPOZNAT: nema oblika prezenta u rečniku)	odluči ti	kukurikale
kulirati	-irati	visoka	kulirate
kulirati	-irati	visoka	kuliraju
kulirati	-irati	visoka	kulirao
kulirati	-irati	visoka	kulirala
kulirati	-irati	visoka	kuliralo
kulirati	-irati	visoka	kulirali
kulirati	-irati	visoka	kulirale
kulirati	-irati	visoka	kulirajte
kultivisati	-ati/-eti (obrazac -pal, pročitan iz rečnika)	visoka	kultivišem
kultivisati	-ati/-eti (obrazac -pal, pročitan iz rečnika)	visoka	kultivišemo
kultivisati	-ati/-eti (obrazac -pal, pročitan iz rečnika)	visoka	kultivišete
kultivisati	-ati/-eti (obrazac -pal, pročitan iz rečnika)	visoka	kultiviši
kultivisati	-ati/-eti (obrazac -pal, pročitan iz rečnika)	visoka	kultivišite
kultivisati	-ati/-eti (obrazac -pal, pročitan iz rečnika)	visoka	kultivisala
kultivisati	-ati/-eti (obrazac -pal, pročitan iz rečnika)	visoka	kultivisalo
kultivisati	-ati/-eti (obrazac -pal, pročitan iz rečnika)	visoka	kultivisali
kultivisati	-ati/-eti (obrazac -pal, pročitan iz rečnika)	visoka	kultivisale
kvrcnuti	-nuti	visoka	kvrcnem
kvrcnuti	-nuti	visoka	kvrcneš
kvrcnuti	-nuti	visoka	kvrcnemo
kvrcnuti	-nuti	visoka	kvrcnete
kvrcnuti	-nuti	visoka	kvrcnu
kvrcnuti	-nuti	visoka	kvrcnula
kvrcnuti	-nuti	visoka	kvrcnulo
kvrcnuti	-nuti	visoka	kvrcnuli
kvrcnuti	-nuti	visoka	kvrcnule
kvrcnuti	-nuti	visoka	kvrcni
kvrcnuti	-nuti	visoka	kvrcnite
labaviti	-iti	visoka	labaviš
labaviti	-iti	visoka	labavimo
labaviti	-iti	visoka	labavite
labaviti	-iti	visoka	labavio
labaviti	-iti	visoka	labavila
labaviti	-iti	visoka	labavilo
labaviti	-iti	visoka	labavili
labaviti	-iti	visoka	labavile
laknuti	-nuti	visoka	laknem
laknuti	-nuti	visoka	lakneš
laknuti	-nuti	visoka	laknemo
laknuti	-nuti	visoka	laknete
laknuti	-nuti	visoka	laknula
laknuti	-nuti	visoka	laknuli
laknuti	-nuti	visoka	laknule
laknuti	-nuti	visoka	lakni
laknuti	-nuti	visoka	laknite
latiti	-iti	visoka	latiš
latiti	-iti	visoka	lati
latiti	-iti	visoka	latimo
latiti	-iti	visoka	late
latiti	-iti	visoka	latilo
latiti	-iti	visoka	latili
latiti	-iti	visoka	latile
laziti	-iti	visoka	lazim
laziti	-iti	visoka	laziš
laziti	-iti	visoka	lazimo
laziti	-iti	visoka	lazite
laziti	-iti	visoka	lazila
laziti	-iti	visoka	lazilo
laziti	-iti	visoka	lazile
lecati	-ati/-eti (obrazac NEPOZNAT: nema oblika prezenta u rečniku)	odluči ti	lecala
lecati	-ati/-eti (obrazac NEPOZNAT: nema oblika prezenta u rečniku)	odluči ti	lecalo
lecati	-ati/-eti (obrazac NEPOZNAT: nema oblika prezenta u rečniku)	odluči ti	lecali
lecati	-ati/-eti (obrazac NEPOZNAT: nema oblika prezenta u rečniku)	odluči ti	lecale
legalizovati	-ovati	visoka	legalizujem
legalizovati	-ovati	visoka	legalizuješ
legalizovati	-ovati	visoka	legalizujete
legalizovati	-ovati	visoka	legalizovao
legalizovati	-ovati	visoka	legalizovala
legalizovati	-ovati	visoka	legalizovalo
legalizovati	-ovati	visoka	legalizovale
legalizovati	-ovati	visoka	legalizuj
legalizovati	-ovati	visoka	legalizujte
legitimisati	-ati/-eti (obrazac -pal, pročitan iz rečnika)	visoka	legitimišeš
legitimisati	-ati/-eti (obrazac -pal, pročitan iz rečnika)	visoka	legitimišemo
legitimisati	-ati/-eti (obrazac -pal, pročitan iz rečnika)	visoka	legitimišete
legitimisati	-ati/-eti (obrazac -pal, pročitan iz rečnika)	visoka	legitimiši
legitimisati	-ati/-eti (obrazac -pal, pročitan iz rečnika)	visoka	legitimišite
legitimisati	-ati/-eti (obrazac -pal, pročitan iz rečnika)	visoka	legitimisala
legitimisati	-ati/-eti (obrazac -pal, pročitan iz rečnika)	visoka	legitimisalo
legitimisati	-ati/-eti (obrazac -pal, pročitan iz rečnika)	visoka	legitimisale
lemati	-ati/-eti (obrazac -am, pročitan iz rečnika)	visoka	lemaš
lemati	-ati/-eti (obrazac -am, pročitan iz rečnika)	visoka	lemamo
lemati	-ati/-eti (obrazac -am, pročitan iz rečnika)	visoka	lemate
lemati	-ati/-eti (obrazac -am, pročitan iz rečnika)	visoka	lemaju
lemati	-ati/-eti (obrazac -am, pročitan iz rečnika)	visoka	lemaj
lemati	-ati/-eti (obrazac -am, pročitan iz rečnika)	visoka	lemajte
lemati	-ati/-eti (obrazac -am, pročitan iz rečnika)	visoka	lemao
lemati	-ati/-eti (obrazac -am, pročitan iz rečnika)	visoka	lemala
lemati	-ati/-eti (obrazac -am, pročitan iz rečnika)	visoka	lemalo
lemati	-ati/-eti (obrazac -am, pročitan iz rečnika)	visoka	lemale
lemiti	-iti	visoka	lemim
lemiti	-iti	visoka	lemiš
lemiti	-iti	visoka	lemi
lemiti	-iti	visoka	lemimo
lemiti	-iti	visoka	lemite
lemiti	-iti	visoka	leme
lemiti	-iti	visoka	lemio
lemiti	-iti	visoka	lemila
lemiti	-iti	visoka	lemilo
lemiti	-iti	visoka	lemili
lemiti	-iti	visoka	lemile
leniti	-iti	visoka	leniš
leniti	-iti	visoka	lenimo
leniti	-iti	visoka	lenite
leniti	-iti	visoka	lenio
leniti	-iti	visoka	lenila
leniti	-iti	visoka	lenilo
leniti	-iti	visoka	lenili
leniti	-iti	visoka	lenile
lenstvovati	-ovati	visoka	lenstvujem
lenstvovati	-ovati	visoka	lenstvujemo
lenstvovati	-ovati	visoka	lenstvujete
lenstvovati	-ovati	visoka	lenstvuju
lenstvovati	-ovati	visoka	lenstvovao
lenstvovati	-ovati	visoka	lenstvovala
lenstvovati	-ovati	visoka	lenstvovalo
lenstvovati	-ovati	visoka	lenstvovali
lenstvovati	-ovati	visoka	lenstvovale
lenstvovati	-ovati	visoka	lenstvuj
lenstvovati	-ovati	visoka	lenstvujte
leškariti	-iti	visoka	leškarim
leškariti	-iti	visoka	leškariš
leškariti	-iti	visoka	leškarimo
leškariti	-iti	visoka	leškarite
leškariti	-iti	visoka	leškarila
leškariti	-iti	visoka	leškarilo
leškariti	-iti	visoka	leškarile
libiti	-iti	visoka	libim
libiti	-iti	visoka	libiš
libiti	-iti	visoka	libi
libiti	-iti	visoka	libimo
libiti	-iti	visoka	libe
libiti	-iti	visoka	libila
libiti	-iti	visoka	libilo
libiti	-iti	visoka	libile
lickati	-ati/-eti (obrazac NEPOZNAT: nema oblika prezenta u rečniku)	odluči ti	lickala
lickati	-ati/-eti (obrazac NEPOZNAT: nema oblika prezenta u rečniku)	odluči ti	lickalo
lickati	-ati/-eti (obrazac NEPOZNAT: nema oblika prezenta u rečniku)	odluči ti	lickali
lickati	-ati/-eti (obrazac NEPOZNAT: nema oblika prezenta u rečniku)	odluči ti	lickale
liferovati	-ovati	visoka	liferujem
liferovati	-ovati	visoka	liferuješ
liferovati	-ovati	visoka	liferuje
liferovati	-ovati	visoka	liferujemo
liferovati	-ovati	visoka	liferujete
liferovati	-ovati	visoka	liferovala
liferovati	-ovati	visoka	liferovalo
liferovati	-ovati	visoka	liferovali
liferovati	-ovati	visoka	liferovale
liferovati	-ovati	visoka	liferuj
liferovati	-ovati	visoka	liferujte
limitirati	-irati	visoka	limitiram
limitirati	-irati	visoka	limitiraš
limitirati	-irati	visoka	limitiramo
limitirati	-irati	visoka	limitirate
limitirati	-irati	visoka	limitirala
limitirati	-irati	visoka	limitiralo
limitirati	-irati	visoka	limitirali
limitirati	-irati	visoka	limitirale
limitirati	-irati	visoka	limitiraj
limitirati	-irati	visoka	limitirajte
linčovati	-ovati	visoka	linčujem
linčovati	-ovati	visoka	linčuješ
linčovati	-ovati	visoka	linčujemo
linčovati	-ovati	visoka	linčujete
linčovati	-ovati	visoka	linčovao
linčovati	-ovati	visoka	linčovalo
linčovati	-ovati	visoka	linčovale
linčovati	-ovati	visoka	linčuj
linčovati	-ovati	visoka	linčujte
ljosnuti	-nuti	visoka	ljosnem
ljosnuti	-nuti	visoka	ljosneš
ljosnuti	-nuti	visoka	ljosne
ljosnuti	-nuti	visoka	ljosnemo
ljosnuti	-nuti	visoka	ljosnete
ljosnuti	-nuti	visoka	ljosnula
ljosnuti	-nuti	visoka	ljosnulo
ljosnuti	-nuti	visoka	ljosnule
ljosnuti	-nuti	visoka	ljosni
ljosnuti	-nuti	visoka	ljosnite
ljuljnuti	-nuti	visoka	ljuljneš
ljuljnuti	-nuti	visoka	ljuljnemo
ljuljnuti	-nuti	visoka	ljuljnete
ljuljnuti	-nuti	visoka	ljuljnuo
ljuljnuti	-nuti	visoka	ljuljnula
ljuljnuti	-nuti	visoka	ljuljnulo
ljuljnuti	-nuti	visoka	ljuljnuli
ljuljnuti	-nuti	visoka	ljuljnule
ljuljnuti	-nuti	visoka	ljuljni
ljuljnuti	-nuti	visoka	ljuljnite
ljuljuškati	-ati/-eti (obrazac -am, pročitan iz rečnika)	visoka	ljuljuškaš
ljuljuškati	-ati/-eti (obrazac -am, pročitan iz rečnika)	visoka	ljuljuškamo
ljuljuškati	-ati/-eti (obrazac -am, pročitan iz rečnika)	visoka	ljuljuškate
ljuljuškati	-ati/-eti (obrazac -am, pročitan iz rečnika)	visoka	ljuljuškaju
ljuljuškati	-ati/-eti (obrazac -am, pročitan iz rečnika)	visoka	ljuljuškaj
ljuljuškati	-ati/-eti (obrazac -am, pročitan iz rečnika)	visoka	ljuljuškajte
ljuljuškati	-ati/-eti (obrazac -am, pročitan iz rečnika)	visoka	ljuljuškao
ljuljuškati	-ati/-eti (obrazac -am, pročitan iz rečnika)	visoka	ljuljuškala
ljuljuškati	-ati/-eti (obrazac -am, pročitan iz rečnika)	visoka	ljuljuškalo
ljuljuškati	-ati/-eti (obrazac -am, pročitan iz rečnika)	visoka	ljuljuškali
ljuljuškati	-ati/-eti (obrazac -am, pročitan iz rečnika)	visoka	ljuljuškale
lobovati	-ovati	visoka	lobujem
lobovati	-ovati	visoka	lobuješ
lobovati	-ovati	visoka	lobujemo
lobovati	-ovati	visoka	lobujete
lobovati	-ovati	visoka	lobuju
lobovati	-ovati	visoka	lobovala
lobovati	-ovati	visoka	lobovalo
lobovati	-ovati	visoka	lobovali
lobovati	-ovati	visoka	lobovale
lobovati	-ovati	visoka	lobuj
lobovati	-ovati	visoka	lobujte
lukaviti	-iti	visoka	lukaviš
lukaviti	-iti	visoka	lukavimo
lukaviti	-iti	visoka	lukavite
lukaviti	-iti	visoka	lukavio
lukaviti	-iti	visoka	lukavila
lukaviti	-iti	visoka	lukavilo
lukaviti	-iti	visoka	lukavili
lukaviti	-iti	visoka	lukavile
lumpovati	-ovati	visoka	lumpujem
lumpovati	-ovati	visoka	lumpuješ
lumpovati	-ovati	visoka	lumpujete
lumpovati	-ovati	visoka	lumpuju
lumpovati	-ovati	visoka	lumpovala
lumpovati	-ovati	visoka	lumpovalo
lumpovati	-ovati	visoka	lumpovale
lumpovati	-ovati	visoka	lumpuj
lumpovati	-ovati	visoka	lumpujte
lupnuti	-nuti	visoka	lupneš
lupnuti	-nuti	visoka	lupnemo
lupnuti	-nuti	visoka	lupnete
lupnuti	-nuti	visoka	lupnula
lupnuti	-nuti	visoka	lupnulo
lupnuti	-nuti	visoka	lupnuli
lupnuti	-nuti	visoka	lupnule
lupnuti	-nuti	visoka	lupnite
lučiti	-iti	visoka	lučim
lučiti	-iti	visoka	lučiš
lučiti	-iti	visoka	lučimo
lučiti	-iti	visoka	lučite
lučiti	-iti	visoka	lučilo
lučiti	-iti	visoka	lučili
lučiti	-iti	visoka	lučile
maciti	-iti	visoka	macim
maciti	-iti	visoka	maciš
maciti	-iti	visoka	macimo
maciti	-iti	visoka	macite
maciti	-iti	visoka	macio
maciti	-iti	visoka	macila
maciti	-iti	visoka	macilo
maciti	-iti	visoka	macili
maciti	-iti	visoka	macile
mahniti	-iti	visoka	mahnim
mahniti	-iti	visoka	mahniš
mahniti	-iti	visoka	mahnimo
mahniti	-iti	visoka	mahnio
mahniti	-iti	visoka	mahnila
mahniti	-iti	visoka	mahnilo
mahniti	-iti	visoka	mahnili
mahniti	-iti	visoka	mahnile
makljati	-ati/-eti (obrazac NEPOZNAT: nema oblika prezenta u rečniku)	odluči ti	makljala
makljati	-ati/-eti (obrazac NEPOZNAT: nema oblika prezenta u rečniku)	odluči ti	makljalo
makljati	-ati/-eti (obrazac NEPOZNAT: nema oblika prezenta u rečniku)	odluči ti	makljale
malati	-ati/-eti (obrazac NEPOZNAT: protivrečni oblici: em/im)	odluči ti	malao
malati	-ati/-eti (obrazac NEPOZNAT: protivrečni oblici: em/im)	odluči ti	malala
malati	-ati/-eti (obrazac NEPOZNAT: protivrečni oblici: em/im)	odluči ti	malalo
malati	-ati/-eti (obrazac NEPOZNAT: protivrečni oblici: em/im)	odluči ti	malali
malati	-ati/-eti (obrazac NEPOZNAT: protivrečni oblici: em/im)	odluči ti	malale
maliti	-iti	visoka	mališ
maliti	-iti	visoka	malimo
maliti	-iti	visoka	malite
maliti	-iti	visoka	malio
maliti	-iti	visoka	malila
maliti	-iti	visoka	malilo
maliti	-iti	visoka	malili
maliti	-iti	visoka	malile
manifestovati	-ovati	visoka	manifestujem
manifestovati	-ovati	visoka	manifestuješ
manifestovati	-ovati	visoka	manifestujemo
manifestovati	-ovati	visoka	manifestujete
manifestovati	-ovati	visoka	manifestovala
manifestovati	-ovati	visoka	manifestovali
manifestovati	-ovati	visoka	manifestovale
manifestovati	-ovati	visoka	manifestuj
manifestovati	-ovati	visoka	manifestujte
manikirati	-irati	visoka	manikiram
manikirati	-irati	visoka	manikiraš
manikirati	-irati	visoka	manikiramo
manikirati	-irati	visoka	manikirate
manikirati	-irati	visoka	manikiraju
manikirati	-irati	visoka	manikirao
manikirati	-irati	visoka	manikirala
manikirati	-irati	visoka	manikiralo
manikirati	-irati	visoka	manikirali
manikirati	-irati	visoka	manikirale
manikirati	-irati	visoka	manikiraj
manikirati	-irati	visoka	manikirajte
manipulirati	-irati	visoka	manipuliram
manipulirati	-irati	visoka	manipuliraš
manipulirati	-irati	visoka	manipuliramo
manipulirati	-irati	visoka	manipulirate
manipulirati	-irati	visoka	manipuliraju
manipulirati	-irati	visoka	manipulirala
manipulirati	-irati	visoka	manipuliralo
manipulirati	-irati	visoka	manipulirali
manipulirati	-irati	visoka	manipulirale
manipulirati	-irati	visoka	manipuliraj
manipulirati	-irati	visoka	manipulirajte
manjiti	-iti	visoka	manjiš
manjiti	-iti	visoka	manjimo
manjiti	-iti	visoka	manjite
manjiti	-iti	visoka	manjio
manjiti	-iti	visoka	manjila
manjiti	-iti	visoka	manjilo
manjiti	-iti	visoka	manjili
manjiti	-iti	visoka	manjile
mapirati	-irati	visoka	mapiraš
mapirati	-irati	visoka	mapirate
mapirati	-irati	visoka	mapiraju
mapirati	-irati	visoka	mapirala
mapirati	-irati	visoka	mapiralo
mapirati	-irati	visoka	mapirale
mapirati	-irati	visoka	mapiraj
mapirati	-irati	visoka	mapirajte
marinirati	-irati	visoka	mariniram
marinirati	-irati	visoka	mariniraš
marinirati	-irati	visoka	mariniramo
marinirati	-irati	visoka	marinirate
marinirati	-irati	visoka	marinirao
marinirati	-irati	visoka	marinirala
marinirati	-irati	visoka	mariniralo
marinirati	-irati	visoka	marinirali
marinirati	-irati	visoka	marinirale
marinirati	-irati	visoka	mariniraj
marinirati	-irati	visoka	marinirajte
mastiti	-iti	visoka	mastim
mastiti	-iti	visoka	mastiš
mastiti	-iti	visoka	mastimo
mastiti	-iti	visoka	mastite
mastiti	-iti	visoka	maste
mastiti	-iti	visoka	mastili
mastiti	-iti	visoka	mastile
masturbirati	-irati	visoka	masturbiramo
masturbirati	-irati	visoka	masturbiraju
masturbirati	-irati	visoka	masturbirao
masturbirati	-irati	visoka	masturbiralo
masturbirati	-irati	visoka	masturbirali
masturbirati	-irati	visoka	masturbirale
masturbirati	-irati	visoka	masturbiraj
masturbirati	-irati	visoka	masturbirajte
materijalizovati	-ovati	visoka	materijalizujem
materijalizovati	-ovati	visoka	materijalizuješ
materijalizovati	-ovati	visoka	materijalizujemo
materijalizovati	-ovati	visoka	materijalizujete
materijalizovati	-ovati	visoka	materijalizovao
materijalizovati	-ovati	visoka	materijalizovala
materijalizovati	-ovati	visoka	materijalizovalo
materijalizovati	-ovati	visoka	materijalizovale
materijalizovati	-ovati	visoka	materijalizuj
materijalizovati	-ovati	visoka	materijalizujte
matirati	-irati	visoka	matiram
matirati	-irati	visoka	matiraš
matirati	-irati	visoka	matiramo
matirati	-irati	visoka	matirate
matirati	-irati	visoka	matiraju
matirati	-irati	visoka	matirala
matirati	-irati	visoka	matiralo
matirati	-irati	visoka	matirali
matirati	-irati	visoka	matirale
matirati	-irati	visoka	matiraj
matirati	-irati	visoka	matirajte
matoriti	-iti	visoka	matoriš
matoriti	-iti	visoka	matorimo
matoriti	-iti	visoka	matorite
matoriti	-iti	visoka	matorio
matoriti	-iti	visoka	matorila
matoriti	-iti	visoka	matorilo
matoriti	-iti	visoka	matorili
matoriti	-iti	visoka	matorile
mašati	-ati/-eti (obrazac NEPOZNAT: protivrečni oblici: em/im)	odluči ti	mašalo
mašati	-ati/-eti (obrazac NEPOZNAT: protivrečni oblici: em/im)	odluči ti	mašali
mašati	-ati/-eti (obrazac NEPOZNAT: protivrečni oblici: em/im)	odluči ti	mašale
mehanizovati	-ovati	visoka	mehanizujem
mehanizovati	-ovati	visoka	mehanizuješ
mehanizovati	-ovati	visoka	mehanizujemo
mehanizovati	-ovati	visoka	mehanizujete
mehanizovati	-ovati	visoka	mehanizuju
mehanizovati	-ovati	visoka	mehanizovao
mehanizovati	-ovati	visoka	mehanizovala
mehanizovati	-ovati	visoka	mehanizovalo
mehanizovati	-ovati	visoka	mehanizovali
mehanizovati	-ovati	visoka	mehanizovale
mehanizovati	-ovati	visoka	mehanizuj
mehanizovati	-ovati	visoka	mehanizujte
memorisati	-ati/-eti (obrazac NEPOZNAT: nema oblika prezenta u rečniku)	odluči ti	memorisala
memorisati	-ati/-eti (obrazac NEPOZNAT: nema oblika prezenta u rečniku)	odluči ti	memorisalo
memorisati	-ati/-eti (obrazac NEPOZNAT: nema oblika prezenta u rečniku)	odluči ti	memorisali
memorisati	-ati/-eti (obrazac NEPOZNAT: nema oblika prezenta u rečniku)	odluči ti	memorisale
merkati	-ati/-eti (obrazac -am, pročitan iz rečnika)	visoka	merkamo
merkati	-ati/-eti (obrazac -am, pročitan iz rečnika)	visoka	merkate
merkati	-ati/-eti (obrazac -am, pročitan iz rečnika)	visoka	merkaju
merkati	-ati/-eti (obrazac -am, pročitan iz rečnika)	visoka	merkaj
merkati	-ati/-eti (obrazac -am, pročitan iz rečnika)	visoka	merkajte
merkati	-ati/-eti (obrazac -am, pročitan iz rečnika)	visoka	merkala
merkati	-ati/-eti (obrazac -am, pročitan iz rečnika)	visoka	merkalo
merkati	-ati/-eti (obrazac -am, pročitan iz rečnika)	visoka	merkali
merkati	-ati/-eti (obrazac -am, pročitan iz rečnika)	visoka	merkale
mesnati	-ati/-eti (obrazac -im, pročitan iz rečnika)	visoka	mesniš
mesnati	-ati/-eti (obrazac -im, pročitan iz rečnika)	visoka	mesnimo
mesnati	-ati/-eti (obrazac -im, pročitan iz rečnika)	visoka	mesnite
mesnati	-ati/-eti (obrazac -im, pročitan iz rečnika)	visoka	mesnao
mesnati	-ati/-eti (obrazac -im, pročitan iz rečnika)	visoka	mesnala
mesnati	-ati/-eti (obrazac -im, pročitan iz rečnika)	visoka	mesnalo
mesnati	-ati/-eti (obrazac -im, pročitan iz rečnika)	visoka	mesnali
mesnati	-ati/-eti (obrazac -im, pročitan iz rečnika)	visoka	mesnale
mignuti	-nuti	visoka	mignem
mignuti	-nuti	visoka	migneš
mignuti	-nuti	visoka	migne
mignuti	-nuti	visoka	mignemo
mignuti	-nuti	visoka	mignete
mignuti	-nuti	visoka	mignula
mignuti	-nuti	visoka	mignulo
mignuti	-nuti	visoka	mignuli
mignuti	-nuti	visoka	mignule
mignuti	-nuti	visoka	migni
mignuti	-nuti	visoka	mignite
militi	-iti	visoka	miliš
militi	-iti	visoka	milimo
militi	-iti	visoka	milite
militi	-iti	visoka	milio
militi	-iti	visoka	milila
militi	-iti	visoka	mililo
militi	-iti	visoka	milile
mimoilaziti	-iti	visoka	mimoilaziš
mimoilaziti	-iti	visoka	mimoilazite
mimoilaziti	-iti	visoka	mimoilazio
mimoilaziti	-iti	visoka	mimoilazila
mimoilaziti	-iti	visoka	mimoilazilo
mimoilaziti	-iti	visoka	mimoilazili
mimoilaziti	-iti	visoka	mimoilazile
miropomazati	-ati/-eti (obrazac NEPOZNAT: nema oblika prezenta u rečniku)	odluči ti	miropomazala
miropomazati	-ati/-eti (obrazac NEPOZNAT: nema oblika prezenta u rečniku)	odluči ti	miropomazalo
miropomazati	-ati/-eti (obrazac NEPOZNAT: nema oblika prezenta u rečniku)	odluči ti	miropomazali
miropomazati	-ati/-eti (obrazac NEPOZNAT: nema oblika prezenta u rečniku)	odluči ti	miropomazale
mistificirati	-irati	visoka	mistificiram
mistificirati	-irati	visoka	mistificiraš
mistificirati	-irati	visoka	mistificiramo
mistificirati	-irati	visoka	mistificirate
mistificirati	-irati	visoka	mistificiraju
mistificirati	-irati	visoka	mistificirao
mistificirati	-irati	visoka	mistificirala
mistificirati	-irati	visoka	mistificiralo
mistificirati	-irati	visoka	mistificirali
mistificirati	-irati	visoka	mistificirale
mistificirati	-irati	visoka	mistificiraj
mistificirati	-irati	visoka	mistificirajte
mitingovati	-ovati	visoka	mitingujem
mitingovati	-ovati	visoka	mitinguješ
mitingovati	-ovati	visoka	mitingujemo
mitingovati	-ovati	visoka	mitingujete
mitingovati	-ovati	visoka	mitinguju
mitingovati	-ovati	visoka	mitingovao
mitingovati	-ovati	visoka	mitingovala
mitingovati	-ovati	visoka	mitingovalo
mitingovati	-ovati	visoka	mitingovali
mitingovati	-ovati	visoka	mitingovale
mitingovati	-ovati	visoka	mitinguj
mitingovati	-ovati	visoka	mitingujte
mladiti	-iti	visoka	mladiš
mladiti	-iti	visoka	mladimo
mladiti	-iti	visoka	mladite
mladiti	-iti	visoka	mladio
mladiti	-iti	visoka	mladila
mladiti	-iti	visoka	mladilo
mladiti	-iti	visoka	mladili
mladiti	-iti	visoka	mladile
mlatnuti	-nuti	visoka	mlatneš
mlatnuti	-nuti	visoka	mlatnemo
mlatnuti	-nuti	visoka	mlatnete
mlatnuti	-nuti	visoka	mlatnu
mlatnuti	-nuti	visoka	mlatnulo
mlatnuti	-nuti	visoka	mlatnuli
mlatnuti	-nuti	visoka	mlatnule
mlatnuti	-nuti	visoka	mlatnite
mljackati	-ati/-eti (obrazac NEPOZNAT: nema oblika prezenta u rečniku)	odluči ti	mljackala
mljackati	-ati/-eti (obrazac NEPOZNAT: nema oblika prezenta u rečniku)	odluči ti	mljackalo
mljackati	-ati/-eti (obrazac NEPOZNAT: nema oblika prezenta u rečniku)	odluči ti	mljackali
mljackati	-ati/-eti (obrazac NEPOZNAT: nema oblika prezenta u rečniku)	odluči ti	mljackale
mljeti	-eti	proveri	mljim
mljeti	-eti	proveri	mljiš
mljeti	-eti	proveri	mlji
mljeti	-eti	proveri	mljimo
mljeti	-eti	proveri	mljite
mljeti	-eti	proveri	mljela
mljeti	-eti	proveri	mljelo
mljeti	-eti	proveri	mljeli
mljeti	-eti	proveri	mljele
mobilizovati	-ovati	visoka	mobilizujem
mobilizovati	-ovati	visoka	mobilizuješ
mobilizovati	-ovati	visoka	mobilizujemo
mobilizovati	-ovati	visoka	mobilizujete
mobilizovati	-ovati	visoka	mobilizovao
mobilizovati	-ovati	visoka	mobilizovala
mobilizovati	-ovati	visoka	mobilizovalo
mobilizovati	-ovati	visoka	mobilizovali
mobilizovati	-ovati	visoka	mobilizovale
mobilizovati	-ovati	visoka	mobilizuj
mobilizovati	-ovati	visoka	mobilizujte
modelirati	-irati	visoka	modeliraš
modelirati	-irati	visoka	modeliramo
modelirati	-irati	visoka	modelirate
modelirati	-irati	visoka	modeliralo
modelirati	-irati	visoka	modelirali
modelirati	-irati	visoka	modelirale
modelirati	-irati	visoka	modeliraj
modelirati	-irati	visoka	modelirajte
modreti	-eti	proveri	modriš
modreti	-eti	proveri	modrimo
modreti	-eti	proveri	modrite
modreti	-eti	proveri	modreo
modreti	-eti	proveri	modrela
modreti	-eti	proveri	modrelo
modreti	-eti	proveri	modreli
modreti	-eti	proveri	modrele
modriti	-iti	visoka	modriš
modriti	-iti	visoka	modrimo
modriti	-iti	visoka	modrite
modriti	-iti	visoka	modrio
modriti	-iti	visoka	modrila
modriti	-iti	visoka	modrilo
modriti	-iti	visoka	modrili
moljakati	-ati/-eti (obrazac -am, pročitan iz rečnika)	visoka	moljakaš
moljakati	-ati/-eti (obrazac -am, pročitan iz rečnika)	visoka	moljakate
moljakati	-ati/-eti (obrazac -am, pročitan iz rečnika)	visoka	moljakaju
moljakati	-ati/-eti (obrazac -am, pročitan iz rečnika)	visoka	moljakaj
moljakati	-ati/-eti (obrazac -am, pročitan iz rečnika)	visoka	moljakajte
moljakati	-ati/-eti (obrazac -am, pročitan iz rečnika)	visoka	moljakala
moljakati	-ati/-eti (obrazac -am, pročitan iz rečnika)	visoka	moljakalo
moljakati	-ati/-eti (obrazac -am, pročitan iz rečnika)	visoka	moljakale
molovati	-ovati	visoka	molujem
molovati	-ovati	visoka	moluje
molovati	-ovati	visoka	molujemo
molovati	-ovati	visoka	molujete
molovati	-ovati	visoka	moluju
molovati	-ovati	visoka	molovala
molovati	-ovati	visoka	molovalo
molovati	-ovati	visoka	molovali
molovati	-ovati	visoka	molovale
molovati	-ovati	visoka	moluj
molovati	-ovati	visoka	molujte
momkovati	-ovati	visoka	momkujem
momkovati	-ovati	visoka	momkuješ
momkovati	-ovati	visoka	momkuje
momkovati	-ovati	visoka	momkujemo
momkovati	-ovati	visoka	momkujete
momkovati	-ovati	visoka	momkuju
momkovati	-ovati	visoka	momkovala
momkovati	-ovati	visoka	momkovalo
momkovati	-ovati	visoka	momkovali
momkovati	-ovati	visoka	momkovale
momkovati	-ovati	visoka	momkuj
momkovati	-ovati	visoka	momkujte
mrcvariti	-iti	visoka	mrcvarim
mrcvariti	-iti	visoka	mrcvariš
mrcvariti	-iti	visoka	mrcvari
mrcvariti	-iti	visoka	mrcvarimo
mrcvariti	-iti	visoka	mrcvarite
mrcvariti	-iti	visoka	mrcvare
mrcvariti	-iti	visoka	mrcvarila
mrcvariti	-iti	visoka	mrcvarilo
mrcvariti	-iti	visoka	mrcvarili
mrcvariti	-iti	visoka	mrcvarile
mrgoditi	-iti	visoka	mrgodim
mrgoditi	-iti	visoka	mrgodiš
mrgoditi	-iti	visoka	mrgodimo
mrgoditi	-iti	visoka	mrgodite
mrgoditi	-iti	visoka	mrgodila
mrgoditi	-iti	visoka	mrgodilo
mrgoditi	-iti	visoka	mrgodili
mrgoditi	-iti	visoka	mrgodile
mrmoljiti	-iti	visoka	mrmoljim
mrmoljiti	-iti	visoka	mrmoljiš
mrmoljiti	-iti	visoka	mrmoljite
mrmoljiti	-iti	visoka	mrmoljila
mrmoljiti	-iti	visoka	mrmoljilo
mrmoljiti	-iti	visoka	mrmoljili
mrmoljiti	-iti	visoka	mrmoljile
muzicirati	-irati	visoka	muziciram
muzicirati	-irati	visoka	muziciraš
muzicirati	-irati	visoka	muziciramo
muzicirati	-irati	visoka	muzicirate
muzicirati	-irati	visoka	muziciraju
muzicirati	-irati	visoka	muzicirala
muzicirati	-irati	visoka	muzicirali
muzicirati	-irati	visoka	muzicirale
muzicirati	-irati	visoka	muziciraj
muzicirati	-irati	visoka	muzicirajte
mučati	-ati/-eti (obrazac NEPOZNAT: protivrečni oblici: em/im)	odluči ti	mučala
mučati	-ati/-eti (obrazac NEPOZNAT: protivrečni oblici: em/im)	odluči ti	mučalo
mučati	-ati/-eti (obrazac NEPOZNAT: protivrečni oblici: em/im)	odluči ti	mučali
mučati	-ati/-eti (obrazac NEPOZNAT: protivrečni oblici: em/im)	odluči ti	mučale
muštrati	-ati/-eti (obrazac NEPOZNAT: nema oblika prezenta u rečniku)	odluči ti	muštrala
muštrati	-ati/-eti (obrazac NEPOZNAT: nema oblika prezenta u rečniku)	odluči ti	muštralo
muštrati	-ati/-eti (obrazac NEPOZNAT: nema oblika prezenta u rečniku)	odluči ti	muštrali
muštrati	-ati/-eti (obrazac NEPOZNAT: nema oblika prezenta u rečniku)	odluči ti	muštrale
nabadati	-ati/-eti (obrazac NEPOZNAT: nema oblika prezenta u rečniku)	odluči ti	nabadalo
nabadati	-ati/-eti (obrazac NEPOZNAT: nema oblika prezenta u rečniku)	odluči ti	nabadali
nabadati	-ati/-eti (obrazac NEPOZNAT: nema oblika prezenta u rečniku)	odluči ti	nabadale
nabirati	-irati	visoka	nabiram
nabirati	-irati	visoka	nabiraš
nabirati	-irati	visoka	nabiramo
nabirati	-irati	visoka	nabirate
nabirati	-irati	visoka	nabiraju
nabirati	-irati	visoka	nabirao
nabirati	-irati	visoka	nabirala
nabirati	-irati	visoka	nabiralo
nabirati	-irati	visoka	nabirale
nabirati	-irati	visoka	nabiraj
nabirati	-irati	visoka	nabirajte
nabiti	-iti	visoka	nabim
nabiti	-iti	visoka	nabiš
nabiti	-iti	visoka	nabi
nabiti	-iti	visoka	nabimo
nabiti	-iti	visoka	nabite
nabiti	-iti	visoka	nabe
nabiti	-iti	visoka	nabilo
nabiti	-iti	visoka	nabile
nabubati	-ati/-eti (obrazac -am, pročitan iz rečnika)	visoka	nabubaš
nabubati	-ati/-eti (obrazac -am, pročitan iz rečnika)	visoka	nabuba
nabubati	-ati/-eti (obrazac -am, pročitan iz rečnika)	visoka	nabubamo
nabubati	-ati/-eti (obrazac -am, pročitan iz rečnika)	visoka	nabubate
nabubati	-ati/-eti (obrazac -am, pročitan iz rečnika)	visoka	nabubaju
nabubati	-ati/-eti (obrazac -am, pročitan iz rečnika)	visoka	nabubaj
nabubati	-ati/-eti (obrazac -am, pročitan iz rečnika)	visoka	nabubajte
nabubati	-ati/-eti (obrazac -am, pročitan iz rečnika)	visoka	nabubao
nabubati	-ati/-eti (obrazac -am, pročitan iz rečnika)	visoka	nabubalo
nabubati	-ati/-eti (obrazac -am, pročitan iz rečnika)	visoka	nabubali
nabubati	-ati/-eti (obrazac -am, pročitan iz rečnika)	visoka	nabubale
nadahnjivati	-ati/-eti (obrazac NEPOZNAT: nema oblika prezenta u rečniku)	odluči ti	nadahnjivalo
nadahnjivati	-ati/-eti (obrazac NEPOZNAT: nema oblika prezenta u rečniku)	odluči ti	nadahnjivali
nadahnjivati	-ati/-eti (obrazac NEPOZNAT: nema oblika prezenta u rečniku)	odluči ti	nadahnjivale
nadevati	-ati/-eti (obrazac -am, pročitan iz rečnika)	visoka	nadevaš
nadevati	-ati/-eti (obrazac -am, pročitan iz rečnika)	visoka	nadevamo
nadevati	-ati/-eti (obrazac -am, pročitan iz rečnika)	visoka	nadevate
nadevati	-ati/-eti (obrazac -am, pročitan iz rečnika)	visoka	nadevaj
nadevati	-ati/-eti (obrazac -am, pročitan iz rečnika)	visoka	nadevao
nadevati	-ati/-eti (obrazac -am, pročitan iz rečnika)	visoka	nadevala
nadevati	-ati/-eti (obrazac -am, pročitan iz rečnika)	visoka	nadevalo
nadevati	-ati/-eti (obrazac -am, pročitan iz rečnika)	visoka	nadevale
nadgovoriti	-iti	visoka	nadgovorim
nadgovoriti	-iti	visoka	nadgovoriš
nadgovoriti	-iti	visoka	nadgovorimo
nadgovoriti	-iti	visoka	nadgovorite
nadgovoriti	-iti	visoka	nadgovore
nadgovoriti	-iti	visoka	nadgovorila
nadgovoriti	-iti	visoka	nadgovorilo
nadgovoriti	-iti	visoka	nadgovorili
nadgovoriti	-iti	visoka	nadgovorile
nadgraditi	-iti	visoka	nadgradim
nadgraditi	-iti	visoka	nadgradiš
nadgraditi	-iti	visoka	nadgradimo
nadgraditi	-iti	visoka	nadgrade
nadgraditi	-iti	visoka	nadgradila
nadgraditi	-iti	visoka	nadgradilo
nadgraditi	-iti	visoka	nadgradile
nadimiti	-iti	visoka	nadimim
nadimiti	-iti	visoka	nadimiš
nadimiti	-iti	visoka	nadimi
nadimiti	-iti	visoka	nadimimo
nadimiti	-iti	visoka	nadimite
nadimiti	-iti	visoka	nadime
nadimiti	-iti	visoka	nadimio
nadimiti	-iti	visoka	nadimila
nadimiti	-iti	visoka	nadimilo
nadimiti	-iti	visoka	nadimili
nadimiti	-iti	visoka	nadimile
nadneti	-eti	proveri	nadnim
nadneti	-eti	proveri	nadniš
nadneti	-eti	proveri	nadni
nadneti	-eti	proveri	nadnimo
nadneti	-eti	proveri	nadnite
nadneti	-eti	proveri	nadne
nadneti	-eti	proveri	nadnele
nadodavati	-ati/-eti (obrazac NEPOZNAT: nema oblika prezenta u rečniku)	odluči ti	nadodavala
nadodavati	-ati/-eti (obrazac NEPOZNAT: nema oblika prezenta u rečniku)	odluči ti	nadodavalo
nadodavati	-ati/-eti (obrazac NEPOZNAT: nema oblika prezenta u rečniku)	odluči ti	nadodavali
nadodavati	-ati/-eti (obrazac NEPOZNAT: nema oblika prezenta u rečniku)	odluči ti	nadodavale
nadomestiti	-iti	visoka	nadomestim
nadomestiti	-iti	visoka	nadomestiš
nadomestiti	-iti	visoka	nadomestimo
nadomestiti	-iti	visoka	nadomestite
nadomestiti	-iti	visoka	nadomestila
nadomestiti	-iti	visoka	nadomestilo
nadomestiti	-iti	visoka	nadomestili
nadomestiti	-iti	visoka	nadomestile
nadopuniti	-iti	visoka	nadopunim
nadopuniti	-iti	visoka	nadopuniš
nadopuniti	-iti	visoka	nadopunimo
nadopuniti	-iti	visoka	nadopunite
nadopuniti	-iti	visoka	nadopunila
nadopuniti	-iti	visoka	nadopunilo
nadopuniti	-iti	visoka	nadopunili
nadopuniti	-iti	visoka	nadopunile
nadražiti	-iti	visoka	nadražim
nadražiti	-iti	visoka	nadražiš
nadražiti	-iti	visoka	nadražimo
nadražiti	-iti	visoka	nadražite
nadražiti	-iti	visoka	nadraže
nadražiti	-iti	visoka	nadražila
nadražiti	-iti	visoka	nadražilo
nadražiti	-iti	visoka	nadražili
nadražiti	-iti	visoka	nadražile
nadrogirati	-irati	visoka	nadrogiram
nadrogirati	-irati	visoka	nadrogiraš
nadrogirati	-irati	visoka	nadrogiramo
nadrogirati	-irati	visoka	nadrogirate
nadrogirati	-irati	visoka	nadrogiraju
nadrogirati	-irati	visoka	nadrogiralo
nadrogirati	-irati	visoka	nadrogirale
nadrogirati	-irati	visoka	nadrogiraj
nadrogirati	-irati	visoka	nadrogirajte
nadvikati	-ati/-eti (obrazac NEPOZNAT: nema oblika prezenta u rečniku)	odluči ti	nadvikao
nadvikati	-ati/-eti (obrazac NEPOZNAT: nema oblika prezenta u rečniku)	odluči ti	nadvikala
nadvikati	-ati/-eti (obrazac NEPOZNAT: nema oblika prezenta u rečniku)	odluči ti	nadvikalo
nadvikati	-ati/-eti (obrazac NEPOZNAT: nema oblika prezenta u rečniku)	odluči ti	nadvikali
nadvikati	-ati/-eti (obrazac NEPOZNAT: nema oblika prezenta u rečniku)	odluči ti	nadvikale
nadvišavati	-ati/-eti (obrazac NEPOZNAT: nema oblika prezenta u rečniku)	odluči ti	nadvišavala
nadvišavati	-ati/-eti (obrazac NEPOZNAT: nema oblika prezenta u rečniku)	odluči ti	nadvišavalo
nadvišavati	-ati/-eti (obrazac NEPOZNAT: nema oblika prezenta u rečniku)	odluči ti	nadvišavali
nadvišavati	-ati/-eti (obrazac NEPOZNAT: nema oblika prezenta u rečniku)	odluči ti	nadvišavale
nadzirati	-irati	visoka	nadziram
nadzirati	-irati	visoka	nadziraš
nadzirati	-irati	visoka	nadzira
nadzirati	-irati	visoka	nadziramo
nadzirati	-irati	visoka	nadzirate
nadzirati	-irati	visoka	nadziraju
nadzirati	-irati	visoka	nadziralo
nadzirati	-irati	visoka	nadziraj
nadzirati	-irati	visoka	nadzirajte
nagizdati	-ati/-eti (obrazac -am, pročitan iz rečnika)	visoka	nagizdaš
nagizdati	-ati/-eti (obrazac -am, pročitan iz rečnika)	visoka	nagizda
nagizdati	-ati/-eti (obrazac -am, pročitan iz rečnika)	visoka	nagizdamo
nagizdati	-ati/-eti (obrazac -am, pročitan iz rečnika)	visoka	nagizdate
nagizdati	-ati/-eti (obrazac -am, pročitan iz rečnika)	visoka	nagizdaju
nagizdati	-ati/-eti (obrazac -am, pročitan iz rečnika)	visoka	nagizdaj
nagizdati	-ati/-eti (obrazac -am, pročitan iz rečnika)	visoka	nagizdajte
nagizdati	-ati/-eti (obrazac -am, pročitan iz rečnika)	visoka	nagizdao
nagizdati	-ati/-eti (obrazac -am, pročitan iz rečnika)	visoka	nagizdala
nagizdati	-ati/-eti (obrazac -am, pročitan iz rečnika)	visoka	nagizdalo
nagizdati	-ati/-eti (obrazac -am, pročitan iz rečnika)	visoka	nagizdali
nagizdati	-ati/-eti (obrazac -am, pročitan iz rečnika)	visoka	nagizdale
nagliti	-iti	visoka	nagliš
nagliti	-iti	visoka	naglimo
nagliti	-iti	visoka	naglite
nagliti	-iti	visoka	naglio
nagliti	-iti	visoka	naglila
nagliti	-iti	visoka	naglilo
nagliti	-iti	visoka	naglili
nagliti	-iti	visoka	naglile
nagrabusiti	-iti	visoka	nagrabusim
nagrabusiti	-iti	visoka	nagrabusiš
nagrabusiti	-iti	visoka	nagrabusi
nagrabusiti	-iti	visoka	nagrabusimo
nagrabusiti	-iti	visoka	nagrabusite
nagrabusiti	-iti	visoka	nagrabuse
nagrabusiti	-iti	visoka	nagrabusilo
nagrabusiti	-iti	visoka	nagrabusile
nagrajisati	-ati/-eti (obrazac NEPOZNAT: nema oblika prezenta u rečniku)	odluči ti	nagrajisala
nagrajisati	-ati/-eti (obrazac NEPOZNAT: nema oblika prezenta u rečniku)	odluči ti	nagrajisalo
nagrajisati	-ati/-eti (obrazac NEPOZNAT: nema oblika prezenta u rečniku)	odluči ti	nagrajisali
nagrajisati	-ati/-eti (obrazac NEPOZNAT: nema oblika prezenta u rečniku)	odluči ti	nagrajisale
nagrađivati	-ati/-eti (obrazac NEPOZNAT: nema oblika prezenta u rečniku)	odluči ti	nagrađivala
nagrađivati	-ati/-eti (obrazac NEPOZNAT: nema oblika prezenta u rečniku)	odluči ti	nagrađivalo
nagrađivati	-ati/-eti (obrazac NEPOZNAT: nema oblika prezenta u rečniku)	odluči ti	nagrađivali
nagrađivati	-ati/-eti (obrazac NEPOZNAT: nema oblika prezenta u rečniku)	odluči ti	nagrađivale
nahuškati	-ati/-eti (obrazac NEPOZNAT: nema oblika prezenta u rečniku)	odluči ti	nahuškala
nahuškati	-ati/-eti (obrazac NEPOZNAT: nema oblika prezenta u rečniku)	odluči ti	nahuškalo
nahuškati	-ati/-eti (obrazac NEPOZNAT: nema oblika prezenta u rečniku)	odluči ti	nahuškale
nahvaliti	-iti	visoka	nahvališ
nahvaliti	-iti	visoka	nahvalimo
nahvaliti	-iti	visoka	nahvalite
nahvaliti	-iti	visoka	nahvale
nahvaliti	-iti	visoka	nahvalilo
nahvaliti	-iti	visoka	nahvalili
nahvaliti	-iti	visoka	nahvalile
naigrati	-ati/-eti (obrazac NEPOZNAT: nema oblika prezenta u rečniku)	odluči ti	naigrala
naigrati	-ati/-eti (obrazac NEPOZNAT: nema oblika prezenta u rečniku)	odluči ti	naigralo
naigrati	-ati/-eti (obrazac NEPOZNAT: nema oblika prezenta u rečniku)	odluči ti	naigrale
naimenovati	-ovati	visoka	naimenuješ
naimenovati	-ovati	visoka	naimenujemo
naimenovati	-ovati	visoka	naimenujete
naimenovati	-ovati	visoka	naimenovala
naimenovati	-ovati	visoka	naimenovalo
naimenovati	-ovati	visoka	naimenovali
naimenovati	-ovati	visoka	naimenovale
naimenovati	-ovati	visoka	naimenuj
naimenovati	-ovati	visoka	naimenujte
najavljivati	-ati/-eti (obrazac NEPOZNAT: nema oblika prezenta u rečniku)	odluči ti	najavljivala
najavljivati	-ati/-eti (obrazac NEPOZNAT: nema oblika prezenta u rečniku)	odluči ti	najavljivalo
najavljivati	-ati/-eti (obrazac NEPOZNAT: nema oblika prezenta u rečniku)	odluči ti	najavljivale
najediti	-iti	visoka	najedim
najediti	-iti	visoka	najediš
najediti	-iti	visoka	najedimo
najediti	-iti	visoka	najedila
najediti	-iti	visoka	najedilo
najediti	-iti	visoka	najedili
najediti	-iti	visoka	najedile
najmiti	-iti	visoka	najmiš
najmiti	-iti	visoka	najmimo
najmiti	-iti	visoka	najmite
najmiti	-iti	visoka	najme
najmiti	-iti	visoka	najmila
najmiti	-iti	visoka	najmilo
najmiti	-iti	visoka	najmile
nakaniti	-iti	visoka	nakanim
nakaniti	-iti	visoka	nakaniš
nakaniti	-iti	visoka	nakanimo
nakaniti	-iti	visoka	nakanite
nakaniti	-iti	visoka	nakanila
nakaniti	-iti	visoka	nakanilo
nakaniti	-iti	visoka	nakanile
nakanjivati	-ati/-eti (obrazac NEPOZNAT: nema oblika prezenta u rečniku)	odluči ti	nakanjivala
nakanjivati	-ati/-eti (obrazac NEPOZNAT: nema oblika prezenta u rečniku)	odluči ti	nakanjivalo
nakanjivati	-ati/-eti (obrazac NEPOZNAT: nema oblika prezenta u rečniku)	odluči ti	nakanjivali
nakanjivati	-ati/-eti (obrazac NEPOZNAT: nema oblika prezenta u rečniku)	odluči ti	nakanjivale
nakaziti	-iti	visoka	nakazim
nakaziti	-iti	visoka	nakaziš
nakaziti	-iti	visoka	nakazimo
nakaziti	-iti	visoka	nakazite
nakaziti	-iti	visoka	nakazila
nakaziti	-iti	visoka	nakazilo
nakaziti	-iti	visoka	nakazili
nakaziti	-iti	visoka	nakazile
nakašljati	-ati/-eti (obrazac NEPOZNAT: nema oblika prezenta u rečniku)	odluči ti	nakašljala
nakašljati	-ati/-eti (obrazac NEPOZNAT: nema oblika prezenta u rečniku)	odluči ti	nakašljalo
nakašljati	-ati/-eti (obrazac NEPOZNAT: nema oblika prezenta u rečniku)	odluči ti	nakašljali
nakašljati	-ati/-eti (obrazac NEPOZNAT: nema oblika prezenta u rečniku)	odluči ti	nakašljale
nakinđuriti	-iti	visoka	nakinđurim
nakinđuriti	-iti	visoka	nakinđuriš
nakinđuriti	-iti	visoka	nakinđuri
nakinđuriti	-iti	visoka	nakinđurimo
nakinđuriti	-iti	visoka	nakinđurite
nakinđuriti	-iti	visoka	nakinđure
nakinđuriti	-iti	visoka	nakinđurila
nakinđuriti	-iti	visoka	nakinđurilo
nakinđuriti	-iti	visoka	nakinđurile
naklapati	-ati/-eti (obrazac -am, pročitan iz rečnika)	visoka	naklapaš
naklapati	-ati/-eti (obrazac -am, pročitan iz rečnika)	visoka	naklapa
naklapati	-ati/-eti (obrazac -am, pročitan iz rečnika)	visoka	naklapamo
naklapati	-ati/-eti (obrazac -am, pročitan iz rečnika)	visoka	naklapate
naklapati	-ati/-eti (obrazac -am, pročitan iz rečnika)	visoka	naklapaju
naklapati	-ati/-eti (obrazac -am, pročitan iz rečnika)	visoka	naklapaj
naklapati	-ati/-eti (obrazac -am, pročitan iz rečnika)	visoka	naklapajte
naklapati	-ati/-eti (obrazac -am, pročitan iz rečnika)	visoka	naklapao
naklapati	-ati/-eti (obrazac -am, pročitan iz rečnika)	visoka	naklapala
naklapati	-ati/-eti (obrazac -am, pročitan iz rečnika)	visoka	naklapale
nakrenuti	-nuti	visoka	nakrenem
nakrenuti	-nuti	visoka	nakreneš
nakrenuti	-nuti	visoka	nakrene
nakrenuti	-nuti	visoka	nakrenemo
nakrenuti	-nuti	visoka	nakrenete
nakrenuti	-nuti	visoka	nakrenu
nakrenuti	-nuti	visoka	nakrenula
nakrenuti	-nuti	visoka	nakrenulo
nakrenuti	-nuti	visoka	nakrenuli
nakrenuti	-nuti	visoka	nakrenule
nakrenuti	-nuti	visoka	nakreni
nakrenuti	-nuti	visoka	nakrenite
nakresati	-ati/-eti (obrazac NEPOZNAT: nema oblika prezenta u rečniku)	odluči ti	nakresala
nakresati	-ati/-eti (obrazac NEPOZNAT: nema oblika prezenta u rečniku)	odluči ti	nakresalo
nakresati	-ati/-eti (obrazac NEPOZNAT: nema oblika prezenta u rečniku)	odluči ti	nakresali
nakresati	-ati/-eti (obrazac NEPOZNAT: nema oblika prezenta u rečniku)	odluči ti	nakresale
nakriviti	-iti	visoka	nakrivim
nakriviti	-iti	visoka	nakrivimo
nakriviti	-iti	visoka	nakrivite
nakriviti	-iti	visoka	nakrive
nakriviti	-iti	visoka	nakrivila
nakriviti	-iti	visoka	nakrivilo
nakriviti	-iti	visoka	nakrivili
nakriviti	-iti	visoka	nakrivile
nakupljati	-ati/-eti (obrazac NEPOZNAT: nema oblika prezenta u rečniku)	odluči ti	nakupljalo
nakupljati	-ati/-eti (obrazac NEPOZNAT: nema oblika prezenta u rečniku)	odluči ti	nakupljali
nakupljati	-ati/-eti (obrazac NEPOZNAT: nema oblika prezenta u rečniku)	odluči ti	nakupljale
nakupovati	-ovati	visoka	nakupuješ
nakupovati	-ovati	visoka	nakupuje
nakupovati	-ovati	visoka	nakupujemo
nakupovati	-ovati	visoka	nakupujete
nakupovati	-ovati	visoka	nakupovala
nakupovati	-ovati	visoka	nakupovalo
nakupovati	-ovati	visoka	nakupovali
nakupovati	-ovati	visoka	nakupovale
nakupovati	-ovati	visoka	nakupuj
nakupovati	-ovati	visoka	nakupujte
nalaktiti	-iti	visoka	nalaktiš
nalaktiti	-iti	visoka	nalaktimo
nalaktiti	-iti	visoka	nalaktite
nalaktiti	-iti	visoka	nalakte
nalaktiti	-iti	visoka	nalaktila
nalaktiti	-iti	visoka	nalaktilo
nalaktiti	-iti	visoka	nalaktili
nalaktiti	-iti	visoka	nalaktile
naleti	-eti	proveri	nalim
naleti	-eti	proveri	nališ
naleti	-eti	proveri	nali
naleti	-eti	proveri	nalimo
naleti	-eti	proveri	nalite
naleti	-eti	proveri	nale
naleti	-eti	proveri	naleo
naleti	-eti	proveri	nalela
naleti	-eti	proveri	nalelo
naleti	-eti	proveri	naleli
naleti	-eti	proveri	nalele
naležati	-ati/-eti (obrazac NEPOZNAT: nema oblika prezenta u rečniku)	odluči ti	naležala
naležati	-ati/-eti (obrazac NEPOZNAT: nema oblika prezenta u rečniku)	odluči ti	naležalo
naležati	-ati/-eti (obrazac NEPOZNAT: nema oblika prezenta u rečniku)	odluči ti	naležali
naležati	-ati/-eti (obrazac NEPOZNAT: nema oblika prezenta u rečniku)	odluči ti	naležale
naliti	-iti	visoka	nalim
naliti	-iti	visoka	nališ
naliti	-iti	visoka	nali
naliti	-iti	visoka	nalimo
naliti	-iti	visoka	nalite
naliti	-iti	visoka	nale
naliti	-iti	visoka	nalilo
naliti	-iti	visoka	nalili
naličiti	-iti	visoka	naličim
naličiti	-iti	visoka	naličiš
naličiti	-iti	visoka	naličimo
naličiti	-iti	visoka	naličite
naličiti	-iti	visoka	naličila
naličiti	-iti	visoka	naličilo
naličiti	-iti	visoka	naličili
naličiti	-iti	visoka	naličile
naljoskati	-ati/-eti (obrazac NEPOZNAT: nema oblika prezenta u rečniku)	odluči ti	naljoskala
naljoskati	-ati/-eti (obrazac NEPOZNAT: nema oblika prezenta u rečniku)	odluči ti	naljoskalo
naljoskati	-ati/-eti (obrazac NEPOZNAT: nema oblika prezenta u rečniku)	odluči ti	naljoskali
naljoskati	-ati/-eti (obrazac NEPOZNAT: nema oblika prezenta u rečniku)	odluči ti	naljoskale
nalokati	-ati/-eti (obrazac NEPOZNAT: nema oblika prezenta u rečniku)	odluči ti	nalokala
nalokati	-ati/-eti (obrazac NEPOZNAT: nema oblika prezenta u rečniku)	odluči ti	nalokalo
nalokati	-ati/-eti (obrazac NEPOZNAT: nema oblika prezenta u rečniku)	odluči ti	nalokali
nalokati	-ati/-eti (obrazac NEPOZNAT: nema oblika prezenta u rečniku)	odluči ti	nalokale
nalupati	-ati/-eti (obrazac -am, pročitan iz rečnika)	visoka	nalupaš
nalupati	-ati/-eti (obrazac -am, pročitan iz rečnika)	visoka	nalupamo
nalupati	-ati/-eti (obrazac -am, pročitan iz rečnika)	visoka	nalupate
nalupati	-ati/-eti (obrazac -am, pročitan iz rečnika)	visoka	nalupaju
nalupati	-ati/-eti (obrazac -am, pročitan iz rečnika)	visoka	nalupaj
nalupati	-ati/-eti (obrazac -am, pročitan iz rečnika)	visoka	nalupajte
nalupati	-ati/-eti (obrazac -am, pročitan iz rečnika)	visoka	nalupala
nalupati	-ati/-eti (obrazac -am, pročitan iz rečnika)	visoka	nalupalo
nalupati	-ati/-eti (obrazac -am, pročitan iz rečnika)	visoka	nalupali
nalupati	-ati/-eti (obrazac -am, pročitan iz rečnika)	visoka	nalupale
namakati	-ati/-eti (obrazac NEPOZNAT: nema oblika prezenta u rečniku)	odluči ti	namakala
namakati	-ati/-eti (obrazac NEPOZNAT: nema oblika prezenta u rečniku)	odluči ti	namakalo
namakati	-ati/-eti (obrazac NEPOZNAT: nema oblika prezenta u rečniku)	odluči ti	namakali
namakati	-ati/-eti (obrazac NEPOZNAT: nema oblika prezenta u rečniku)	odluči ti	namakale
namaknuti	-nuti	visoka	namakneš
namaknuti	-nuti	visoka	namaknete
namaknuti	-nuti	visoka	namaknuo
namaknuti	-nuti	visoka	namaknula
namaknuti	-nuti	visoka	namaknulo
namaknuti	-nuti	visoka	namaknuli
namaknuti	-nuti	visoka	namaknule
namaknuti	-nuti	visoka	namakni
namaknuti	-nuti	visoka	namaknite
namalati	-ati/-eti (obrazac NEPOZNAT: nema oblika prezenta u rečniku)	odluči ti	namalala
namalati	-ati/-eti (obrazac NEPOZNAT: nema oblika prezenta u rečniku)	odluči ti	namalalo
namalati	-ati/-eti (obrazac NEPOZNAT: nema oblika prezenta u rečniku)	odluči ti	namalali
namalati	-ati/-eti (obrazac NEPOZNAT: nema oblika prezenta u rečniku)	odluči ti	namalale
namamljivati	-ati/-eti (obrazac NEPOZNAT: nema oblika prezenta u rečniku)	odluči ti	namamljivala
namamljivati	-ati/-eti (obrazac NEPOZNAT: nema oblika prezenta u rečniku)	odluči ti	namamljivalo
namamljivati	-ati/-eti (obrazac NEPOZNAT: nema oblika prezenta u rečniku)	odluči ti	namamljivali
namamljivati	-ati/-eti (obrazac NEPOZNAT: nema oblika prezenta u rečniku)	odluči ti	namamljivale
namenjivati	-ati/-eti (obrazac NEPOZNAT: nema oblika prezenta u rečniku)	odluči ti	namenjivalo
namenjivati	-ati/-eti (obrazac NEPOZNAT: nema oblika prezenta u rečniku)	odluči ti	namenjivali
namenjivati	-ati/-eti (obrazac NEPOZNAT: nema oblika prezenta u rečniku)	odluči ti	namenjivale
namicati	-ati/-eti (obrazac -pal, pročitan iz rečnika)	visoka	namičemo
namicati	-ati/-eti (obrazac -pal, pročitan iz rečnika)	visoka	namičete
namicati	-ati/-eti (obrazac -pal, pročitan iz rečnika)	visoka	namiči
namicati	-ati/-eti (obrazac -pal, pročitan iz rečnika)	visoka	namičite
namicati	-ati/-eti (obrazac -pal, pročitan iz rečnika)	visoka	namicala
namicati	-ati/-eti (obrazac -pal, pročitan iz rečnika)	visoka	namicalo
namicati	-ati/-eti (obrazac -pal, pročitan iz rečnika)	visoka	namicali
namicati	-ati/-eti (obrazac -pal, pročitan iz rečnika)	visoka	namicale
namlatiti	-iti	visoka	namlatimo
namlatiti	-iti	visoka	namlatite
namlatiti	-iti	visoka	namlate
namlatiti	-iti	visoka	namlatila
namlatiti	-iti	visoka	namlatilo
namlatiti	-iti	visoka	namlatili
namlatiti	-iti	visoka	namlatile
namorati	-ati/-eti (obrazac -am, pročitan iz rečnika)	visoka	namoram
namorati	-ati/-eti (obrazac -am, pročitan iz rečnika)	visoka	namora
namorati	-ati/-eti (obrazac -am, pročitan iz rečnika)	visoka	namoramo
namorati	-ati/-eti (obrazac -am, pročitan iz rečnika)	visoka	namorate
namorati	-ati/-eti (obrazac -am, pročitan iz rečnika)	visoka	namoraju
namorati	-ati/-eti (obrazac -am, pročitan iz rečnika)	visoka	namoraj
namorati	-ati/-eti (obrazac -am, pročitan iz rečnika)	visoka	namorajte
namorati	-ati/-eti (obrazac -am, pročitan iz rečnika)	visoka	namorala
namorati	-ati/-eti (obrazac -am, pročitan iz rečnika)	visoka	namoralo
namorati	-ati/-eti (obrazac -am, pročitan iz rečnika)	visoka	namorali
namorati	-ati/-eti (obrazac -am, pročitan iz rečnika)	visoka	namorale
namotavati	-ati/-eti (obrazac NEPOZNAT: nema oblika prezenta u rečniku)	odluči ti	namotavala
namotavati	-ati/-eti (obrazac NEPOZNAT: nema oblika prezenta u rečniku)	odluči ti	namotavalo
namotavati	-ati/-eti (obrazac NEPOZNAT: nema oblika prezenta u rečniku)	odluči ti	namotavali
namotavati	-ati/-eti (obrazac NEPOZNAT: nema oblika prezenta u rečniku)	odluči ti	namotavale
namračiti	-iti	visoka	namračim
namračiti	-iti	visoka	namračiš
namračiti	-iti	visoka	namrači
namračiti	-iti	visoka	namračimo
namračiti	-iti	visoka	namračite
namračiti	-iti	visoka	namrače
namračiti	-iti	visoka	namračila
namračiti	-iti	visoka	namračilo
namračiti	-iti	visoka	namračili
namračiti	-iti	visoka	namračile
namrgoditi	-iti	visoka	namrgodim
namrgoditi	-iti	visoka	namrgodiš
namrgoditi	-iti	visoka	namrgodimo
namrgoditi	-iti	visoka	namrgodite
namrgoditi	-iti	visoka	namrgodila
namrgoditi	-iti	visoka	namrgodilo
namrgoditi	-iti	visoka	namrgodili
namrgoditi	-iti	visoka	namrgodile
namrštiti	-iti	visoka	namrštim
namrštiti	-iti	visoka	namrštimo
namrštiti	-iti	visoka	namrštite
namrštiti	-iti	visoka	namršte
namrštiti	-iti	visoka	namrštilo
namrštiti	-iti	visoka	namrštili
namrštiti	-iti	visoka	namrštile
naoružavati	-ati/-eti (obrazac -am, pročitan iz rečnika)	visoka	naoružavam
naoružavati	-ati/-eti (obrazac -am, pročitan iz rečnika)	visoka	naoružavamo
naoružavati	-ati/-eti (obrazac -am, pročitan iz rečnika)	visoka	naoružavate
naoružavati	-ati/-eti (obrazac -am, pročitan iz rečnika)	visoka	naoružavajte
naoružavati	-ati/-eti (obrazac -am, pročitan iz rečnika)	visoka	naoružavala
naoružavati	-ati/-eti (obrazac -am, pročitan iz rečnika)	visoka	naoružavalo
naoružavati	-ati/-eti (obrazac -am, pročitan iz rečnika)	visoka	naoružavali
naoružavati	-ati/-eti (obrazac -am, pročitan iz rečnika)	visoka	naoružavale
napastovati	-ovati	visoka	napastujem
napastovati	-ovati	visoka	napastuješ
napastovati	-ovati	visoka	napastujemo
napastovati	-ovati	visoka	napastujete
napastovati	-ovati	visoka	napastuju
napastovati	-ovati	visoka	napastovala
napastovati	-ovati	visoka	napastovalo
napastovati	-ovati	visoka	napastovali
napastovati	-ovati	visoka	napastovale
napastovati	-ovati	visoka	napastuj
napastovati	-ovati	visoka	napastujte
napastvovati	-ovati	visoka	napastvujem
napastvovati	-ovati	visoka	napastvuješ
napastvovati	-ovati	visoka	napastvujemo
napastvovati	-ovati	visoka	napastvujete
napastvovati	-ovati	visoka	napastvovala
napastvovati	-ovati	visoka	napastvovalo
napastvovati	-ovati	visoka	napastvovale
napastvovati	-ovati	visoka	napastvuj
napastvovati	-ovati	visoka	napastvujte
napatiti	-iti	visoka	napatiš
napatiti	-iti	visoka	napati
napatiti	-iti	visoka	napatimo
napatiti	-iti	visoka	napatite
napatiti	-iti	visoka	napate
napatiti	-iti	visoka	napatilo
napatiti	-iti	visoka	napatile
naperiti	-iti	visoka	naperim
naperiti	-iti	visoka	naperiš
naperiti	-iti	visoka	naperimo
naperiti	-iti	visoka	naperite
naperiti	-iti	visoka	napere
naperiti	-iti	visoka	naperila
naperiti	-iti	visoka	naperilo
naperiti	-iti	visoka	naperili
naperiti	-iti	visoka	naperile
napeti	-eti	proveri	napim
napeti	-eti	proveri	napiš
napeti	-eti	proveri	napi
napeti	-eti	proveri	napimo
napeti	-eti	proveri	napite
napeti	-eti	proveri	nape
napeti	-eti	proveri	napela
napeti	-eti	proveri	napelo
napipati	-ati/-eti (obrazac -am, pročitan iz rečnika)	visoka	napipaš
napipati	-ati/-eti (obrazac -am, pročitan iz rečnika)	visoka	napipamo
napipati	-ati/-eti (obrazac -am, pročitan iz rečnika)	visoka	napipate
napipati	-ati/-eti (obrazac -am, pročitan iz rečnika)	visoka	napipaj
napipati	-ati/-eti (obrazac -am, pročitan iz rečnika)	visoka	napipajte
napipati	-ati/-eti (obrazac -am, pročitan iz rečnika)	visoka	napipalo
napipati	-ati/-eti (obrazac -am, pročitan iz rečnika)	visoka	napipali
napipati	-ati/-eti (obrazac -am, pročitan iz rečnika)	visoka	napipale
napiti	-iti	visoka	napim
napiti	-iti	visoka	napiš
napiti	-iti	visoka	napi
napiti	-iti	visoka	napimo
napiti	-iti	visoka	napite
napiti	-iti	visoka	nape
napiti	-iti	visoka	napilo
naplati	-ati/-eti (obrazac NEPOZNAT: nema oblika prezenta u rečniku)	odluči ti	naplao
naplati	-ati/-eti (obrazac NEPOZNAT: nema oblika prezenta u rečniku)	odluči ti	naplala
naplati	-ati/-eti (obrazac NEPOZNAT: nema oblika prezenta u rečniku)	odluči ti	naplalo
naplati	-ati/-eti (obrazac NEPOZNAT: nema oblika prezenta u rečniku)	odluči ti	naplali
naplati	-ati/-eti (obrazac NEPOZNAT: nema oblika prezenta u rečniku)	odluči ti	naplale
naprćiti	-iti	visoka	naprćiš
naprćiti	-iti	visoka	naprći
naprćiti	-iti	visoka	naprćimo
naprćiti	-iti	visoka	naprćite
naprćiti	-iti	visoka	naprće
naprćiti	-iti	visoka	naprćio
naprćiti	-iti	visoka	naprćila
naprćiti	-iti	visoka	naprćilo
naprćiti	-iti	visoka	naprćili
naprćiti	-iti	visoka	naprćile
napucati	-ati/-eti (obrazac NEPOZNAT: nema oblika prezenta u rečniku)	odluči ti	napucalo
napucati	-ati/-eti (obrazac NEPOZNAT: nema oblika prezenta u rečniku)	odluči ti	napucali
napucati	-ati/-eti (obrazac NEPOZNAT: nema oblika prezenta u rečniku)	odluči ti	napucale
napuknuti	-nuti	visoka	napuknem
napuknuti	-nuti	visoka	napukneš
napuknuti	-nuti	visoka	napuknemo
napuknuti	-nuti	visoka	napuknete
napuknuti	-nuti	visoka	napuknu
napuknuti	-nuti	visoka	napuknula
napuknuti	-nuti	visoka	napuknulo
napuknuti	-nuti	visoka	napuknuli
napuknuti	-nuti	visoka	napuknule
napuknuti	-nuti	visoka	napukni
napuknuti	-nuti	visoka	napuknite
naraditi	-iti	visoka	naradim
naraditi	-iti	visoka	naradiš
naraditi	-iti	visoka	naradi
naraditi	-iti	visoka	naradite
naraditi	-iti	visoka	narade
naraditi	-iti	visoka	naradilo
naraditi	-iti	visoka	naradile
naređati	-ati/-eti (obrazac NEPOZNAT: nema oblika prezenta u rečniku)	odluči ti	naređala
naređati	-ati/-eti (obrazac NEPOZNAT: nema oblika prezenta u rečniku)	odluči ti	naređalo
naređati	-ati/-eti (obrazac NEPOZNAT: nema oblika prezenta u rečniku)	odluči ti	naređale
narogušiti	-iti	visoka	narogušim
narogušiti	-iti	visoka	narogušiš
narogušiti	-iti	visoka	narogušimo
narogušiti	-iti	visoka	narogušite
narogušiti	-iti	visoka	narogušila
narogušiti	-iti	visoka	narogušilo
narogušiti	-iti	visoka	narogušili
narogušiti	-iti	visoka	narogušile
naroljati	-ati/-eti (obrazac NEPOZNAT: nema oblika prezenta u rečniku)	odluči ti	naroljala
naroljati	-ati/-eti (obrazac NEPOZNAT: nema oblika prezenta u rečniku)	odluči ti	naroljalo
naroljati	-ati/-eti (obrazac NEPOZNAT: nema oblika prezenta u rečniku)	odluči ti	naroljali
naroljati	-ati/-eti (obrazac NEPOZNAT: nema oblika prezenta u rečniku)	odluči ti	naroljale
narugati	-ati/-eti (obrazac NEPOZNAT: nema oblika prezenta u rečniku)	odluči ti	narugala
narugati	-ati/-eti (obrazac NEPOZNAT: nema oblika prezenta u rečniku)	odluči ti	narugalo
narugati	-ati/-eti (obrazac NEPOZNAT: nema oblika prezenta u rečniku)	odluči ti	narugale
nasekirati	-irati	visoka	nasekiram
nasekirati	-irati	visoka	nasekiraš
nasekirati	-irati	visoka	nasekira
nasekirati	-irati	visoka	nasekiramo
nasekirati	-irati	visoka	nasekirate
nasekirati	-irati	visoka	nasekiraju
nasekirati	-irati	visoka	nasekirala
nasekirati	-irati	visoka	nasekiralo
nasekirati	-irati	visoka	nasekirali
nasekirati	-irati	visoka	nasekirale
nasekirati	-irati	visoka	nasekiraj
nasekirati	-irati	visoka	nasekirajte
nasipati	-ati/-eti (obrazac NEPOZNAT: nema oblika prezenta u rečniku)	odluči ti	nasipala
nasipati	-ati/-eti (obrazac NEPOZNAT: nema oblika prezenta u rečniku)	odluči ti	nasipalo
nasipati	-ati/-eti (obrazac NEPOZNAT: nema oblika prezenta u rečniku)	odluči ti	nasipale
nasiti	-iti	visoka	nasim
nasiti	-iti	visoka	nasiš
nasiti	-iti	visoka	nasi
nasiti	-iti	visoka	nasimo
nasiti	-iti	visoka	nase
nasiti	-iti	visoka	nasio
nasiti	-iti	visoka	nasila
nasiti	-iti	visoka	nasilo
nasiti	-iti	visoka	nasili
nasiti	-iti	visoka	nasile
naslađivati	-ati/-eti (obrazac NEPOZNAT: nema oblika prezenta u rečniku)	odluči ti	naslađivala
naslađivati	-ati/-eti (obrazac NEPOZNAT: nema oblika prezenta u rečniku)	odluči ti	naslađivalo
naslađivati	-ati/-eti (obrazac NEPOZNAT: nema oblika prezenta u rečniku)	odluči ti	naslađivali
naslađivati	-ati/-eti (obrazac NEPOZNAT: nema oblika prezenta u rečniku)	odluči ti	naslađivale
nasleđivati	-ati/-eti (obrazac NEPOZNAT: nema oblika prezenta u rečniku)	odluči ti	nasleđivala
nasleđivati	-ati/-eti (obrazac NEPOZNAT: nema oblika prezenta u rečniku)	odluči ti	nasleđivalo
nasleđivati	-ati/-eti (obrazac NEPOZNAT: nema oblika prezenta u rečniku)	odluči ti	nasleđivali
nasleđivati	-ati/-eti (obrazac NEPOZNAT: nema oblika prezenta u rečniku)	odluči ti	nasleđivale
naslušati	-ati/-eti (obrazac -am, pročitan iz rečnika)	visoka	naslušaš
naslušati	-ati/-eti (obrazac -am, pročitan iz rečnika)	visoka	nasluša
naslušati	-ati/-eti (obrazac -am, pročitan iz rečnika)	visoka	naslušamo
naslušati	-ati/-eti (obrazac -am, pročitan iz rečnika)	visoka	naslušate
naslušati	-ati/-eti (obrazac -am, pročitan iz rečnika)	visoka	naslušaju
naslušati	-ati/-eti (obrazac -am, pročitan iz rečnika)	visoka	naslušaj
naslušati	-ati/-eti (obrazac -am, pročitan iz rečnika)	visoka	naslušajte
naslušati	-ati/-eti (obrazac -am, pročitan iz rečnika)	visoka	naslušalo
naslušati	-ati/-eti (obrazac -am, pročitan iz rečnika)	visoka	naslušale
naspeti	-eti	proveri	naspim
naspeti	-eti	proveri	naspiš
naspeti	-eti	proveri	naspimo
naspeti	-eti	proveri	naspeo
naspeti	-eti	proveri	naspela
naspeti	-eti	proveri	naspelo
naspeti	-eti	proveri	naspeli
naspeti	-eti	proveri	naspele
nataknuti	-nuti	visoka	nataknem
nataknuti	-nuti	visoka	nataknemo
nataknuti	-nuti	visoka	nataknete
nataknuti	-nuti	visoka	nataknula
nataknuti	-nuti	visoka	nataknulo
nataknuti	-nuti	visoka	nataknuli
nataknuti	-nuti	visoka	nataknule
nataknuti	-nuti	visoka	nataknite
natentati	-ati/-eti (obrazac NEPOZNAT: nema oblika prezenta u rečniku)	odluči ti	natentala
natentati	-ati/-eti (obrazac NEPOZNAT: nema oblika prezenta u rečniku)	odluči ti	natentalo
natentati	-ati/-eti (obrazac NEPOZNAT: nema oblika prezenta u rečniku)	odluči ti	natentali
natentati	-ati/-eti (obrazac NEPOZNAT: nema oblika prezenta u rečniku)	odluči ti	natentale
naticati	-ati/-eti (obrazac NEPOZNAT: nema oblika prezenta u rečniku)	odluči ti	naticala
naticati	-ati/-eti (obrazac NEPOZNAT: nema oblika prezenta u rečniku)	odluči ti	naticalo
naticati	-ati/-eti (obrazac NEPOZNAT: nema oblika prezenta u rečniku)	odluči ti	naticale
natkriliti	-iti	visoka	natkrilim
natkriliti	-iti	visoka	natkriliš
natkriliti	-iti	visoka	natkrilimo
natkriliti	-iti	visoka	natkrilite
natkriliti	-iti	visoka	natkrile
natkriliti	-iti	visoka	natkrililo
natkriliti	-iti	visoka	natkrilili
natkriliti	-iti	visoka	natkrilile
natrpati	-ati/-eti (obrazac NEPOZNAT: nema oblika prezenta u rečniku)	odluči ti	natrpala
natrpati	-ati/-eti (obrazac NEPOZNAT: nema oblika prezenta u rečniku)	odluči ti	natrpalo
natrpati	-ati/-eti (obrazac NEPOZNAT: nema oblika prezenta u rečniku)	odluči ti	natrpale
natucati	-ati/-eti (obrazac NEPOZNAT: nema oblika prezenta u rečniku)	odluči ti	natucala
natucati	-ati/-eti (obrazac NEPOZNAT: nema oblika prezenta u rečniku)	odluči ti	natucalo
natucati	-ati/-eti (obrazac NEPOZNAT: nema oblika prezenta u rečniku)	odluči ti	natucali
natucati	-ati/-eti (obrazac NEPOZNAT: nema oblika prezenta u rečniku)	odluči ti	natucale
natuknuti	-nuti	visoka	natuknem
natuknuti	-nuti	visoka	natukneš
natuknuti	-nuti	visoka	natukne
natuknuti	-nuti	visoka	natuknemo
natuknuti	-nuti	visoka	natuknete
natuknuti	-nuti	visoka	natuknulo
natuknuti	-nuti	visoka	natuknuli
natuknuti	-nuti	visoka	natuknule
natuknuti	-nuti	visoka	natuknite
naturati	-ati/-eti (obrazac NEPOZNAT: nema oblika prezenta u rečniku)	odluči ti	naturala
naturati	-ati/-eti (obrazac NEPOZNAT: nema oblika prezenta u rečniku)	odluči ti	naturalo
naturati	-ati/-eti (obrazac NEPOZNAT: nema oblika prezenta u rečniku)	odluči ti	naturali
naturati	-ati/-eti (obrazac NEPOZNAT: nema oblika prezenta u rečniku)	odluči ti	naturale
naturiti	-iti	visoka	naturim
naturiti	-iti	visoka	naturiš
naturiti	-iti	visoka	naturimo
naturiti	-iti	visoka	naturite
naturiti	-iti	visoka	nature
naturiti	-iti	visoka	naturilo
naturiti	-iti	visoka	naturile
natuštiti	-iti	visoka	natuštim
natuštiti	-iti	visoka	natuštiš
natuštiti	-iti	visoka	natuštimo
natuštiti	-iti	visoka	natuštite
natuštiti	-iti	visoka	natušte
natuštiti	-iti	visoka	natuštila
natuštiti	-iti	visoka	natuštili
natuštiti	-iti	visoka	natuštile
nauživati	-ati/-eti (obrazac -am, pročitan iz rečnika)	visoka	nauživaš
nauživati	-ati/-eti (obrazac -am, pročitan iz rečnika)	visoka	nauživamo
nauživati	-ati/-eti (obrazac -am, pročitan iz rečnika)	visoka	nauživate
nauživati	-ati/-eti (obrazac -am, pročitan iz rečnika)	visoka	nauživaj
nauživati	-ati/-eti (obrazac -am, pročitan iz rečnika)	visoka	nauživajte
nauživati	-ati/-eti (obrazac -am, pročitan iz rečnika)	visoka	nauživala
nauživati	-ati/-eti (obrazac -am, pročitan iz rečnika)	visoka	nauživalo
nauživati	-ati/-eti (obrazac -am, pročitan iz rečnika)	visoka	nauživali
nauživati	-ati/-eti (obrazac -am, pročitan iz rečnika)	visoka	nauživale
navaditi	-iti	visoka	navadim
navaditi	-iti	visoka	navadiš
navaditi	-iti	visoka	navadimo
navaditi	-iti	visoka	navadite
navaditi	-iti	visoka	navade
navaditi	-iti	visoka	navadilo
navaditi	-iti	visoka	navadili
navaditi	-iti	visoka	navadile
navaljati	-ati/-eti (obrazac NEPOZNAT: nema oblika prezenta u rečniku)	odluči ti	navaljala
navaljati	-ati/-eti (obrazac NEPOZNAT: nema oblika prezenta u rečniku)	odluči ti	navaljalo
navaljati	-ati/-eti (obrazac NEPOZNAT: nema oblika prezenta u rečniku)	odluči ti	navaljali
navaljati	-ati/-eti (obrazac NEPOZNAT: nema oblika prezenta u rečniku)	odluči ti	navaljale
navestiti	-iti	visoka	navestim
navestiti	-iti	visoka	navestiš
navestiti	-iti	visoka	navestimo
navestiti	-iti	visoka	navestite
navestiti	-iti	visoka	naveste
navestiti	-iti	visoka	navestilo
navestiti	-iti	visoka	navestile
naviti	-iti	visoka	navim
naviti	-iti	visoka	naviš
naviti	-iti	visoka	navi
naviti	-iti	visoka	navimo
naviti	-iti	visoka	navite
naviti	-iti	visoka	nave
naviti	-iti	visoka	navilo
naviti	-iti	visoka	navili
naviti	-iti	visoka	navile
navodnjavati	-ati/-eti (obrazac -am, pročitan iz rečnika)	visoka	navodnjavaš
navodnjavati	-ati/-eti (obrazac -am, pročitan iz rečnika)	visoka	navodnjavamo
navodnjavati	-ati/-eti (obrazac -am, pročitan iz rečnika)	visoka	navodnjavate
navodnjavati	-ati/-eti (obrazac -am, pročitan iz rečnika)	visoka	navodnjavaju
navodnjavati	-ati/-eti (obrazac -am, pročitan iz rečnika)	visoka	navodnjavaj
navodnjavati	-ati/-eti (obrazac -am, pročitan iz rečnika)	visoka	navodnjavajte
navodnjavati	-ati/-eti (obrazac -am, pročitan iz rečnika)	visoka	navodnjavao
navodnjavati	-ati/-eti (obrazac -am, pročitan iz rečnika)	visoka	navodnjavala
navodnjavati	-ati/-eti (obrazac -am, pročitan iz rečnika)	visoka	navodnjavalo
navodnjavati	-ati/-eti (obrazac -am, pročitan iz rečnika)	visoka	navodnjavali
navodnjavati	-ati/-eti (obrazac -am, pročitan iz rečnika)	visoka	navodnjavale
navršavati	-ati/-eti (obrazac -am, pročitan iz rečnika)	visoka	navršavaš
navršavati	-ati/-eti (obrazac -am, pročitan iz rečnika)	visoka	navršavamo
navršavati	-ati/-eti (obrazac -am, pročitan iz rečnika)	visoka	navršavate
navršavati	-ati/-eti (obrazac -am, pročitan iz rečnika)	visoka	navršavaj
navršavati	-ati/-eti (obrazac -am, pročitan iz rečnika)	visoka	navršavajte
navršavati	-ati/-eti (obrazac -am, pročitan iz rečnika)	visoka	navršavao
navršavati	-ati/-eti (obrazac -am, pročitan iz rečnika)	visoka	navršavala
navršavati	-ati/-eti (obrazac -am, pročitan iz rečnika)	visoka	navršavali
navršavati	-ati/-eti (obrazac -am, pročitan iz rečnika)	visoka	navršavale
nazreti	-eti	proveri	nazrim
nazreti	-eti	proveri	nazriš
nazreti	-eti	proveri	nazri
nazreti	-eti	proveri	nazrimo
nazreti	-eti	proveri	nazrite
nazreti	-eti	proveri	nazrela
nazreti	-eti	proveri	nazrelo
nazreti	-eti	proveri	nazreli
nazreti	-eti	proveri	nazrele
naćuliti	-iti	visoka	naćuliš
naćuliti	-iti	visoka	naćuli
naćuliti	-iti	visoka	naćulimo
naćuliti	-iti	visoka	naćulite
naćuliti	-iti	visoka	naćule
naćuliti	-iti	visoka	naćulio
naćuliti	-iti	visoka	naćulila
naćuliti	-iti	visoka	naćulilo
naćuliti	-iti	visoka	naćulili
naćuliti	-iti	visoka	naćulile
načinjati	-ati/-eti (obrazac NEPOZNAT: nema oblika prezenta u rečniku)	odluči ti	načinjala
načinjati	-ati/-eti (obrazac NEPOZNAT: nema oblika prezenta u rečniku)	odluči ti	načinjalo
načinjati	-ati/-eti (obrazac NEPOZNAT: nema oblika prezenta u rečniku)	odluči ti	načinjali
načinjati	-ati/-eti (obrazac NEPOZNAT: nema oblika prezenta u rečniku)	odluči ti	načinjale
načuditi	-iti	visoka	načudiš
načuditi	-iti	visoka	načudimo
načuditi	-iti	visoka	načudite
načuditi	-iti	visoka	načudio
načuditi	-iti	visoka	načudila
načuditi	-iti	visoka	načudilo
načuditi	-iti	visoka	načudili
načuditi	-iti	visoka	načudile
načuljiti	-iti	visoka	načuljim
načuljiti	-iti	visoka	načuljiš
načuljiti	-iti	visoka	načuljimo
načuljiti	-iti	visoka	načulje
načuljiti	-iti	visoka	načuljila
načuljiti	-iti	visoka	načuljilo
načuljiti	-iti	visoka	načuljile
naškrabati	-ati/-eti (obrazac NEPOZNAT: nema oblika prezenta u rečniku)	odluči ti	naškrabala
naškrabati	-ati/-eti (obrazac NEPOZNAT: nema oblika prezenta u rečniku)	odluči ti	naškrabalo
naškrabati	-ati/-eti (obrazac NEPOZNAT: nema oblika prezenta u rečniku)	odluči ti	naškrabali
naškrabati	-ati/-eti (obrazac NEPOZNAT: nema oblika prezenta u rečniku)	odluči ti	naškrabale
naštetiti	-iti	visoka	naštetim
naštetiti	-iti	visoka	naštetiš
naštetiti	-iti	visoka	našteti
naštetiti	-iti	visoka	naštetimo
naštetiti	-iti	visoka	naštetite
naštetiti	-iti	visoka	naštete
naštetiti	-iti	visoka	naštetile
nažuljiti	-iti	visoka	nažuljim
nažuljiti	-iti	visoka	nažuljiš
nažuljiti	-iti	visoka	nažulji
nažuljiti	-iti	visoka	nažuljimo
nažuljiti	-iti	visoka	nažuljite
nažuljiti	-iti	visoka	nažuljio
nažuljiti	-iti	visoka	nažuljila
nažuljiti	-iti	visoka	nažuljilo
nažuljiti	-iti	visoka	nažuljili
nažuljiti	-iti	visoka	nažuljile
nažvrljati	-ati/-eti (obrazac NEPOZNAT: nema oblika prezenta u rečniku)	odluči ti	nažvrljala
nažvrljati	-ati/-eti (obrazac NEPOZNAT: nema oblika prezenta u rečniku)	odluči ti	nažvrljalo
nažvrljati	-ati/-eti (obrazac NEPOZNAT: nema oblika prezenta u rečniku)	odluči ti	nažvrljali
nažvrljati	-ati/-eti (obrazac NEPOZNAT: nema oblika prezenta u rečniku)	odluči ti	nažvrljale
neutralizovati	-ovati	visoka	neutralizujem
neutralizovati	-ovati	visoka	neutralizuješ
neutralizovati	-ovati	visoka	neutralizujemo
neutralizovati	-ovati	visoka	neutralizujete
neutralizovati	-ovati	visoka	neutralizuju
neutralizovati	-ovati	visoka	neutralizovala
neutralizovati	-ovati	visoka	neutralizovalo
neutralizovati	-ovati	visoka	neutralizovali
neutralizovati	-ovati	visoka	neutralizovale
neutralizovati	-ovati	visoka	neutralizuj
neutralizovati	-ovati	visoka	neutralizujte
nećkati	-ati/-eti (obrazac -am, pročitan iz rečnika)	visoka	nećkamo
nećkati	-ati/-eti (obrazac -am, pročitan iz rečnika)	visoka	nećkate
nećkati	-ati/-eti (obrazac -am, pročitan iz rečnika)	visoka	nećkaj
nećkati	-ati/-eti (obrazac -am, pročitan iz rečnika)	visoka	nećkajte
nećkati	-ati/-eti (obrazac -am, pročitan iz rečnika)	visoka	nećkala
nećkati	-ati/-eti (obrazac -am, pročitan iz rečnika)	visoka	nećkalo
nećkati	-ati/-eti (obrazac -am, pročitan iz rečnika)	visoka	nećkali
nećkati	-ati/-eti (obrazac -am, pročitan iz rečnika)	visoka	nećkale
njištati	-ati/-eti (obrazac -im, pročitan iz rečnika)	visoka	njištiš
njištati	-ati/-eti (obrazac -im, pročitan iz rečnika)	visoka	njištimo
njištati	-ati/-eti (obrazac -im, pročitan iz rečnika)	visoka	njištite
njištati	-ati/-eti (obrazac -im, pročitan iz rečnika)	visoka	njištao
njištati	-ati/-eti (obrazac -im, pročitan iz rečnika)	visoka	njištala
njištati	-ati/-eti (obrazac -im, pročitan iz rečnika)	visoka	njištalo
njištati	-ati/-eti (obrazac -im, pročitan iz rečnika)	visoka	njištali
njištati	-ati/-eti (obrazac -im, pročitan iz rečnika)	visoka	njištale
normalizovati	-ovati	visoka	normalizujem
normalizovati	-ovati	visoka	normalizuješ
normalizovati	-ovati	visoka	normalizujemo
normalizovati	-ovati	visoka	normalizujete
normalizovati	-ovati	visoka	normalizuju
normalizovati	-ovati	visoka	normalizovao
normalizovati	-ovati	visoka	normalizovala
normalizovati	-ovati	visoka	normalizovalo
normalizovati	-ovati	visoka	normalizovali
normalizovati	-ovati	visoka	normalizovale
normalizovati	-ovati	visoka	normalizuj
normalizovati	-ovati	visoka	normalizujte
normirati	-irati	visoka	normiram
normirati	-irati	visoka	normiraš
normirati	-irati	visoka	normirate
normirati	-irati	visoka	normirao
normirati	-irati	visoka	normiralo
normirati	-irati	visoka	normirali
normirati	-irati	visoka	normirale
normirati	-irati	visoka	normiraj
normirati	-irati	visoka	normirajte
nosati	-ati/-eti (obrazac NEPOZNAT: protivrečni oblici: em/im)	odluči ti	nosao
nosati	-ati/-eti (obrazac NEPOZNAT: protivrečni oblici: em/im)	odluči ti	nosala
nosati	-ati/-eti (obrazac NEPOZNAT: protivrečni oblici: em/im)	odluči ti	nosalo
nosati	-ati/-eti (obrazac NEPOZNAT: protivrečni oblici: em/im)	odluči ti	nosali
nosati	-ati/-eti (obrazac NEPOZNAT: protivrečni oblici: em/im)	odluči ti	nosale
notirati	-irati	visoka	notiram
notirati	-irati	visoka	notiraš
notirati	-irati	visoka	notiramo
notirati	-irati	visoka	notirate
notirati	-irati	visoka	notiraju
notirati	-irati	visoka	notirala
notirati	-irati	visoka	notiralo
notirati	-irati	visoka	notirali
notirati	-irati	visoka	notirale
notirati	-irati	visoka	notiraj
notirati	-irati	visoka	notirajte
novcati	-ati/-eti (obrazac -em, pročitan iz rečnika)	visoka	novceš
novcati	-ati/-eti (obrazac -em, pročitan iz rečnika)	visoka	novcemo
novcati	-ati/-eti (obrazac -em, pročitan iz rečnika)	visoka	novcete
novcati	-ati/-eti (obrazac -em, pročitan iz rečnika)	visoka	novcite
novcati	-ati/-eti (obrazac -em, pročitan iz rečnika)	visoka	novcao
novcati	-ati/-eti (obrazac -em, pročitan iz rečnika)	visoka	novcala
novcati	-ati/-eti (obrazac -em, pročitan iz rečnika)	visoka	novcalo
novcati	-ati/-eti (obrazac -em, pročitan iz rečnika)	visoka	novcali
novcati	-ati/-eti (obrazac -em, pročitan iz rečnika)	visoka	novcale
noćivati	-ati/-eti (obrazac NEPOZNAT: nema oblika prezenta u rečniku)	odluči ti	noćivala
noćivati	-ati/-eti (obrazac NEPOZNAT: nema oblika prezenta u rečniku)	odluči ti	noćivalo
noćivati	-ati/-eti (obrazac NEPOZNAT: nema oblika prezenta u rečniku)	odluči ti	noćivale
nutkati	-ati/-eti (obrazac NEPOZNAT: nema oblika prezenta u rečniku)	odluči ti	nutkala
nutkati	-ati/-eti (obrazac NEPOZNAT: nema oblika prezenta u rečniku)	odluči ti	nutkalo
nutkati	-ati/-eti (obrazac NEPOZNAT: nema oblika prezenta u rečniku)	odluči ti	nutkale
obaliti	-iti	visoka	obalim
obaliti	-iti	visoka	obališ
obaliti	-iti	visoka	obalimo
obaliti	-iti	visoka	obalite
obaliti	-iti	visoka	obalila
obaliti	-iti	visoka	obalilo
obaliti	-iti	visoka	obalili
obaliti	-iti	visoka	obalile
obariti	-iti	visoka	obarim
obariti	-iti	visoka	obariš
obariti	-iti	visoka	obari
obariti	-iti	visoka	obarimo
obariti	-iti	visoka	obarite
obariti	-iti	visoka	obario
obariti	-iti	visoka	obarila
obariti	-iti	visoka	obarilo
obariti	-iti	visoka	obarili
obariti	-iti	visoka	obarile
obazirati	-irati	visoka	obaziram
obazirati	-irati	visoka	obaziraš
obazirati	-irati	visoka	obazira
obazirati	-irati	visoka	obaziramo
obazirati	-irati	visoka	obazirate
obazirati	-irati	visoka	obaziraju
obazirati	-irati	visoka	obaziraj
obazirati	-irati	visoka	obazirajte
obediti	-iti	visoka	obedim
obediti	-iti	visoka	obediš
obediti	-iti	visoka	obedimo
obediti	-iti	visoka	obedite
obediti	-iti	visoka	obedio
obediti	-iti	visoka	obedilo
obediti	-iti	visoka	obedile
obesnažiti	-iti	visoka	obesnažim
obesnažiti	-iti	visoka	obesnažiš
obesnažiti	-iti	visoka	obesnažimo
obesnažiti	-iti	visoka	obesnažite
obesnažiti	-iti	visoka	obesnažila
obesnažiti	-iti	visoka	obesnažilo
obesnažiti	-iti	visoka	obesnažili
obesnažiti	-iti	visoka	obesnažile
obezglaviti	-iti	visoka	obezglavim
obezglaviti	-iti	visoka	obezglaviš
obezglaviti	-iti	visoka	obezglavimo
obezglaviti	-iti	visoka	obezglavite
obezglaviti	-iti	visoka	obezglavila
obezglaviti	-iti	visoka	obezglavilo
obezglaviti	-iti	visoka	obezglavile
obeznaniti	-iti	visoka	obeznanim
obeznaniti	-iti	visoka	obeznaniš
obeznaniti	-iti	visoka	obeznanimo
obeznaniti	-iti	visoka	obeznanite
obeznaniti	-iti	visoka	obeznane
obeznaniti	-iti	visoka	obeznanilo
obeznaniti	-iti	visoka	obeznanili
obeznaniti	-iti	visoka	obeznanile
obezvrediti	-iti	visoka	obezvredim
obezvrediti	-iti	visoka	obezvrediš
obezvrediti	-iti	visoka	obezvredimo
obezvrediti	-iti	visoka	obezvredite
obezvrediti	-iti	visoka	obezvredila
obezvrediti	-iti	visoka	obezvredilo
obezvrediti	-iti	visoka	obezvredili
obezvrediti	-iti	visoka	obezvredile
obeščastiti	-iti	visoka	obeščastim
obeščastiti	-iti	visoka	obeščastiš
obeščastiti	-iti	visoka	obeščastimo
obeščastiti	-iti	visoka	obeščastite
obeščastiti	-iti	visoka	obeščaste
obeščastiti	-iti	visoka	obeščastilo
obeščastiti	-iti	visoka	obeščastile
obijati	-ati/-eti (obrazac NEPOZNAT: protivrečni oblici: am/em)	odluči ti	obijala
obijati	-ati/-eti (obrazac NEPOZNAT: protivrečni oblici: am/em)	odluči ti	obijalo
obijati	-ati/-eti (obrazac NEPOZNAT: protivrečni oblici: am/em)	odluči ti	obijale
oblagati	-ati/-eti (obrazac NEPOZNAT: nema oblika prezenta u rečniku)	odluči ti	oblagala
oblagati	-ati/-eti (obrazac NEPOZNAT: nema oblika prezenta u rečniku)	odluči ti	oblagalo
oblagati	-ati/-eti (obrazac NEPOZNAT: nema oblika prezenta u rečniku)	odluči ti	oblagale
oblaziti	-iti	visoka	oblaziš
oblaziti	-iti	visoka	oblazite
oblaziti	-iti	visoka	oblazio
oblaziti	-iti	visoka	oblazila
oblaziti	-iti	visoka	oblazilo
oblaziti	-iti	visoka	oblazili
oblaziti	-iti	visoka	oblazile
oblizivati	-ati/-eti (obrazac NEPOZNAT: nema oblika prezenta u rečniku)	odluči ti	oblizivala
oblizivati	-ati/-eti (obrazac NEPOZNAT: nema oblika prezenta u rečniku)	odluči ti	oblizivalo
oblizivati	-ati/-eti (obrazac NEPOZNAT: nema oblika prezenta u rečniku)	odluči ti	oblizivali
oblizivati	-ati/-eti (obrazac NEPOZNAT: nema oblika prezenta u rečniku)	odluči ti	oblizivale
obnarodovati	-ovati	visoka	obnarodujem
obnarodovati	-ovati	visoka	obnaroduješ
obnarodovati	-ovati	visoka	obnarodujemo
obnarodovati	-ovati	visoka	obnarodujete
obnarodovati	-ovati	visoka	obnarodovao
obnarodovati	-ovati	visoka	obnarodovala
obnarodovati	-ovati	visoka	obnarodovalo
obnarodovati	-ovati	visoka	obnarodovali
obnarodovati	-ovati	visoka	obnarodovale
obnarodovati	-ovati	visoka	obnaroduj
obnarodovati	-ovati	visoka	obnarodujte
obolevati	-ati/-eti (obrazac NEPOZNAT: nema oblika prezenta u rečniku)	odluči ti	obolevala
obolevati	-ati/-eti (obrazac NEPOZNAT: nema oblika prezenta u rečniku)	odluči ti	obolevalo
obolevati	-ati/-eti (obrazac NEPOZNAT: nema oblika prezenta u rečniku)	odluči ti	obolevale
obrastati	-ati/-eti (obrazac NEPOZNAT: nema oblika prezenta u rečniku)	odluči ti	obrastala
obrastati	-ati/-eti (obrazac NEPOZNAT: nema oblika prezenta u rečniku)	odluči ti	obrastalo
obrastati	-ati/-eti (obrazac NEPOZNAT: nema oblika prezenta u rečniku)	odluči ti	obrastali
obrastati	-ati/-eti (obrazac NEPOZNAT: nema oblika prezenta u rečniku)	odluči ti	obrastale
obrati	-ati/-eti (obrazac NEPOZNAT: nema oblika prezenta u rečniku)	odluči ti	obrala
obrati	-ati/-eti (obrazac NEPOZNAT: nema oblika prezenta u rečniku)	odluči ti	obralo
obrati	-ati/-eti (obrazac NEPOZNAT: nema oblika prezenta u rečniku)	odluči ti	obrale
obrazlagati	-ati/-eti (obrazac -pal, pročitan iz rečnika)	visoka	obrazlažem
obrazlagati	-ati/-eti (obrazac -pal, pročitan iz rečnika)	visoka	obrazlažemo
obrazlagati	-ati/-eti (obrazac -pal, pročitan iz rečnika)	visoka	obrazlažete
obrazlagati	-ati/-eti (obrazac -pal, pročitan iz rečnika)	visoka	obrazlaži
obrazlagati	-ati/-eti (obrazac -pal, pročitan iz rečnika)	visoka	obrazlažite
obrazlagati	-ati/-eti (obrazac -pal, pročitan iz rečnika)	visoka	obrazlagala
obrazlagati	-ati/-eti (obrazac -pal, pročitan iz rečnika)	visoka	obrazlagalo
obrazlagati	-ati/-eti (obrazac -pal, pročitan iz rečnika)	visoka	obrazlagale
obračunavati	-ati/-eti (obrazac -am, pročitan iz rečnika)	visoka	obračunavaš
obračunavati	-ati/-eti (obrazac -am, pročitan iz rečnika)	visoka	obračunavamo
obračunavati	-ati/-eti (obrazac -am, pročitan iz rečnika)	visoka	obračunavate
obračunavati	-ati/-eti (obrazac -am, pročitan iz rečnika)	visoka	obračunavaj
obračunavati	-ati/-eti (obrazac -am, pročitan iz rečnika)	visoka	obračunavajte
obračunavati	-ati/-eti (obrazac -am, pročitan iz rečnika)	visoka	obračunavao
obračunavati	-ati/-eti (obrazac -am, pročitan iz rečnika)	visoka	obračunavala
obračunavati	-ati/-eti (obrazac -am, pročitan iz rečnika)	visoka	obračunavalo
obračunavati	-ati/-eti (obrazac -am, pročitan iz rečnika)	visoka	obračunavali
obračunavati	-ati/-eti (obrazac -am, pročitan iz rečnika)	visoka	obračunavale
obrecnuti	-nuti	visoka	obrecnem
obrecnuti	-nuti	visoka	obrecneš
obrecnuti	-nuti	visoka	obrecnemo
obrecnuti	-nuti	visoka	obrecnete
obrecnuti	-nuti	visoka	obrecnulo
obrecnuti	-nuti	visoka	obrecnuli
obrecnuti	-nuti	visoka	obrecnule
obrecnuti	-nuti	visoka	obrecni
obrecnuti	-nuti	visoka	obrecnite
obrezati	-ati/-eti (obrazac NEPOZNAT: nema oblika prezenta u rečniku)	odluči ti	obrezala
obrezati	-ati/-eti (obrazac NEPOZNAT: nema oblika prezenta u rečniku)	odluči ti	obrezalo
obrezati	-ati/-eti (obrazac NEPOZNAT: nema oblika prezenta u rečniku)	odluči ti	obrezali
obrubiti	-iti	visoka	obrubim
obrubiti	-iti	visoka	obrubiš
obrubiti	-iti	visoka	obrubi
obrubiti	-iti	visoka	obrubimo
obrubiti	-iti	visoka	obrubite
obrubiti	-iti	visoka	obrube
obrubiti	-iti	visoka	obrubila
obrubiti	-iti	visoka	obrubili
obrubiti	-iti	visoka	obrubile
obrvati	-ati/-eti (obrazac NEPOZNAT: nema oblika prezenta u rečniku)	odluči ti	obrvala
obrvati	-ati/-eti (obrazac NEPOZNAT: nema oblika prezenta u rečniku)	odluči ti	obrvalo
obrvati	-ati/-eti (obrazac NEPOZNAT: nema oblika prezenta u rečniku)	odluči ti	obrvali
obrvati	-ati/-eti (obrazac NEPOZNAT: nema oblika prezenta u rečniku)	odluči ti	obrvale
obustavljati	-ati/-eti (obrazac -am, pročitan iz rečnika)	visoka	obustavljaš
obustavljati	-ati/-eti (obrazac -am, pročitan iz rečnika)	visoka	obustavljate
obustavljati	-ati/-eti (obrazac -am, pročitan iz rečnika)	visoka	obustavljaj
obustavljati	-ati/-eti (obrazac -am, pročitan iz rečnika)	visoka	obustavljajte
obustavljati	-ati/-eti (obrazac -am, pročitan iz rečnika)	visoka	obustavljao
obustavljati	-ati/-eti (obrazac -am, pročitan iz rečnika)	visoka	obustavljala
obustavljati	-ati/-eti (obrazac -am, pročitan iz rečnika)	visoka	obustavljalo
obustavljati	-ati/-eti (obrazac -am, pročitan iz rečnika)	visoka	obustavljali
obustavljati	-ati/-eti (obrazac -am, pročitan iz rečnika)	visoka	obustavljale
obzidati	-ati/-eti (obrazac NEPOZNAT: nema oblika prezenta u rečniku)	odluči ti	obzidala
obzidati	-ati/-eti (obrazac NEPOZNAT: nema oblika prezenta u rečniku)	odluči ti	obzidalo
obzidati	-ati/-eti (obrazac NEPOZNAT: nema oblika prezenta u rečniku)	odluči ti	obzidali
obzidati	-ati/-eti (obrazac NEPOZNAT: nema oblika prezenta u rečniku)	odluči ti	obzidale
obzirati	-irati	visoka	obziram
obzirati	-irati	visoka	obziraš
obzirati	-irati	visoka	obziramo
obzirati	-irati	visoka	obzirate
obzirati	-irati	visoka	obziraju
obzirati	-irati	visoka	obzirao
obzirati	-irati	visoka	obziralo
obzirati	-irati	visoka	obzirali
obzirati	-irati	visoka	obzirale
obzirati	-irati	visoka	obziraj
obzirati	-irati	visoka	obzirajte
obznanjivati	-ati/-eti (obrazac NEPOZNAT: nema oblika prezenta u rečniku)	odluči ti	obznanjivala
obznanjivati	-ati/-eti (obrazac NEPOZNAT: nema oblika prezenta u rečniku)	odluči ti	obznanjivalo
obznanjivati	-ati/-eti (obrazac NEPOZNAT: nema oblika prezenta u rečniku)	odluči ti	obznanjivali
obznanjivati	-ati/-eti (obrazac NEPOZNAT: nema oblika prezenta u rečniku)	odluči ti	obznanjivale
odapeti	-eti	proveri	odapim
odapeti	-eti	proveri	odapiš
odapeti	-eti	proveri	odapi
odapeti	-eti	proveri	odapimo
odapeti	-eti	proveri	odapite
odapeti	-eti	proveri	odapelo
odapeti	-eti	proveri	odapeli
odapeti	-eti	proveri	odapele
odapinjati	-ati/-eti (obrazac -em, pročitan iz rečnika)	visoka	odapinješ
odapinjati	-ati/-eti (obrazac -em, pročitan iz rečnika)	visoka	odapinjemo
odapinjati	-ati/-eti (obrazac -em, pročitan iz rečnika)	visoka	odapinjete
odapinjati	-ati/-eti (obrazac -em, pročitan iz rečnika)	visoka	odapinji
odapinjati	-ati/-eti (obrazac -em, pročitan iz rečnika)	visoka	odapinjite
odapinjati	-ati/-eti (obrazac -em, pročitan iz rečnika)	visoka	odapinjao
odapinjati	-ati/-eti (obrazac -em, pročitan iz rečnika)	visoka	odapinjala
odapinjati	-ati/-eti (obrazac -em, pročitan iz rečnika)	visoka	odapinjalo
odapinjati	-ati/-eti (obrazac -em, pročitan iz rečnika)	visoka	odapinjali
odapinjati	-ati/-eti (obrazac -em, pročitan iz rečnika)	visoka	odapinjale
odaslati	-ati/-eti (obrazac NEPOZNAT: nema oblika prezenta u rečniku)	odluči ti	odaslala
odaslati	-ati/-eti (obrazac NEPOZNAT: nema oblika prezenta u rečniku)	odluči ti	odaslalo
odaslati	-ati/-eti (obrazac NEPOZNAT: nema oblika prezenta u rečniku)	odluči ti	odaslali
odaslati	-ati/-eti (obrazac NEPOZNAT: nema oblika prezenta u rečniku)	odluči ti	odaslale
odbrojiti	-iti	visoka	odbrojiš
odbrojiti	-iti	visoka	odbrojimo
odbrojiti	-iti	visoka	odbrojite
odbrojiti	-iti	visoka	odbroje
odbrojiti	-iti	visoka	odbrojio
odbrojiti	-iti	visoka	odbrojila
odbrojiti	-iti	visoka	odbrojilo
odbrojiti	-iti	visoka	odbrojili
odbrojiti	-iti	visoka	odbrojile
odbrusiti	-iti	visoka	odbrusim
odbrusiti	-iti	visoka	odbrusiš
odbrusiti	-iti	visoka	odbrusimo
odbrusiti	-iti	visoka	odbrusite
odbrusiti	-iti	visoka	odbruse
odbrusiti	-iti	visoka	odbrusila
odbrusiti	-iti	visoka	odbrusilo
odbrusiti	-iti	visoka	odbrusili
odbrusiti	-iti	visoka	odbrusile
odgrnuti	-nuti	visoka	odgrnem
odgrnuti	-nuti	visoka	odgrneš
odgrnuti	-nuti	visoka	odgrne
odgrnuti	-nuti	visoka	odgrnemo
odgrnuti	-nuti	visoka	odgrnete
odgrnuti	-nuti	visoka	odgrnulo
odgrnuti	-nuti	visoka	odgrnuli
odgrnuti	-nuti	visoka	odgrnule
odgrnuti	-nuti	visoka	odgrni
odgrnuti	-nuti	visoka	odgrnite
odgurivati	-ati/-eti (obrazac NEPOZNAT: nema oblika prezenta u rečniku)	odluči ti	odgurivala
odgurivati	-ati/-eti (obrazac NEPOZNAT: nema oblika prezenta u rečniku)	odluči ti	odgurivalo
odgurivati	-ati/-eti (obrazac NEPOZNAT: nema oblika prezenta u rečniku)	odluči ti	odgurivali
odgurivati	-ati/-eti (obrazac NEPOZNAT: nema oblika prezenta u rečniku)	odluči ti	odgurivale
odizati	-ati/-eti (obrazac NEPOZNAT: nema oblika prezenta u rečniku)	odluči ti	odizala
odizati	-ati/-eti (obrazac NEPOZNAT: nema oblika prezenta u rečniku)	odluči ti	odizalo
odizati	-ati/-eti (obrazac NEPOZNAT: nema oblika prezenta u rečniku)	odluči ti	odizali
odizati	-ati/-eti (obrazac NEPOZNAT: nema oblika prezenta u rečniku)	odluči ti	odizale
odjenuti	-nuti	visoka	odjenem
odjenuti	-nuti	visoka	odjeneš
odjenuti	-nuti	visoka	odjenete
odjenuti	-nuti	visoka	odjenu
odjenuti	-nuti	visoka	odjenula
odjenuti	-nuti	visoka	odjenulo
odjenuti	-nuti	visoka	odjenuli
odjenuti	-nuti	visoka	odjenule
odlepršati	-ati/-eti (obrazac -am, pročitan iz rečnika)	visoka	odlepršam
odlepršati	-ati/-eti (obrazac -am, pročitan iz rečnika)	visoka	odlepršamo
odlepršati	-ati/-eti (obrazac -am, pročitan iz rečnika)	visoka	odlepršate
odlepršati	-ati/-eti (obrazac -am, pročitan iz rečnika)	visoka	odlepršaju
odlepršati	-ati/-eti (obrazac -am, pročitan iz rečnika)	visoka	odlepršajte
odlepršati	-ati/-eti (obrazac -am, pročitan iz rečnika)	visoka	odlepršalo
odlepršati	-ati/-eti (obrazac -am, pročitan iz rečnika)	visoka	odlepršali
odlepršati	-ati/-eti (obrazac -am, pročitan iz rečnika)	visoka	odlepršale
odlomiti	-iti	visoka	odlomim
odlomiti	-iti	visoka	odlomiš
odlomiti	-iti	visoka	odlomimo
odlomiti	-iti	visoka	odlomite
odlomiti	-iti	visoka	odlome
odlomiti	-iti	visoka	odlomili
odlomiti	-iti	visoka	odlomile
odmahnuti	-nuti	visoka	odmahneš
odmahnuti	-nuti	visoka	odmahnemo
odmahnuti	-nuti	visoka	odmahnete
odmahnuti	-nuti	visoka	odmahnulo
odmahnuti	-nuti	visoka	odmahnuli
odmahnuti	-nuti	visoka	odmahnule
odmahnuti	-nuti	visoka	odmahni
odmahnuti	-nuti	visoka	odmahnite
odmeniti	-iti	visoka	odmeniš
odmeniti	-iti	visoka	odmenimo
odmeniti	-iti	visoka	odmenite
odmeniti	-iti	visoka	odmene
odmeniti	-iti	visoka	odmenio
odmeniti	-iti	visoka	odmenila
odmeniti	-iti	visoka	odmenilo
odmeniti	-iti	visoka	odmenili
odmrznuti	-nuti	visoka	odmrzneš
odmrznuti	-nuti	visoka	odmrznemo
odmrznuti	-nuti	visoka	odmrznete
odmrznuti	-nuti	visoka	odmrznuo
odmrznuti	-nuti	visoka	odmrznula
odmrznuti	-nuti	visoka	odmrznulo
odmrznuti	-nuti	visoka	odmrznuli
odmrznuti	-nuti	visoka	odmrznule
odmrznuti	-nuti	visoka	odmrzni
odmrznuti	-nuti	visoka	odmrznite
odnegovati	-ovati	visoka	odneguješ
odnegovati	-ovati	visoka	odnegujemo
odnegovati	-ovati	visoka	odnegujete
odnegovati	-ovati	visoka	odneguju
odnegovati	-ovati	visoka	odnegovalo
odnegovati	-ovati	visoka	odnegovale
odnegovati	-ovati	visoka	odneguj
odnegovati	-ovati	visoka	odnegujte
odobrovoljiti	-iti	visoka	odobrovoljiš
odobrovoljiti	-iti	visoka	odobrovoljimo
odobrovoljiti	-iti	visoka	odobrovoljite
odobrovoljiti	-iti	visoka	odobrovoljio
odobrovoljiti	-iti	visoka	odobrovoljilo
odobrovoljiti	-iti	visoka	odobrovoljili
odobrovoljiti	-iti	visoka	odobrovoljile
odreti	-eti	proveri	odrim
odreti	-eti	proveri	odriš
odreti	-eti	proveri	odri
odreti	-eti	proveri	odrimo
odreti	-eti	proveri	odrite
odreti	-eti	proveri	odre
odreti	-eti	proveri	odreo
odreti	-eti	proveri	odrela
odreti	-eti	proveri	odrelo
odreti	-eti	proveri	odreli
odreti	-eti	proveri	odrele
odsedlati	-ati/-eti (obrazac NEPOZNAT: nema oblika prezenta u rečniku)	odluči ti	odsedlala
odsedlati	-ati/-eti (obrazac NEPOZNAT: nema oblika prezenta u rečniku)	odluči ti	odsedlalo
odsedlati	-ati/-eti (obrazac NEPOZNAT: nema oblika prezenta u rečniku)	odluči ti	odsedlali
odsedlati	-ati/-eti (obrazac NEPOZNAT: nema oblika prezenta u rečniku)	odluči ti	odsedlale
odskakati	-ati/-eti (obrazac NEPOZNAT: nema oblika prezenta u rečniku)	odluči ti	odskakalo
odskakati	-ati/-eti (obrazac NEPOZNAT: nema oblika prezenta u rečniku)	odluči ti	odskakali
odskakati	-ati/-eti (obrazac NEPOZNAT: nema oblika prezenta u rečniku)	odluči ti	odskakale
odstreliti	-iti	visoka	odstreliš
odstreliti	-iti	visoka	odstreli
odstreliti	-iti	visoka	odstrelimo
odstreliti	-iti	visoka	odstrelite
odstreliti	-iti	visoka	odstrelila
odstreliti	-iti	visoka	odstrelilo
odstreliti	-iti	visoka	odstrelili
odstreliti	-iti	visoka	odstrelile
odupirati	-irati	visoka	odupiram
odupirati	-irati	visoka	odupiraš
odupirati	-irati	visoka	odupira
odupirati	-irati	visoka	odupiramo
odupirati	-irati	visoka	odupirate
odupirati	-irati	visoka	odupiraju
odupirati	-irati	visoka	odupiralo
odupirati	-irati	visoka	odupirale
odupirati	-irati	visoka	odupiraj
odupirati	-irati	visoka	odupirajte
odupreti	-eti	proveri	oduprim
odupreti	-eti	proveri	odupriš
odupreti	-eti	proveri	oduprimo
odupreti	-eti	proveri	oduprela
odupreti	-eti	proveri	oduprelo
odupreti	-eti	proveri	odupreli
odupreti	-eti	proveri	oduprele
odučavati	-ati/-eti (obrazac -am, pročitan iz rečnika)	visoka	odučavaš
odučavati	-ati/-eti (obrazac -am, pročitan iz rečnika)	visoka	odučavamo
odučavati	-ati/-eti (obrazac -am, pročitan iz rečnika)	visoka	odučavate
odučavati	-ati/-eti (obrazac -am, pročitan iz rečnika)	visoka	odučavaju
odučavati	-ati/-eti (obrazac -am, pročitan iz rečnika)	visoka	odučavaj
odučavati	-ati/-eti (obrazac -am, pročitan iz rečnika)	visoka	odučavajte
odučavati	-ati/-eti (obrazac -am, pročitan iz rečnika)	visoka	odučavao
odučavati	-ati/-eti (obrazac -am, pročitan iz rečnika)	visoka	odučavala
odučavati	-ati/-eti (obrazac -am, pročitan iz rečnika)	visoka	odučavalo
odučavati	-ati/-eti (obrazac -am, pročitan iz rečnika)	visoka	odučavali
odučavati	-ati/-eti (obrazac -am, pročitan iz rečnika)	visoka	odučavale
odvikavati	-ati/-eti (obrazac -am, pročitan iz rečnika)	visoka	odvikavaš
odvikavati	-ati/-eti (obrazac -am, pročitan iz rečnika)	visoka	odvikavamo
odvikavati	-ati/-eti (obrazac -am, pročitan iz rečnika)	visoka	odvikavate
odvikavati	-ati/-eti (obrazac -am, pročitan iz rečnika)	visoka	odvikavaj
odvikavati	-ati/-eti (obrazac -am, pročitan iz rečnika)	visoka	odvikavajte
odvikavati	-ati/-eti (obrazac -am, pročitan iz rečnika)	visoka	odvikavala
odvikavati	-ati/-eti (obrazac -am, pročitan iz rečnika)	visoka	odvikavalo
odvikavati	-ati/-eti (obrazac -am, pročitan iz rečnika)	visoka	odvikavali
odvikavati	-ati/-eti (obrazac -am, pročitan iz rečnika)	visoka	odvikavale
odviknuti	-nuti	visoka	odviknete
odviknuti	-nuti	visoka	odviknuo
odviknuti	-nuti	visoka	odviknula
odviknuti	-nuti	visoka	odviknulo
odviknuti	-nuti	visoka	odviknuli
odviknuti	-nuti	visoka	odviknule
odviknuti	-nuti	visoka	odvikni
odviknuti	-nuti	visoka	odviknite
odviti	-iti	visoka	odvim
odviti	-iti	visoka	odviš
odviti	-iti	visoka	odvi
odviti	-iti	visoka	odvimo
odviti	-iti	visoka	odvite
odviti	-iti	visoka	odve
odviti	-iti	visoka	odvili
odviti	-iti	visoka	odvile
odšrafiti	-iti	visoka	odšrafim
odšrafiti	-iti	visoka	odšrafiš
odšrafiti	-iti	visoka	odšrafi
odšrafiti	-iti	visoka	odšrafimo
odšrafiti	-iti	visoka	odšrafite
odšrafiti	-iti	visoka	odšrafe
odšrafiti	-iti	visoka	odšrafila
odšrafiti	-iti	visoka	odšrafilo
odšrafiti	-iti	visoka	odšrafili
odšrafiti	-iti	visoka	odšrafile
odživeti	-eti	proveri	odživim
odživeti	-eti	proveri	odživiš
odživeti	-eti	proveri	odživi
odživeti	-eti	proveri	odživimo
odživeti	-eti	proveri	odživite
odživeti	-eti	proveri	odžive
odživeti	-eti	proveri	odživelo
odživeti	-eti	proveri	odživeli
odživeti	-eti	proveri	odživele
ofucati	-ati/-eti (obrazac NEPOZNAT: nema oblika prezenta u rečniku)	odluči ti	ofucalo
ofucati	-ati/-eti (obrazac NEPOZNAT: nema oblika prezenta u rečniku)	odluči ti	ofucali
ofucati	-ati/-eti (obrazac NEPOZNAT: nema oblika prezenta u rečniku)	odluči ti	ofucale
oglobiti	-iti	visoka	oglobim
oglobiti	-iti	visoka	oglobiš
oglobiti	-iti	visoka	oglobi
oglobiti	-iti	visoka	oglobimo
oglobiti	-iti	visoka	oglobite
oglobiti	-iti	visoka	oglobe
oglobiti	-iti	visoka	oglobila
oglobiti	-iti	visoka	oglobilo
oglobiti	-iti	visoka	oglobili
oglobiti	-iti	visoka	oglobile
oglušivati	-ati/-eti (obrazac NEPOZNAT: nema oblika prezenta u rečniku)	odluči ti	oglušivala
oglušivati	-ati/-eti (obrazac NEPOZNAT: nema oblika prezenta u rečniku)	odluči ti	oglušivalo
oglušivati	-ati/-eti (obrazac NEPOZNAT: nema oblika prezenta u rečniku)	odluči ti	oglušivali
oglušivati	-ati/-eti (obrazac NEPOZNAT: nema oblika prezenta u rečniku)	odluči ti	oglušivale
ogoreti	-eti	proveri	ogorim
ogoreti	-eti	proveri	ogoriš
ogoreti	-eti	proveri	ogori
ogoreti	-eti	proveri	ogorimo
ogoreti	-eti	proveri	ogorite
ogoreti	-eti	proveri	ogore
ogoreti	-eti	proveri	ogorelo
ogoreti	-eti	proveri	ogorele
ogreznuti	-nuti	visoka	ogreznem
ogreznuti	-nuti	visoka	ogrezneš
ogreznuti	-nuti	visoka	ogreznemo
ogreznuti	-nuti	visoka	ogreznete
ogreznuti	-nuti	visoka	ogreznulo
ogreznuti	-nuti	visoka	ogreznuli
ogreznuti	-nuti	visoka	ogreznule
ogreznuti	-nuti	visoka	ogrezni
ogreznuti	-nuti	visoka	ogreznite
ogrijati	-ati/-eti (obrazac NEPOZNAT: nema oblika prezenta u rečniku)	odluči ti	ogrijala
ogrijati	-ati/-eti (obrazac NEPOZNAT: nema oblika prezenta u rečniku)	odluči ti	ogrijalo
ogrijati	-ati/-eti (obrazac NEPOZNAT: nema oblika prezenta u rečniku)	odluči ti	ogrijali
ogrijati	-ati/-eti (obrazac NEPOZNAT: nema oblika prezenta u rečniku)	odluči ti	ogrijale
oholiti	-iti	visoka	oholiš
oholiti	-iti	visoka	oholimo
oholiti	-iti	visoka	oholite
oholiti	-iti	visoka	oholio
oholiti	-iti	visoka	oholila
oholiti	-iti	visoka	oholilo
oholiti	-iti	visoka	oholili
oholiti	-iti	visoka	oholile
okajavati	-ati/-eti (obrazac -am, pročitan iz rečnika)	visoka	okajavaš
okajavati	-ati/-eti (obrazac -am, pročitan iz rečnika)	visoka	okajavamo
okajavati	-ati/-eti (obrazac -am, pročitan iz rečnika)	visoka	okajavate
okajavati	-ati/-eti (obrazac -am, pročitan iz rečnika)	visoka	okajavaj
okajavati	-ati/-eti (obrazac -am, pročitan iz rečnika)	visoka	okajavajte
okajavati	-ati/-eti (obrazac -am, pročitan iz rečnika)	visoka	okajavala
okajavati	-ati/-eti (obrazac -am, pročitan iz rečnika)	visoka	okajavalo
okajavati	-ati/-eti (obrazac -am, pročitan iz rečnika)	visoka	okajavali
okajavati	-ati/-eti (obrazac -am, pročitan iz rečnika)	visoka	okajavale
okaljati	-ati/-eti (obrazac -am, pročitan iz rečnika)	visoka	okaljam
okaljati	-ati/-eti (obrazac -am, pročitan iz rečnika)	visoka	okaljamo
okaljati	-ati/-eti (obrazac -am, pročitan iz rečnika)	visoka	okaljate
okaljati	-ati/-eti (obrazac -am, pročitan iz rečnika)	visoka	okaljaj
okaljati	-ati/-eti (obrazac -am, pročitan iz rečnika)	visoka	okaljajte
okaljati	-ati/-eti (obrazac -am, pročitan iz rečnika)	visoka	okaljala
okaljati	-ati/-eti (obrazac -am, pročitan iz rečnika)	visoka	okaljalo
okaljati	-ati/-eti (obrazac -am, pročitan iz rečnika)	visoka	okaljale
okapati	-ati/-eti (obrazac -am, pročitan iz rečnika)	visoka	okapaš
okapati	-ati/-eti (obrazac -am, pročitan iz rečnika)	visoka	okapa
okapati	-ati/-eti (obrazac -am, pročitan iz rečnika)	visoka	okapamo
okapati	-ati/-eti (obrazac -am, pročitan iz rečnika)	visoka	okapate
okapati	-ati/-eti (obrazac -am, pročitan iz rečnika)	visoka	okapaju
okapati	-ati/-eti (obrazac -am, pročitan iz rečnika)	visoka	okapaj
okapati	-ati/-eti (obrazac -am, pročitan iz rečnika)	visoka	okapajte
okapati	-ati/-eti (obrazac -am, pročitan iz rečnika)	visoka	okapao
okapati	-ati/-eti (obrazac -am, pročitan iz rečnika)	visoka	okapala
okapati	-ati/-eti (obrazac -am, pročitan iz rečnika)	visoka	okapalo
okapati	-ati/-eti (obrazac -am, pročitan iz rečnika)	visoka	okapali
okapati	-ati/-eti (obrazac -am, pročitan iz rečnika)	visoka	okapale
okarakterisati	-ati/-eti (obrazac NEPOZNAT: nema oblika prezenta u rečniku)	odluči ti	okarakterisala
okarakterisati	-ati/-eti (obrazac NEPOZNAT: nema oblika prezenta u rečniku)	odluči ti	okarakterisalo
okarakterisati	-ati/-eti (obrazac NEPOZNAT: nema oblika prezenta u rečniku)	odluči ti	okarakterisale
okidati	-ati/-eti (obrazac -am, pročitan iz rečnika)	visoka	okidaš
okidati	-ati/-eti (obrazac -am, pročitan iz rečnika)	visoka	okidamo
okidati	-ati/-eti (obrazac -am, pročitan iz rečnika)	visoka	okidate
okidati	-ati/-eti (obrazac -am, pročitan iz rečnika)	visoka	okidaju
okidati	-ati/-eti (obrazac -am, pročitan iz rečnika)	visoka	okidaj
okidati	-ati/-eti (obrazac -am, pročitan iz rečnika)	visoka	okidajte
okidati	-ati/-eti (obrazac -am, pročitan iz rečnika)	visoka	okidao
okidati	-ati/-eti (obrazac -am, pročitan iz rečnika)	visoka	okidala
okidati	-ati/-eti (obrazac -am, pročitan iz rečnika)	visoka	okidalo
okidati	-ati/-eti (obrazac -am, pročitan iz rečnika)	visoka	okidali
okidati	-ati/-eti (obrazac -am, pročitan iz rečnika)	visoka	okidale
okinuti	-nuti	visoka	okinem
okinuti	-nuti	visoka	okineš
okinuti	-nuti	visoka	okinemo
okinuti	-nuti	visoka	okinete
okinuti	-nuti	visoka	okinulo
okinuti	-nuti	visoka	okinuli
okinuti	-nuti	visoka	okinule
okinuti	-nuti	visoka	okini
okinuti	-nuti	visoka	okinite
okladiti	-iti	visoka	okladim
okladiti	-iti	visoka	okladiš
okladiti	-iti	visoka	okladimo
okladiti	-iti	visoka	okladite
okladiti	-iti	visoka	okladila
okladiti	-iti	visoka	okladilo
okladiti	-iti	visoka	okladili
okladiti	-iti	visoka	okladile
okolišati	-ati/-eti (obrazac NEPOZNAT: protivrečni oblici: am/em/im)	odluči ti	okolišala
okolišati	-ati/-eti (obrazac NEPOZNAT: protivrečni oblici: am/em/im)	odluči ti	okolišalo
okolišati	-ati/-eti (obrazac NEPOZNAT: protivrečni oblici: am/em/im)	odluči ti	okolišale
okolišiti	-iti	visoka	okolišim
okolišiti	-iti	visoka	okolišimo
okolišiti	-iti	visoka	okolišite
okolišiti	-iti	visoka	okoliše
okolišiti	-iti	visoka	okolišio
okolišiti	-iti	visoka	okolišila
okolišiti	-iti	visoka	okolišilo
okolišiti	-iti	visoka	okolišili
okolišiti	-iti	visoka	okolišile
okončavati	-ati/-eti (obrazac NEPOZNAT: nema oblika prezenta u rečniku)	odluči ti	okončavalo
okončavati	-ati/-eti (obrazac NEPOZNAT: nema oblika prezenta u rečniku)	odluči ti	okončavali
okončavati	-ati/-eti (obrazac NEPOZNAT: nema oblika prezenta u rečniku)	odluči ti	okončavale
okopati	-ati/-eti (obrazac NEPOZNAT: nema oblika prezenta u rečniku)	odluči ti	okopala
okopati	-ati/-eti (obrazac NEPOZNAT: nema oblika prezenta u rečniku)	odluči ti	okopalo
okopati	-ati/-eti (obrazac NEPOZNAT: nema oblika prezenta u rečniku)	odluči ti	okopali
okopati	-ati/-eti (obrazac NEPOZNAT: nema oblika prezenta u rečniku)	odluči ti	okopale
okopneti	-eti	proveri	okopnim
okopneti	-eti	proveri	okopniš
okopneti	-eti	proveri	okopni
okopneti	-eti	proveri	okopnimo
okopneti	-eti	proveri	okopnite
okopneti	-eti	proveri	okopne
okopneti	-eti	proveri	okopnelo
okopneti	-eti	proveri	okopneli
okopneti	-eti	proveri	okopnele
okotiti	-iti	visoka	okotim
okotiti	-iti	visoka	okotiš
okotiti	-iti	visoka	okotimo
okotiti	-iti	visoka	okotite
okotiti	-iti	visoka	okote
okotiti	-iti	visoka	okotilo
okotiti	-iti	visoka	okotili
okotiti	-iti	visoka	okotile
okresati	-ati/-eti (obrazac NEPOZNAT: nema oblika prezenta u rečniku)	odluči ti	okresala
okresati	-ati/-eti (obrazac NEPOZNAT: nema oblika prezenta u rečniku)	odluči ti	okresalo
okresati	-ati/-eti (obrazac NEPOZNAT: nema oblika prezenta u rečniku)	odluči ti	okresale
okrivljavati	-ati/-eti (obrazac NEPOZNAT: nema oblika prezenta u rečniku)	odluči ti	okrivljavala
okrivljavati	-ati/-eti (obrazac NEPOZNAT: nema oblika prezenta u rečniku)	odluči ti	okrivljavalo
okrivljavati	-ati/-eti (obrazac NEPOZNAT: nema oblika prezenta u rečniku)	odluči ti	okrivljavali
okrivljavati	-ati/-eti (obrazac NEPOZNAT: nema oblika prezenta u rečniku)	odluči ti	okrivljavale
okrnjiti	-iti	visoka	okrnjim
okrnjiti	-iti	visoka	okrnjiš
okrnjiti	-iti	visoka	okrnjite
okrnjiti	-iti	visoka	okrnjila
okrnjiti	-iti	visoka	okrnjilo
okrnjiti	-iti	visoka	okrnjili
okrnjiti	-iti	visoka	okrnjile
okrpiti	-iti	visoka	okrpiš
okrpiti	-iti	visoka	okrpimo
okrpiti	-iti	visoka	okrpite
okrpiti	-iti	visoka	okrpe
okrpiti	-iti	visoka	okrpio
okrpiti	-iti	visoka	okrpila
okrpiti	-iti	visoka	okrpilo
okrpiti	-iti	visoka	okrpili
okrpiti	-iti	visoka	okrpile
okruniti	-iti	visoka	okrunim
okruniti	-iti	visoka	okruniš
okruniti	-iti	visoka	okrunimo
okruniti	-iti	visoka	okrunite
okruniti	-iti	visoka	okrunilo
okruniti	-iti	visoka	okrunili
okruniti	-iti	visoka	okrunile
okrznuti	-nuti	visoka	okrznem
okrznuti	-nuti	visoka	okrzneš
okrznuti	-nuti	visoka	okrznemo
okrznuti	-nuti	visoka	okrznete
okrznuti	-nuti	visoka	okrznu
okrznuti	-nuti	visoka	okrznule
okrznuti	-nuti	visoka	okrzni
okrznuti	-nuti	visoka	okrznite
oksidirati	-irati	visoka	oksidiram
oksidirati	-irati	visoka	oksidiraš
oksidirati	-irati	visoka	oksidiramo
oksidirati	-irati	visoka	oksidirate
oksidirati	-irati	visoka	oksidirala
oksidirati	-irati	visoka	oksidiralo
oksidirati	-irati	visoka	oksidirali
oksidirati	-irati	visoka	oksidirale
oksidirati	-irati	visoka	oksidiraj
oksidirati	-irati	visoka	oksidirajte
oktroisati	-ati/-eti (obrazac NEPOZNAT: nema oblika prezenta u rečniku)	odluči ti	oktroisalo
oktroisati	-ati/-eti (obrazac NEPOZNAT: nema oblika prezenta u rečniku)	odluči ti	oktroisali
oktroisati	-ati/-eti (obrazac NEPOZNAT: nema oblika prezenta u rečniku)	odluči ti	oktroisale
okumiti	-iti	visoka	okumim
okumiti	-iti	visoka	okumiš
okumiti	-iti	visoka	okumi
okumiti	-iti	visoka	okumite
okumiti	-iti	visoka	okume
okumiti	-iti	visoka	okumilo
okumiti	-iti	visoka	okumile
okuražiti	-iti	visoka	okuražim
okuražiti	-iti	visoka	okuražiš
okuražiti	-iti	visoka	okuražimo
okuražiti	-iti	visoka	okuražite
okuražiti	-iti	visoka	okuraže
okuražiti	-iti	visoka	okuražila
okuražiti	-iti	visoka	okuražilo
okuražiti	-iti	visoka	okuražili
okuražiti	-iti	visoka	okuražile
okućiti	-iti	visoka	okućim
okućiti	-iti	visoka	okućiš
okućiti	-iti	visoka	okućimo
okućiti	-iti	visoka	okućite
okućiti	-iti	visoka	okućila
okućiti	-iti	visoka	okućilo
okućiti	-iti	visoka	okućili
okućiti	-iti	visoka	okućile
okvasiti	-iti	visoka	okvasiš
okvasiti	-iti	visoka	okvasimo
okvasiti	-iti	visoka	okvasite
okvasiti	-iti	visoka	okvase
okvasiti	-iti	visoka	okvasilo
okvasiti	-iti	visoka	okvasili
okvasiti	-iti	visoka	okvasile
olizati	-ati/-eti (obrazac -pal, pročitan iz rečnika)	visoka	oližemo
olizati	-ati/-eti (obrazac -pal, pročitan iz rečnika)	visoka	oližete
olizati	-ati/-eti (obrazac -pal, pročitan iz rečnika)	visoka	oližu
olizati	-ati/-eti (obrazac -pal, pročitan iz rečnika)	visoka	oliži
olizati	-ati/-eti (obrazac -pal, pročitan iz rečnika)	visoka	oližite
olizati	-ati/-eti (obrazac -pal, pročitan iz rečnika)	visoka	olizala
olizati	-ati/-eti (obrazac -pal, pročitan iz rečnika)	visoka	olizalo
olizati	-ati/-eti (obrazac -pal, pročitan iz rečnika)	visoka	olizali
olizati	-ati/-eti (obrazac -pal, pročitan iz rečnika)	visoka	olizale
omasoviti	-iti	visoka	omasovim
omasoviti	-iti	visoka	omasoviš
omasoviti	-iti	visoka	omasovi
omasoviti	-iti	visoka	omasovimo
omasoviti	-iti	visoka	omasovite
omasoviti	-iti	visoka	omasove
omasoviti	-iti	visoka	omasovila
omasoviti	-iti	visoka	omasovilo
omasoviti	-iti	visoka	omasovili
omasoviti	-iti	visoka	omasovile
omatoriti	-iti	visoka	omatorim
omatoriti	-iti	visoka	omatoriš
omatoriti	-iti	visoka	omatorimo
omatoriti	-iti	visoka	omatorite
omatoriti	-iti	visoka	omatorila
omatoriti	-iti	visoka	omatorilo
omatoriti	-iti	visoka	omatorili
omatoriti	-iti	visoka	omatorile
omađijati	-ati/-eti (obrazac NEPOZNAT: nema oblika prezenta u rečniku)	odluči ti	omađijalo
omađijati	-ati/-eti (obrazac NEPOZNAT: nema oblika prezenta u rečniku)	odluči ti	omađijali
omađijati	-ati/-eti (obrazac NEPOZNAT: nema oblika prezenta u rečniku)	odluči ti	omađijale
omiliti	-iti	visoka	omilim
omiliti	-iti	visoka	omiliš
omiliti	-iti	visoka	omilimo
omiliti	-iti	visoka	omilite
omiliti	-iti	visoka	omililo
omiliti	-iti	visoka	omilili
omiliti	-iti	visoka	omilile
omršati	-ati/-eti (obrazac NEPOZNAT: nema oblika prezenta u rečniku)	odluči ti	omršala
omršati	-ati/-eti (obrazac NEPOZNAT: nema oblika prezenta u rečniku)	odluči ti	omršalo
omršati	-ati/-eti (obrazac NEPOZNAT: nema oblika prezenta u rečniku)	odluči ti	omršali
omršati	-ati/-eti (obrazac NEPOZNAT: nema oblika prezenta u rečniku)	odluči ti	omršale
omršaveti	-eti	proveri	omršavim
omršaveti	-eti	proveri	omršaviš
omršaveti	-eti	proveri	omršavi
omršaveti	-eti	proveri	omršavimo
omršaveti	-eti	proveri	omršavite
omršaveti	-eti	proveri	omršave
omršaveti	-eti	proveri	omršaveli
omršaveti	-eti	proveri	omršavele
ondulirati	-irati	visoka	onduliram
ondulirati	-irati	visoka	onduliraš
ondulirati	-irati	visoka	onduliramo
ondulirati	-irati	visoka	ondulirate
ondulirati	-irati	visoka	onduliraju
ondulirati	-irati	visoka	ondulirao
ondulirati	-irati	visoka	ondulirala
ondulirati	-irati	visoka	onduliralo
ondulirati	-irati	visoka	ondulirali
ondulirati	-irati	visoka	ondulirale
ondulirati	-irati	visoka	onduliraj
ondulirati	-irati	visoka	ondulirajte
onemeti	-eti	proveri	onemim
onemeti	-eti	proveri	onemiš
onemeti	-eti	proveri	onemi
onemeti	-eti	proveri	onemimo
onemeti	-eti	proveri	onemite
onemeti	-eti	proveri	oneme
onemeti	-eti	proveri	onemela
onemeti	-eti	proveri	onemelo
onemeti	-eti	proveri	onemeli
onjušiti	-iti	visoka	onjušiš
onjušiti	-iti	visoka	onjušimo
onjušiti	-iti	visoka	onjušite
onjušiti	-iti	visoka	onjuše
onjušiti	-iti	visoka	onjušila
onjušiti	-iti	visoka	onjušilo
onjušiti	-iti	visoka	onjušili
onjušiti	-iti	visoka	onjušile
opajati	-ati/-eti (obrazac NEPOZNAT: nema oblika prezenta u rečniku)	odluči ti	opajala
opajati	-ati/-eti (obrazac NEPOZNAT: nema oblika prezenta u rečniku)	odluči ti	opajalo
opajati	-ati/-eti (obrazac NEPOZNAT: nema oblika prezenta u rečniku)	odluči ti	opajali
opajati	-ati/-eti (obrazac NEPOZNAT: nema oblika prezenta u rečniku)	odluči ti	opajale
opanjkati	-ati/-eti (obrazac NEPOZNAT: nema oblika prezenta u rečniku)	odluči ti	opanjkala
opanjkati	-ati/-eti (obrazac NEPOZNAT: nema oblika prezenta u rečniku)	odluči ti	opanjkalo
opanjkati	-ati/-eti (obrazac NEPOZNAT: nema oblika prezenta u rečniku)	odluči ti	opanjkali
opanjkati	-ati/-eti (obrazac NEPOZNAT: nema oblika prezenta u rečniku)	odluči ti	opanjkale
opaučiti	-iti	visoka	opaučiš
opaučiti	-iti	visoka	opaučimo
opaučiti	-iti	visoka	opaučite
opaučiti	-iti	visoka	opauče
opaučiti	-iti	visoka	opaučila
opaučiti	-iti	visoka	opaučilo
opaučiti	-iti	visoka	opaučili
opaučiti	-iti	visoka	opaučile
opepeliti	-iti	visoka	opepeliš
opepeliti	-iti	visoka	opepeli
opepeliti	-iti	visoka	opepelimo
opepeliti	-iti	visoka	opepelite
opepeliti	-iti	visoka	opepele
opepeliti	-iti	visoka	opepelio
opepeliti	-iti	visoka	opepelila
opepeliti	-iti	visoka	opepelilo
opepeliti	-iti	visoka	opepelili
opepeliti	-iti	visoka	opepelile
opereti	-eti	proveri	operim
opereti	-eti	proveri	operiš
opereti	-eti	proveri	opereo
opereti	-eti	proveri	operela
opereti	-eti	proveri	operelo
opereti	-eti	proveri	opereli
opereti	-eti	proveri	operele
opetovati	-ovati	visoka	opetujem
opetovati	-ovati	visoka	opetuješ
opetovati	-ovati	visoka	opetujemo
opetovati	-ovati	visoka	opetujete
opetovati	-ovati	visoka	opetuju
opetovati	-ovati	visoka	opetovao
opetovati	-ovati	visoka	opetovala
opetovati	-ovati	visoka	opetovalo
opetovati	-ovati	visoka	opetovali
opetovati	-ovati	visoka	opetovale
opetovati	-ovati	visoka	opetuj
opetovati	-ovati	visoka	opetujte
opirati	-irati	visoka	opiram
opirati	-irati	visoka	opiraš
opirati	-irati	visoka	opira
opirati	-irati	visoka	opiramo
opirati	-irati	visoka	opirate
opirati	-irati	visoka	opiraju
opirati	-irati	visoka	opiraj
opirati	-irati	visoka	opirajte
opismeniti	-iti	visoka	opismenim
opismeniti	-iti	visoka	opismeniš
opismeniti	-iti	visoka	opismenimo
opismeniti	-iti	visoka	opismenite
opismeniti	-iti	visoka	opismene
opismeniti	-iti	visoka	opismenila
opismeniti	-iti	visoka	opismenilo
opismeniti	-iti	visoka	opismenili
opismeniti	-iti	visoka	opismenile
opkoračiti	-iti	visoka	opkoračim
opkoračiti	-iti	visoka	opkoračiš
opkoračiti	-iti	visoka	opkoračimo
opkoračiti	-iti	visoka	opkorače
opkoračiti	-iti	visoka	opkoračila
opkoračiti	-iti	visoka	opkoračilo
opkoračiti	-iti	visoka	opkoračili
opkoračiti	-iti	visoka	opkoračile
oplati	-ati/-eti (obrazac NEPOZNAT: nema oblika prezenta u rečniku)	odluči ti	oplao
oplati	-ati/-eti (obrazac NEPOZNAT: nema oblika prezenta u rečniku)	odluči ti	oplala
oplati	-ati/-eti (obrazac NEPOZNAT: nema oblika prezenta u rečniku)	odluči ti	oplalo
oplati	-ati/-eti (obrazac NEPOZNAT: nema oblika prezenta u rečniku)	odluči ti	oplali
oplati	-ati/-eti (obrazac NEPOZNAT: nema oblika prezenta u rečniku)	odluči ti	oplale
opleti	-eti	proveri	oplim
opleti	-eti	proveri	opliš
opleti	-eti	proveri	opli
opleti	-eti	proveri	oplimo
opleti	-eti	proveri	oplite
opleti	-eti	proveri	ople
opleti	-eti	proveri	oplelo
opleti	-eti	proveri	opleli
opleti	-eti	proveri	oplele
opljunuti	-nuti	visoka	opljuneš
opljunuti	-nuti	visoka	opljune
opljunuti	-nuti	visoka	opljunemo
opljunuti	-nuti	visoka	opljunete
opljunuti	-nuti	visoka	opljunu
opljunuti	-nuti	visoka	opljunuo
opljunuti	-nuti	visoka	opljunula
opljunuti	-nuti	visoka	opljunulo
opljunuti	-nuti	visoka	opljunuli
opljunuti	-nuti	visoka	opljunule
opljunuti	-nuti	visoka	opljuni
opljunuti	-nuti	visoka	opljunite
oploviti	-iti	visoka	oplovim
oploviti	-iti	visoka	oploviš
oploviti	-iti	visoka	oplovi
oploviti	-iti	visoka	oplovimo
oploviti	-iti	visoka	oplovite
oploviti	-iti	visoka	oplove
oploviti	-iti	visoka	oplovila
oploviti	-iti	visoka	oplovilo
oploviti	-iti	visoka	oplovili
oploviti	-iti	visoka	oplovile
opoganiti	-iti	visoka	opoganim
opoganiti	-iti	visoka	opoganiš
opoganiti	-iti	visoka	opoganimo
opoganiti	-iti	visoka	opoganite
opoganiti	-iti	visoka	opoganila
opoganiti	-iti	visoka	opoganilo
opoganiti	-iti	visoka	opoganili
opoganiti	-iti	visoka	opoganile
opojati	-ati/-eti (obrazac NEPOZNAT: nema oblika prezenta u rečniku)	odluči ti	opojala
opojati	-ati/-eti (obrazac NEPOZNAT: nema oblika prezenta u rečniku)	odluči ti	opojalo
opojati	-ati/-eti (obrazac NEPOZNAT: nema oblika prezenta u rečniku)	odluči ti	opojali
opojati	-ati/-eti (obrazac NEPOZNAT: nema oblika prezenta u rečniku)	odluči ti	opojale
oponirati	-irati	visoka	oponiram
oponirati	-irati	visoka	oponiramo
oponirati	-irati	visoka	oponirate
oponirati	-irati	visoka	oponirala
oponirati	-irati	visoka	oponiralo
oponirati	-irati	visoka	oponirali
oponirati	-irati	visoka	oponirale
oponirati	-irati	visoka	oponiraj
oponirati	-irati	visoka	oponirajte
oporezovati	-ovati	visoka	oporezujem
oporezovati	-ovati	visoka	oporezuješ
oporezovati	-ovati	visoka	oporezujemo
oporezovati	-ovati	visoka	oporezujete
oporezovati	-ovati	visoka	oporezovao
oporezovati	-ovati	visoka	oporezovala
oporezovati	-ovati	visoka	oporezovalo
oporezovati	-ovati	visoka	oporezovali
oporezovati	-ovati	visoka	oporezovale
oporezovati	-ovati	visoka	oporezuj
oporezovati	-ovati	visoka	oporezujte
opovrgavati	-ati/-eti (obrazac -am, pročitan iz rečnika)	visoka	opovrgavaš
opovrgavati	-ati/-eti (obrazac -am, pročitan iz rečnika)	visoka	opovrgavamo
opovrgavati	-ati/-eti (obrazac -am, pročitan iz rečnika)	visoka	opovrgavate
opovrgavati	-ati/-eti (obrazac -am, pročitan iz rečnika)	visoka	opovrgavaju
opovrgavati	-ati/-eti (obrazac -am, pročitan iz rečnika)	visoka	opovrgavaj
opovrgavati	-ati/-eti (obrazac -am, pročitan iz rečnika)	visoka	opovrgavajte
opovrgavati	-ati/-eti (obrazac -am, pročitan iz rečnika)	visoka	opovrgavao
opovrgavati	-ati/-eti (obrazac -am, pročitan iz rečnika)	visoka	opovrgavala
opovrgavati	-ati/-eti (obrazac -am, pročitan iz rečnika)	visoka	opovrgavalo
opovrgavati	-ati/-eti (obrazac -am, pročitan iz rečnika)	visoka	opovrgavali
opovrgavati	-ati/-eti (obrazac -am, pročitan iz rečnika)	visoka	opovrgavale
opozivati	-ati/-eti (obrazac -am, pročitan iz rečnika)	visoka	opozivamo
opozivati	-ati/-eti (obrazac -am, pročitan iz rečnika)	visoka	opozivate
opozivati	-ati/-eti (obrazac -am, pročitan iz rečnika)	visoka	opozivaju
opozivati	-ati/-eti (obrazac -am, pročitan iz rečnika)	visoka	opozivaj
opozivati	-ati/-eti (obrazac -am, pročitan iz rečnika)	visoka	opozivajte
opozivati	-ati/-eti (obrazac -am, pročitan iz rečnika)	visoka	opozivala
opozivati	-ati/-eti (obrazac -am, pročitan iz rečnika)	visoka	opozivalo
opozivati	-ati/-eti (obrazac -am, pročitan iz rečnika)	visoka	opozivali
opozivati	-ati/-eti (obrazac -am, pročitan iz rečnika)	visoka	opozivale
opreti	-eti	proveri	oprim
opreti	-eti	proveri	opriš
opreti	-eti	proveri	opri
opreti	-eti	proveri	oprimo
opreti	-eti	proveri	oprite
opreti	-eti	proveri	opre
opreti	-eti	proveri	opreo
opreti	-eti	proveri	oprela
opreti	-eti	proveri	oprelo
opreti	-eti	proveri	opreli
opreti	-eti	proveri	oprele
oprljiti	-iti	visoka	oprljiš
oprljiti	-iti	visoka	oprljimo
oprljiti	-iti	visoka	oprljite
oprljiti	-iti	visoka	oprlje
oprljiti	-iti	visoka	oprljila
oprljiti	-iti	visoka	oprljilo
oprljiti	-iti	visoka	oprljili
oprljiti	-iti	visoka	oprljile
opružati	-ati/-eti (obrazac NEPOZNAT: nema oblika prezenta u rečniku)	odluči ti	opružao
opružati	-ati/-eti (obrazac NEPOZNAT: nema oblika prezenta u rečniku)	odluči ti	opružala
opružati	-ati/-eti (obrazac NEPOZNAT: nema oblika prezenta u rečniku)	odluči ti	opružalo
opružati	-ati/-eti (obrazac NEPOZNAT: nema oblika prezenta u rečniku)	odluči ti	opružali
opružati	-ati/-eti (obrazac NEPOZNAT: nema oblika prezenta u rečniku)	odluči ti	opružale
opružiti	-iti	visoka	opružim
opružiti	-iti	visoka	opružiš
opružiti	-iti	visoka	opružimo
opružiti	-iti	visoka	opružite
opružiti	-iti	visoka	opruže
opružiti	-iti	visoka	opružili
opružiti	-iti	visoka	opružile
opsednuti	-nuti	visoka	opsednem
opsednuti	-nuti	visoka	opsedneš
opsednuti	-nuti	visoka	opsednemo
opsednuti	-nuti	visoka	opsednete
opsednuti	-nuti	visoka	opsednula
opsednuti	-nuti	visoka	opsednulo
opsednuti	-nuti	visoka	opsednuli
opsednuti	-nuti	visoka	opsednule
opsednuti	-nuti	visoka	opsedni
opsednuti	-nuti	visoka	opsednite
opstojati	-ati/-eti (obrazac NEPOZNAT: nema oblika prezenta u rečniku)	odluči ti	opstojalo
opstojati	-ati/-eti (obrazac NEPOZNAT: nema oblika prezenta u rečniku)	odluči ti	opstojali
opstojati	-ati/-eti (obrazac NEPOZNAT: nema oblika prezenta u rečniku)	odluči ti	opstojale
opterećivati	-ati/-eti (obrazac NEPOZNAT: nema oblika prezenta u rečniku)	odluči ti	opterećivalo
opterećivati	-ati/-eti (obrazac NEPOZNAT: nema oblika prezenta u rečniku)	odluči ti	opterećivali
opterećivati	-ati/-eti (obrazac NEPOZNAT: nema oblika prezenta u rečniku)	odluči ti	opterećivale
optrčavati	-ati/-eti (obrazac NEPOZNAT: nema oblika prezenta u rečniku)	odluči ti	optrčavalo
optrčavati	-ati/-eti (obrazac NEPOZNAT: nema oblika prezenta u rečniku)	odluči ti	optrčavali
optrčavati	-ati/-eti (obrazac NEPOZNAT: nema oblika prezenta u rečniku)	odluči ti	optrčavale
opunomoćiti	-iti	visoka	opunomoćim
opunomoćiti	-iti	visoka	opunomoćiš
opunomoćiti	-iti	visoka	opunomoći
opunomoćiti	-iti	visoka	opunomoćimo
opunomoćiti	-iti	visoka	opunomoćite
opunomoćiti	-iti	visoka	opunomoće
opunomoćiti	-iti	visoka	opunomoćila
opunomoćiti	-iti	visoka	opunomoćilo
opunomoćiti	-iti	visoka	opunomoćili
opunomoćiti	-iti	visoka	opunomoćile
opčarati	-ati/-eti (obrazac NEPOZNAT: nema oblika prezenta u rečniku)	odluči ti	opčarala
opčarati	-ati/-eti (obrazac NEPOZNAT: nema oblika prezenta u rečniku)	odluči ti	opčaralo
opčarati	-ati/-eti (obrazac NEPOZNAT: nema oblika prezenta u rečniku)	odluči ti	opčarali
opčarati	-ati/-eti (obrazac NEPOZNAT: nema oblika prezenta u rečniku)	odluči ti	opčarale
opčinjavati	-ati/-eti (obrazac NEPOZNAT: nema oblika prezenta u rečniku)	odluči ti	opčinjavalo
opčinjavati	-ati/-eti (obrazac NEPOZNAT: nema oblika prezenta u rečniku)	odluči ti	opčinjavali
opčinjavati	-ati/-eti (obrazac NEPOZNAT: nema oblika prezenta u rečniku)	odluči ti	opčinjavale
oribati	-ati/-eti (obrazac -am, pročitan iz rečnika)	visoka	oriba
oribati	-ati/-eti (obrazac -am, pročitan iz rečnika)	visoka	oribamo
oribati	-ati/-eti (obrazac -am, pročitan iz rečnika)	visoka	oribate
oribati	-ati/-eti (obrazac -am, pročitan iz rečnika)	visoka	oribaju
oribati	-ati/-eti (obrazac -am, pročitan iz rečnika)	visoka	oribajte
oribati	-ati/-eti (obrazac -am, pročitan iz rečnika)	visoka	oribalo
oribati	-ati/-eti (obrazac -am, pročitan iz rečnika)	visoka	oribali
oribati	-ati/-eti (obrazac -am, pročitan iz rečnika)	visoka	oribale
orobiti	-iti	visoka	orobim
orobiti	-iti	visoka	orobiš
orobiti	-iti	visoka	orobi
orobiti	-iti	visoka	orobimo
orobiti	-iti	visoka	orobite
orobiti	-iti	visoka	orobila
orobiti	-iti	visoka	orobilo
orobiti	-iti	visoka	orobile
oscilirati	-irati	visoka	osciliram
oscilirati	-irati	visoka	osciliraš
oscilirati	-irati	visoka	osciliramo
oscilirati	-irati	visoka	oscilirate
oscilirati	-irati	visoka	oscilirao
oscilirati	-irati	visoka	osciliralo
oscilirati	-irati	visoka	oscilirali
oscilirati	-irati	visoka	oscilirale
oscilirati	-irati	visoka	osciliraj
oscilirati	-irati	visoka	oscilirajte
osedeti	-eti	proveri	osedim
osedeti	-eti	proveri	osediš
osedeti	-eti	proveri	osedi
osedeti	-eti	proveri	osedimo
osedeti	-eti	proveri	osedite
osedeti	-eti	proveri	osede
osedeti	-eti	proveri	osedele
osipati	-ati/-eti (obrazac -am, pročitan iz rečnika)	visoka	osipaš
osipati	-ati/-eti (obrazac -am, pročitan iz rečnika)	visoka	osipamo
osipati	-ati/-eti (obrazac -am, pročitan iz rečnika)	visoka	osipate
osipati	-ati/-eti (obrazac -am, pročitan iz rečnika)	visoka	osipaj
osipati	-ati/-eti (obrazac -am, pročitan iz rečnika)	visoka	osipajte
osipati	-ati/-eti (obrazac -am, pročitan iz rečnika)	visoka	osipao
osipati	-ati/-eti (obrazac -am, pročitan iz rečnika)	visoka	osipalo
osipati	-ati/-eti (obrazac -am, pročitan iz rečnika)	visoka	osipali
osipati	-ati/-eti (obrazac -am, pročitan iz rečnika)	visoka	osipale
oskvrnuti	-nuti	visoka	oskvrnem
oskvrnuti	-nuti	visoka	oskvrneš
oskvrnuti	-nuti	visoka	oskvrnemo
oskvrnuti	-nuti	visoka	oskvrnete
oskvrnuti	-nuti	visoka	oskvrnula
oskvrnuti	-nuti	visoka	oskvrnulo
oskvrnuti	-nuti	visoka	oskvrnule
oskvrnuti	-nuti	visoka	oskvrnite
oslijepiti	-iti	visoka	oslijepim
oslijepiti	-iti	visoka	oslijepiš
oslijepiti	-iti	visoka	oslijepi
oslijepiti	-iti	visoka	oslijepimo
oslijepiti	-iti	visoka	oslijepite
oslijepiti	-iti	visoka	oslijepe
oslijepiti	-iti	visoka	oslijepilo
oslijepiti	-iti	visoka	oslijepili
oslijepiti	-iti	visoka	oslijepile
osokoliti	-iti	visoka	osokolim
osokoliti	-iti	visoka	osokoliš
osokoliti	-iti	visoka	osokolimo
osokoliti	-iti	visoka	osokolite
osokoliti	-iti	visoka	osokole
osokoliti	-iti	visoka	osokolilo
osokoliti	-iti	visoka	osokolili
osokoliti	-iti	visoka	osokolile
osoliti	-iti	visoka	osoliš
osoliti	-iti	visoka	osolimo
osoliti	-iti	visoka	osolite
osoliti	-iti	visoka	osole
osoliti	-iti	visoka	osolila
osoliti	-iti	visoka	osolilo
osoliti	-iti	visoka	osolile
ostrviti	-iti	visoka	ostrvim
ostrviti	-iti	visoka	ostrviš
ostrviti	-iti	visoka	ostrvi
ostrviti	-iti	visoka	ostrvimo
ostrviti	-iti	visoka	ostrvite
ostrviti	-iti	visoka	ostrvila
ostrviti	-iti	visoka	ostrvilo
osvetlati	-ati/-eti (obrazac NEPOZNAT: protivrečni oblici: am/im)	odluči ti	osvetlala
osvetlati	-ati/-eti (obrazac NEPOZNAT: protivrečni oblici: am/im)	odluči ti	osvetlalo
osvetlati	-ati/-eti (obrazac NEPOZNAT: protivrečni oblici: am/im)	odluči ti	osvetlale
otegnuti	-nuti	visoka	otegneš
otegnuti	-nuti	visoka	otegnemo
otegnuti	-nuti	visoka	otegnete
otegnuti	-nuti	visoka	otegnu
otegnuti	-nuti	visoka	otegnuo
otegnuti	-nuti	visoka	otegnula
otegnuti	-nuti	visoka	otegnulo
otegnuti	-nuti	visoka	otegnuli
otegnuti	-nuti	visoka	otegnule
otegnuti	-nuti	visoka	otegni
otegnuti	-nuti	visoka	otegnite
oteliti	-iti	visoka	otelim
oteliti	-iti	visoka	oteliš
oteliti	-iti	visoka	otelimo
oteliti	-iti	visoka	otelite
oteliti	-iti	visoka	otelilo
oteliti	-iti	visoka	otelili
oteliti	-iti	visoka	otelile
oteloviti	-iti	visoka	otelovim
oteloviti	-iti	visoka	oteloviš
oteloviti	-iti	visoka	otelovi
oteloviti	-iti	visoka	otelovimo
oteloviti	-iti	visoka	otelovite
oteloviti	-iti	visoka	otelove
oteloviti	-iti	visoka	otelovilo
oteloviti	-iti	visoka	otelovili
oteloviti	-iti	visoka	otelovile
otfikariti	-iti	visoka	otfikariš
otfikariti	-iti	visoka	otfikarimo
otfikariti	-iti	visoka	otfikarite
otfikariti	-iti	visoka	otfikare
otfikariti	-iti	visoka	otfikarila
otfikariti	-iti	visoka	otfikarilo
otfikariti	-iti	visoka	otfikarili
otfikariti	-iti	visoka	otfikarile
otiskivati	-ati/-eti (obrazac NEPOZNAT: nema oblika prezenta u rečniku)	odluči ti	otiskivala
otiskivati	-ati/-eti (obrazac NEPOZNAT: nema oblika prezenta u rečniku)	odluči ti	otiskivalo
otiskivati	-ati/-eti (obrazac NEPOZNAT: nema oblika prezenta u rečniku)	odluči ti	otiskivali
otiskivati	-ati/-eti (obrazac NEPOZNAT: nema oblika prezenta u rečniku)	odluči ti	otiskivale
otkantati	-ati/-eti (obrazac NEPOZNAT: nema oblika prezenta u rečniku)	odluči ti	otkantalo
otkantati	-ati/-eti (obrazac NEPOZNAT: nema oblika prezenta u rečniku)	odluči ti	otkantali
otkantati	-ati/-eti (obrazac NEPOZNAT: nema oblika prezenta u rečniku)	odluči ti	otkantale
otkopčavati	-ati/-eti (obrazac -am, pročitan iz rečnika)	visoka	otkopčavaš
otkopčavati	-ati/-eti (obrazac -am, pročitan iz rečnika)	visoka	otkopčavamo
otkopčavati	-ati/-eti (obrazac -am, pročitan iz rečnika)	visoka	otkopčavate
otkopčavati	-ati/-eti (obrazac -am, pročitan iz rečnika)	visoka	otkopčavaj
otkopčavati	-ati/-eti (obrazac -am, pročitan iz rečnika)	visoka	otkopčavajte
otkopčavati	-ati/-eti (obrazac -am, pročitan iz rečnika)	visoka	otkopčavalo
otkopčavati	-ati/-eti (obrazac -am, pročitan iz rečnika)	visoka	otkopčavali
otkopčavati	-ati/-eti (obrazac -am, pročitan iz rečnika)	visoka	otkopčavale
otkucavati	-ati/-eti (obrazac NEPOZNAT: nema oblika prezenta u rečniku)	odluči ti	otkucavalo
otkucavati	-ati/-eti (obrazac NEPOZNAT: nema oblika prezenta u rečniku)	odluči ti	otkucavali
otkucavati	-ati/-eti (obrazac NEPOZNAT: nema oblika prezenta u rečniku)	odluči ti	otkucavale
otpaditi	-iti	visoka	otpadiš
otpaditi	-iti	visoka	otpadimo
otpaditi	-iti	visoka	otpadite
otpaditi	-iti	visoka	otpadila
otpaditi	-iti	visoka	otpadilo
otpaditi	-iti	visoka	otpadili
otpaditi	-iti	visoka	otpadile
otpakovati	-ovati	visoka	otpakuje
otpakovati	-ovati	visoka	otpakujemo
otpakovati	-ovati	visoka	otpakujete
otpakovati	-ovati	visoka	otpakuju
otpakovati	-ovati	visoka	otpakovao
otpakovati	-ovati	visoka	otpakovala
otpakovati	-ovati	visoka	otpakovalo
otpakovati	-ovati	visoka	otpakovali
otpakovati	-ovati	visoka	otpakovale
otpakovati	-ovati	visoka	otpakujte
otpasati	-ati/-eti (obrazac NEPOZNAT: nema oblika prezenta u rečniku)	odluči ti	otpasala
otpasati	-ati/-eti (obrazac NEPOZNAT: nema oblika prezenta u rečniku)	odluči ti	otpasalo
otpasati	-ati/-eti (obrazac NEPOZNAT: nema oblika prezenta u rečniku)	odluči ti	otpasali
otpasati	-ati/-eti (obrazac NEPOZNAT: nema oblika prezenta u rečniku)	odluči ti	otpasale
otpečatiti	-iti	visoka	otpečatim
otpečatiti	-iti	visoka	otpečatiš
otpečatiti	-iti	visoka	otpečatimo
otpečatiti	-iti	visoka	otpečatite
otpečatiti	-iti	visoka	otpečate
otpečatiti	-iti	visoka	otpečatilo
otpečatiti	-iti	visoka	otpečatile
otpiliti	-iti	visoka	otpilim
otpiliti	-iti	visoka	otpiliš
otpiliti	-iti	visoka	otpilimo
otpiliti	-iti	visoka	otpilite
otpiliti	-iti	visoka	otpile
otpiliti	-iti	visoka	otpililo
otpiliti	-iti	visoka	otpilili
otpiliti	-iti	visoka	otpilile
otpisivati	-ati/-eti (obrazac NEPOZNAT: nema oblika prezenta u rečniku)	odluči ti	otpisivala
otpisivati	-ati/-eti (obrazac NEPOZNAT: nema oblika prezenta u rečniku)	odluči ti	otpisivalo
otpisivati	-ati/-eti (obrazac NEPOZNAT: nema oblika prezenta u rečniku)	odluči ti	otpisivali
otpisivati	-ati/-eti (obrazac NEPOZNAT: nema oblika prezenta u rečniku)	odluči ti	otpisivale
otpiti	-iti	visoka	otpim
otpiti	-iti	visoka	otpiš
otpiti	-iti	visoka	otpi
otpiti	-iti	visoka	otpimo
otpiti	-iti	visoka	otpite
otpiti	-iti	visoka	otpe
otpiti	-iti	visoka	otpila
otpiti	-iti	visoka	otpilo
otpiti	-iti	visoka	otpile
otplaćivati	-ati/-eti (obrazac NEPOZNAT: nema oblika prezenta u rečniku)	odluči ti	otplaćivala
otplaćivati	-ati/-eti (obrazac NEPOZNAT: nema oblika prezenta u rečniku)	odluči ti	otplaćivalo
otplaćivati	-ati/-eti (obrazac NEPOZNAT: nema oblika prezenta u rečniku)	odluči ti	otplaćivali
otplaćivati	-ati/-eti (obrazac NEPOZNAT: nema oblika prezenta u rečniku)	odluči ti	otplaćivale
otplesati	-ati/-eti (obrazac -pal, pročitan iz rečnika)	visoka	otpleše
otplesati	-ati/-eti (obrazac -pal, pročitan iz rečnika)	visoka	otplešemo
otplesati	-ati/-eti (obrazac -pal, pročitan iz rečnika)	visoka	otplešete
otplesati	-ati/-eti (obrazac -pal, pročitan iz rečnika)	visoka	otplešu
otplesati	-ati/-eti (obrazac -pal, pročitan iz rečnika)	visoka	otpleši
otplesati	-ati/-eti (obrazac -pal, pročitan iz rečnika)	visoka	otplešite
otplesati	-ati/-eti (obrazac -pal, pročitan iz rečnika)	visoka	otplesala
otplesati	-ati/-eti (obrazac -pal, pročitan iz rečnika)	visoka	otplesalo
otplesati	-ati/-eti (obrazac -pal, pročitan iz rečnika)	visoka	otplesali
otplesati	-ati/-eti (obrazac -pal, pročitan iz rečnika)	visoka	otplesale
otplutati	-ati/-eti (obrazac NEPOZNAT: nema oblika prezenta u rečniku)	odluči ti	otplutala
otplutati	-ati/-eti (obrazac NEPOZNAT: nema oblika prezenta u rečniku)	odluči ti	otplutalo
otplutati	-ati/-eti (obrazac NEPOZNAT: nema oblika prezenta u rečniku)	odluči ti	otplutali
otplutati	-ati/-eti (obrazac NEPOZNAT: nema oblika prezenta u rečniku)	odluči ti	otplutale
otpozdraviti	-iti	visoka	otpozdraviš
otpozdraviti	-iti	visoka	otpozdravimo
otpozdraviti	-iti	visoka	otpozdravite
otpozdraviti	-iti	visoka	otpozdravio
otpozdraviti	-iti	visoka	otpozdravila
otpozdraviti	-iti	visoka	otpozdravili
otpozdraviti	-iti	visoka	otpozdravile
otpozdravljati	-ati/-eti (obrazac NEPOZNAT: nema oblika prezenta u rečniku)	odluči ti	otpozdravljala
otpozdravljati	-ati/-eti (obrazac NEPOZNAT: nema oblika prezenta u rečniku)	odluči ti	otpozdravljalo
otpozdravljati	-ati/-eti (obrazac NEPOZNAT: nema oblika prezenta u rečniku)	odluči ti	otpozdravljali
otpozdravljati	-ati/-eti (obrazac NEPOZNAT: nema oblika prezenta u rečniku)	odluči ti	otpozdravljale
otpremati	-ati/-eti (obrazac -im, pročitan iz rečnika)	visoka	otpremiš
otpremati	-ati/-eti (obrazac -im, pročitan iz rečnika)	visoka	otpremimo
otpremati	-ati/-eti (obrazac -im, pročitan iz rečnika)	visoka	otpremite
otpremati	-ati/-eti (obrazac -im, pročitan iz rečnika)	visoka	otpremao
otpremati	-ati/-eti (obrazac -im, pročitan iz rečnika)	visoka	otpremala
otpremati	-ati/-eti (obrazac -im, pročitan iz rečnika)	visoka	otpremalo
otpremati	-ati/-eti (obrazac -im, pročitan iz rečnika)	visoka	otpremali
otpremati	-ati/-eti (obrazac -im, pročitan iz rečnika)	visoka	otpremale
otpuhati	-ati/-eti (obrazac NEPOZNAT: nema oblika prezenta u rečniku)	odluči ti	otpuhala
otpuhati	-ati/-eti (obrazac NEPOZNAT: nema oblika prezenta u rečniku)	odluči ti	otpuhalo
otpuhati	-ati/-eti (obrazac NEPOZNAT: nema oblika prezenta u rečniku)	odluči ti	otpuhali
otpuhati	-ati/-eti (obrazac NEPOZNAT: nema oblika prezenta u rečniku)	odluči ti	otpuhale
otrcati	-ati/-eti (obrazac NEPOZNAT: nema oblika prezenta u rečniku)	odluči ti	otrcalo
otrcati	-ati/-eti (obrazac NEPOZNAT: nema oblika prezenta u rečniku)	odluči ti	otrcali
otrcati	-ati/-eti (obrazac NEPOZNAT: nema oblika prezenta u rečniku)	odluči ti	otrcale
otresiti	-iti	visoka	otresim
otresiti	-iti	visoka	otresiš
otresiti	-iti	visoka	otresio
otresiti	-iti	visoka	otresila
otresiti	-iti	visoka	otresilo
otresiti	-iti	visoka	otresili
otresiti	-iti	visoka	otresile
otuširati	-irati	visoka	otuširam
otuširati	-irati	visoka	otušira
otuširati	-irati	visoka	otuširamo
otuširati	-irati	visoka	otuširate
otuširati	-irati	visoka	otuširaju
otuširati	-irati	visoka	otuširala
otuširati	-irati	visoka	otuširalo
otuširati	-irati	visoka	otuširali
otuširati	-irati	visoka	otuširale
otuširati	-irati	visoka	otuširajte
otčepiti	-iti	visoka	otčepim
otčepiti	-iti	visoka	otčepiš
otčepiti	-iti	visoka	otčepimo
otčepiti	-iti	visoka	otčepite
otčepiti	-iti	visoka	otčepe
otčepiti	-iti	visoka	otčepila
otčepiti	-iti	visoka	otčepilo
otčepiti	-iti	visoka	otčepili
otčepiti	-iti	visoka	otčepile
overavati	-ati/-eti (obrazac NEPOZNAT: nema oblika prezenta u rečniku)	odluči ti	overavala
overavati	-ati/-eti (obrazac NEPOZNAT: nema oblika prezenta u rečniku)	odluči ti	overavalo
overavati	-ati/-eti (obrazac NEPOZNAT: nema oblika prezenta u rečniku)	odluči ti	overavali
overavati	-ati/-eti (obrazac NEPOZNAT: nema oblika prezenta u rečniku)	odluči ti	overavale
ovlašćivati	-ati/-eti (obrazac NEPOZNAT: nema oblika prezenta u rečniku)	odluči ti	ovlašćivala
ovlašćivati	-ati/-eti (obrazac NEPOZNAT: nema oblika prezenta u rečniku)	odluči ti	ovlašćivalo
ovlašćivati	-ati/-eti (obrazac NEPOZNAT: nema oblika prezenta u rečniku)	odluči ti	ovlašćivali
ovlašćivati	-ati/-eti (obrazac NEPOZNAT: nema oblika prezenta u rečniku)	odluči ti	ovlašćivale
ozlovoljiti	-iti	visoka	ozlovoljim
ozlovoljiti	-iti	visoka	ozlovoljiš
ozlovoljiti	-iti	visoka	ozlovolji
ozlovoljiti	-iti	visoka	ozlovoljimo
ozlovoljiti	-iti	visoka	ozlovoljite
ozlovoljiti	-iti	visoka	ozlovoljila
ozlovoljiti	-iti	visoka	ozlovoljilo
ozlovoljiti	-iti	visoka	ozlovoljili
ozlovoljiti	-iti	visoka	ozlovoljile
oćelaviti	-iti	visoka	oćelavim
oćelaviti	-iti	visoka	oćelavimo
oćelaviti	-iti	visoka	oćelavite
oćelaviti	-iti	visoka	oćelave
oćelaviti	-iti	visoka	oćelavila
oćelaviti	-iti	visoka	oćelavilo
oćelaviti	-iti	visoka	oćelavili
oćelaviti	-iti	visoka	oćelavile
očeličiti	-iti	visoka	očeličim
očeličiti	-iti	visoka	očeličiš
očeličiti	-iti	visoka	očeličite
očeličiti	-iti	visoka	očeliče
očeličiti	-iti	visoka	očeličila
očeličiti	-iti	visoka	očeličili
očeličiti	-iti	visoka	očeličile
očerupati	-ati/-eti (obrazac NEPOZNAT: nema oblika prezenta u rečniku)	odluči ti	očerupala
očerupati	-ati/-eti (obrazac NEPOZNAT: nema oblika prezenta u rečniku)	odluči ti	očerupalo
očerupati	-ati/-eti (obrazac NEPOZNAT: nema oblika prezenta u rečniku)	odluči ti	očerupali
očerupati	-ati/-eti (obrazac NEPOZNAT: nema oblika prezenta u rečniku)	odluči ti	očerupale
očešati	-ati/-eti (obrazac NEPOZNAT: nema oblika prezenta u rečniku)	odluči ti	očešalo
očešati	-ati/-eti (obrazac NEPOZNAT: nema oblika prezenta u rečniku)	odluči ti	očešali
očešati	-ati/-eti (obrazac NEPOZNAT: nema oblika prezenta u rečniku)	odluči ti	očešale
očijukati	-ati/-eti (obrazac -am, pročitan iz rečnika)	visoka	očijukam
očijukati	-ati/-eti (obrazac -am, pročitan iz rečnika)	visoka	očijukamo
očijukati	-ati/-eti (obrazac -am, pročitan iz rečnika)	visoka	očijukate
očijukati	-ati/-eti (obrazac -am, pročitan iz rečnika)	visoka	očijukaj
očijukati	-ati/-eti (obrazac -am, pročitan iz rečnika)	visoka	očijukajte
očijukati	-ati/-eti (obrazac -am, pročitan iz rečnika)	visoka	očijukalo
očijukati	-ati/-eti (obrazac -am, pročitan iz rečnika)	visoka	očijukali
očijukati	-ati/-eti (obrazac -am, pročitan iz rečnika)	visoka	očijukale
očupati	-ati/-eti (obrazac NEPOZNAT: nema oblika prezenta u rečniku)	odluči ti	očupala
očupati	-ati/-eti (obrazac NEPOZNAT: nema oblika prezenta u rečniku)	odluči ti	očupalo
očupati	-ati/-eti (obrazac NEPOZNAT: nema oblika prezenta u rečniku)	odluči ti	očupali
očupati	-ati/-eti (obrazac NEPOZNAT: nema oblika prezenta u rečniku)	odluči ti	očupale
očvršćavati	-ati/-eti (obrazac NEPOZNAT: nema oblika prezenta u rečniku)	odluči ti	očvršćavala
očvršćavati	-ati/-eti (obrazac NEPOZNAT: nema oblika prezenta u rečniku)	odluči ti	očvršćavalo
očvršćavati	-ati/-eti (obrazac NEPOZNAT: nema oblika prezenta u rečniku)	odluči ti	očvršćavali
očvršćavati	-ati/-eti (obrazac NEPOZNAT: nema oblika prezenta u rečniku)	odluči ti	očvršćavale
ošuriti	-iti	visoka	ošurim
ošuriti	-iti	visoka	ošuriš
ošuriti	-iti	visoka	ošuri
ošuriti	-iti	visoka	ošurimo
ošuriti	-iti	visoka	ošurite
ošuriti	-iti	visoka	ošure
ošuriti	-iti	visoka	ošurila
ošuriti	-iti	visoka	ošurilo
ošuriti	-iti	visoka	ošurili
ošuriti	-iti	visoka	ošurile
oždrebiti	-iti	visoka	oždrebim
oždrebiti	-iti	visoka	oždrebiš
oždrebiti	-iti	visoka	oždrebimo
oždrebiti	-iti	visoka	oždrebite
oždrebiti	-iti	visoka	oždrebe
oždrebiti	-iti	visoka	oždrebila
oždrebiti	-iti	visoka	oždrebilo
oždrebiti	-iti	visoka	oždrebili
ožednjeti	-eti	proveri	ožednjim
ožednjeti	-eti	proveri	ožednjiš
ožednjeti	-eti	proveri	ožednji
ožednjeti	-eti	proveri	ožednjimo
ožednjeti	-eti	proveri	ožednjite
ožednjeti	-eti	proveri	ožednje
ožednjeti	-eti	proveri	ožednjela
ožednjeti	-eti	proveri	ožednjelo
ožednjeti	-eti	proveri	ožednjeli
ožednjeti	-eti	proveri	ožednjele
paketi	-eti	proveri	pakim
paketi	-eti	proveri	pakiš
paketi	-eti	proveri	paki
paketi	-eti	proveri	pakimo
paketi	-eti	proveri	pakite
paketi	-eti	proveri	pake
paketi	-eti	proveri	pakeo
paketi	-eti	proveri	pakela
paketi	-eti	proveri	pakelo
paketi	-eti	proveri	pakeli
paketi	-eti	proveri	pakele
paktirati	-irati	visoka	paktiram
paktirati	-irati	visoka	paktiraš
paktirati	-irati	visoka	paktiramo
paktirati	-irati	visoka	paktirate
paktirati	-irati	visoka	paktirala
paktirati	-irati	visoka	paktiralo
paktirati	-irati	visoka	paktirali
paktirati	-irati	visoka	paktirale
paktirati	-irati	visoka	paktiraj
paktirati	-irati	visoka	paktirajte
palacati	-ati/-eti (obrazac -am, pročitan iz rečnika)	visoka	palacaš
palacati	-ati/-eti (obrazac -am, pročitan iz rečnika)	visoka	palaca
palacati	-ati/-eti (obrazac -am, pročitan iz rečnika)	visoka	palacamo
palacati	-ati/-eti (obrazac -am, pročitan iz rečnika)	visoka	palacate
palacati	-ati/-eti (obrazac -am, pročitan iz rečnika)	visoka	palacaj
palacati	-ati/-eti (obrazac -am, pročitan iz rečnika)	visoka	palacajte
palacati	-ati/-eti (obrazac -am, pročitan iz rečnika)	visoka	palacao
palacati	-ati/-eti (obrazac -am, pročitan iz rečnika)	visoka	palacala
palacati	-ati/-eti (obrazac -am, pročitan iz rečnika)	visoka	palacalo
palacati	-ati/-eti (obrazac -am, pročitan iz rečnika)	visoka	palacali
palacati	-ati/-eti (obrazac -am, pročitan iz rečnika)	visoka	palacale
papirnati	-ati/-eti (obrazac -im, pročitan iz rečnika)	visoka	papirniš
papirnati	-ati/-eti (obrazac -im, pročitan iz rečnika)	visoka	papirnimo
papirnati	-ati/-eti (obrazac -im, pročitan iz rečnika)	visoka	papirnite
papirnati	-ati/-eti (obrazac -im, pročitan iz rečnika)	visoka	papirnao
papirnati	-ati/-eti (obrazac -im, pročitan iz rečnika)	visoka	papirnala
papirnati	-ati/-eti (obrazac -im, pročitan iz rečnika)	visoka	papirnalo
papirnati	-ati/-eti (obrazac -im, pročitan iz rečnika)	visoka	papirnali
papirnati	-ati/-eti (obrazac -im, pročitan iz rečnika)	visoka	papirnale
parafirati	-irati	visoka	parafiram
parafirati	-irati	visoka	parafiraš
parafirati	-irati	visoka	parafiramo
parafirati	-irati	visoka	parafirate
parafirati	-irati	visoka	parafiraju
parafirati	-irati	visoka	parafiralo
parafirati	-irati	visoka	parafiraj
parafirati	-irati	visoka	parafirajte
paralizovati	-ovati	visoka	paralizujem
paralizovati	-ovati	visoka	paralizuješ
paralizovati	-ovati	visoka	paralizujemo
paralizovati	-ovati	visoka	paralizujete
paralizovati	-ovati	visoka	paralizovalo
paralizovati	-ovati	visoka	paralizovali
paralizovati	-ovati	visoka	paralizovale
paralizovati	-ovati	visoka	paralizuj
paralizovati	-ovati	visoka	paralizujte
pardonirati	-irati	visoka	pardoniraš
pardonirati	-irati	visoka	pardoniramo
pardonirati	-irati	visoka	pardonirate
pardonirati	-irati	visoka	pardoniraju
pardonirati	-irati	visoka	pardonirao
pardonirati	-irati	visoka	pardonirala
pardonirati	-irati	visoka	pardoniralo
pardonirati	-irati	visoka	pardonirali
pardonirati	-irati	visoka	pardonirale
pardonirati	-irati	visoka	pardoniraj
pardonirati	-irati	visoka	pardonirajte
parodirati	-irati	visoka	parodiram
parodirati	-irati	visoka	parodiraš
parodirati	-irati	visoka	parodiramo
parodirati	-irati	visoka	parodirate
parodirati	-irati	visoka	parodirala
parodirati	-irati	visoka	parodiralo
parodirati	-irati	visoka	parodirali
parodirati	-irati	visoka	parodirale
parodirati	-irati	visoka	parodiraj
parodirati	-irati	visoka	parodirajte
patentirati	-irati	visoka	patentiram
patentirati	-irati	visoka	patentiraš
patentirati	-irati	visoka	patentiramo
patentirati	-irati	visoka	patentirate
patentirati	-irati	visoka	patentiraju
patentirati	-irati	visoka	patentiralo
patentirati	-irati	visoka	patentirale
patentirati	-irati	visoka	patentiraj
patentirati	-irati	visoka	patentirajte
pačati	-ati/-eti (obrazac -am, pročitan iz rečnika)	visoka	pačaš
pačati	-ati/-eti (obrazac -am, pročitan iz rečnika)	visoka	pačamo
pačati	-ati/-eti (obrazac -am, pročitan iz rečnika)	visoka	pačate
pačati	-ati/-eti (obrazac -am, pročitan iz rečnika)	visoka	pačaju
pačati	-ati/-eti (obrazac -am, pročitan iz rečnika)	visoka	pačaj
pačati	-ati/-eti (obrazac -am, pročitan iz rečnika)	visoka	pačajte
pačati	-ati/-eti (obrazac -am, pročitan iz rečnika)	visoka	pačao
pačati	-ati/-eti (obrazac -am, pročitan iz rečnika)	visoka	pačala
pačati	-ati/-eti (obrazac -am, pročitan iz rečnika)	visoka	pačalo
pačati	-ati/-eti (obrazac -am, pročitan iz rečnika)	visoka	pačali
pačati	-ati/-eti (obrazac -am, pročitan iz rečnika)	visoka	pačale
pačeti	-eti	proveri	pačim
pačeti	-eti	proveri	pačiš
pačeti	-eti	proveri	pači
pačeti	-eti	proveri	pačimo
pačeti	-eti	proveri	pačite
pačeti	-eti	proveri	pačeo
pačeti	-eti	proveri	pačela
pačeti	-eti	proveri	pačelo
pačeti	-eti	proveri	pačeli
pačeti	-eti	proveri	pačele
pašovati	-ovati	visoka	pašujem
pašovati	-ovati	visoka	pašuješ
pašovati	-ovati	visoka	pašujemo
pašovati	-ovati	visoka	pašujete
pašovati	-ovati	visoka	pašuju
pašovati	-ovati	visoka	pašovala
pašovati	-ovati	visoka	pašovalo
pašovati	-ovati	visoka	pašovali
pašovati	-ovati	visoka	pašovale
pašovati	-ovati	visoka	pašuj
pašovati	-ovati	visoka	pašujte
peckati	-ati/-eti (obrazac NEPOZNAT: nema oblika prezenta u rečniku)	odluči ti	peckala
peckati	-ati/-eti (obrazac NEPOZNAT: nema oblika prezenta u rečniku)	odluči ti	peckali
peckati	-ati/-eti (obrazac NEPOZNAT: nema oblika prezenta u rečniku)	odluči ti	peckale
pecnuti	-nuti	visoka	pecneš
pecnuti	-nuti	visoka	pecnemo
pecnuti	-nuti	visoka	pecnete
pecnuti	-nuti	visoka	pecnu
pecnuti	-nuti	visoka	pecnula
pecnuti	-nuti	visoka	pecnulo
pecnuti	-nuti	visoka	pecnuli
pecnuti	-nuti	visoka	pecnule
pecnuti	-nuti	visoka	pecni
pecnuti	-nuti	visoka	pecnite
pedikirati	-irati	visoka	pedikiram
pedikirati	-irati	visoka	pedikiraš
pedikirati	-irati	visoka	pedikiramo
pedikirati	-irati	visoka	pedikirate
pedikirati	-irati	visoka	pedikiraju
pedikirati	-irati	visoka	pedikirao
pedikirati	-irati	visoka	pedikirala
pedikirati	-irati	visoka	pedikiralo
pedikirati	-irati	visoka	pedikirali
pedikirati	-irati	visoka	pedikirale
pedikirati	-irati	visoka	pedikiraj
pedikirati	-irati	visoka	pedikirajte
peniti	-iti	visoka	penim
peniti	-iti	visoka	peniš
peniti	-iti	visoka	penimo
peniti	-iti	visoka	penite
peniti	-iti	visoka	penila
peniti	-iti	visoka	penilo
peniti	-iti	visoka	penili
peniti	-iti	visoka	penile
percipirati	-irati	visoka	percipiram
percipirati	-irati	visoka	percipiraš
percipirati	-irati	visoka	percipirate
percipirati	-irati	visoka	percipiraju
percipirati	-irati	visoka	percipirao
percipirati	-irati	visoka	percipirala
percipirati	-irati	visoka	percipiralo
percipirati	-irati	visoka	percipirali
percipirati	-irati	visoka	percipirale
percipirati	-irati	visoka	percipiraj
percipirati	-irati	visoka	percipirajte
pernati	-ati/-eti (obrazac -im, pročitan iz rečnika)	visoka	perniš
pernati	-ati/-eti (obrazac -im, pročitan iz rečnika)	visoka	pernimo
pernati	-ati/-eti (obrazac -im, pročitan iz rečnika)	visoka	pernite
pernati	-ati/-eti (obrazac -im, pročitan iz rečnika)	visoka	pernao
pernati	-ati/-eti (obrazac -im, pročitan iz rečnika)	visoka	pernala
pernati	-ati/-eti (obrazac -im, pročitan iz rečnika)	visoka	pernalo
pernati	-ati/-eti (obrazac -im, pročitan iz rečnika)	visoka	pernali
pernati	-ati/-eti (obrazac -im, pročitan iz rečnika)	visoka	pernale
pečatiti	-iti	visoka	pečatim
pečatiti	-iti	visoka	pečatiš
pečatiti	-iti	visoka	pečatimo
pečatiti	-iti	visoka	pečatite
pečatiti	-iti	visoka	pečatila
pečatiti	-iti	visoka	pečatilo
pečatiti	-iti	visoka	pečatile
pijančiti	-iti	visoka	pijančim
pijančiti	-iti	visoka	pijančimo
pijančiti	-iti	visoka	pijančite
pijančiti	-iti	visoka	pijančila
pijančiti	-iti	visoka	pijančilo
pijančiti	-iti	visoka	pijančili
pijančiti	-iti	visoka	pijančile
pilotirati	-irati	visoka	pilotiramo
pilotirati	-irati	visoka	pilotirate
pilotirati	-irati	visoka	pilotiraju
pilotirati	-irati	visoka	pilotirala
pilotirati	-irati	visoka	pilotiralo
pilotirati	-irati	visoka	pilotirali
pilotirati	-irati	visoka	pilotirale
pilotirati	-irati	visoka	pilotiraj
pilotirati	-irati	visoka	pilotirajte
pirati	-irati	visoka	piram
pirati	-irati	visoka	piraš
pirati	-irati	visoka	piramo
pirati	-irati	visoka	piraju
pirati	-irati	visoka	pirao
pirati	-irati	visoka	pirala
pirati	-irati	visoka	piralo
pirati	-irati	visoka	pirali
pirati	-irati	visoka	pirale
pirati	-irati	visoka	piraj
pirati	-irati	visoka	pirajte
pirkati	-ati/-eti (obrazac NEPOZNAT: nema oblika prezenta u rečniku)	odluči ti	pirkala
pirkati	-ati/-eti (obrazac NEPOZNAT: nema oblika prezenta u rečniku)	odluči ti	pirkalo
pirkati	-ati/-eti (obrazac NEPOZNAT: nema oblika prezenta u rečniku)	odluči ti	pirkali
pirkati	-ati/-eti (obrazac NEPOZNAT: nema oblika prezenta u rečniku)	odluči ti	pirkale
pirnuti	-nuti	visoka	pirnem
pirnuti	-nuti	visoka	pirneš
pirnuti	-nuti	visoka	pirnemo
pirnuti	-nuti	visoka	pirnete
pirnuti	-nuti	visoka	pirnu
pirnuti	-nuti	visoka	pirnula
pirnuti	-nuti	visoka	pirnulo
pirnuti	-nuti	visoka	pirnuli
pirnuti	-nuti	visoka	pirnule
pirnuti	-nuti	visoka	pirni
pirnuti	-nuti	visoka	pirnite
pirovati	-ovati	visoka	pirujem
pirovati	-ovati	visoka	piruješ
pirovati	-ovati	visoka	pirujemo
pirovati	-ovati	visoka	pirujete
pirovati	-ovati	visoka	pirovao
pirovati	-ovati	visoka	pirovala
pirovati	-ovati	visoka	pirovalo
pirovati	-ovati	visoka	piruj
pirovati	-ovati	visoka	pirujte
pitomiti	-iti	visoka	pitomiš
pitomiti	-iti	visoka	pitomimo
pitomiti	-iti	visoka	pitomite
pitomiti	-iti	visoka	pitomio
pitomiti	-iti	visoka	pitomila
pitomiti	-iti	visoka	pitomilo
pitomiti	-iti	visoka	pitomili
pitomiti	-iti	visoka	pitomile
plaketi	-eti	proveri	plakim
plaketi	-eti	proveri	plakiš
plaketi	-eti	proveri	plaki
plaketi	-eti	proveri	plakimo
plaketi	-eti	proveri	plakite
plaketi	-eti	proveri	plake
plaketi	-eti	proveri	plakeo
plaketi	-eti	proveri	plakela
plaketi	-eti	proveri	plakelo
plaketi	-eti	proveri	plakeli
plaketi	-eti	proveri	plakele
planeti	-eti	proveri	planim
planeti	-eti	proveri	planiš
planeti	-eti	proveri	planimo
planeti	-eti	proveri	planite
planeti	-eti	proveri	planeo
planeti	-eti	proveri	planela
planeti	-eti	proveri	planelo
planeti	-eti	proveri	planeli
planeti	-eti	proveri	planele
plaveti	-eti	proveri	plaviš
plaveti	-eti	proveri	plavimo
plaveti	-eti	proveri	plavite
plaveti	-eti	proveri	plaveo
plaveti	-eti	proveri	plavela
plaveti	-eti	proveri	plavelo
plaveti	-eti	proveri	plaveli
plaveti	-eti	proveri	plavele
plaziti	-iti	visoka	plazim
plaziti	-iti	visoka	plaziš
plaziti	-iti	visoka	plazi
plaziti	-iti	visoka	plazimo
plaziti	-iti	visoka	plazite
plaziti	-iti	visoka	plazila
plaziti	-iti	visoka	plazilo
plaziti	-iti	visoka	plazile
pledirati	-irati	visoka	plediram
pledirati	-irati	visoka	plediraš
pledirati	-irati	visoka	plediramo
pledirati	-irati	visoka	pledirate
pledirati	-irati	visoka	pledirala
pledirati	-irati	visoka	plediralo
pledirati	-irati	visoka	pledirali
pledirati	-irati	visoka	pledirale
pledirati	-irati	visoka	plediraj
pledirati	-irati	visoka	pledirajte
plesniviti	-iti	visoka	plesniviš
plesniviti	-iti	visoka	plesnivi
plesniviti	-iti	visoka	plesnivimo
plesniviti	-iti	visoka	plesnivite
plesniviti	-iti	visoka	plesnivio
plesniviti	-iti	visoka	plesnivila
plesniviti	-iti	visoka	plesnivilo
plesniviti	-iti	visoka	plesnivili
plesniviti	-iti	visoka	plesnivile
pljuckati	-ati/-eti (obrazac NEPOZNAT: nema oblika prezenta u rečniku)	odluči ti	pljuckala
pljuckati	-ati/-eti (obrazac NEPOZNAT: nema oblika prezenta u rečniku)	odluči ti	pljuckalo
pljuckati	-ati/-eti (obrazac NEPOZNAT: nema oblika prezenta u rečniku)	odluči ti	pljuckali
pljuckati	-ati/-eti (obrazac NEPOZNAT: nema oblika prezenta u rečniku)	odluči ti	pljuckale
pljuskati	-ati/-eti (obrazac NEPOZNAT: nema oblika prezenta u rečniku)	odluči ti	pljuskala
pljuskati	-ati/-eti (obrazac NEPOZNAT: nema oblika prezenta u rečniku)	odluči ti	pljuskalo
pljuskati	-ati/-eti (obrazac NEPOZNAT: nema oblika prezenta u rečniku)	odluči ti	pljuskale
plombirati	-irati	visoka	plombiraš
plombirati	-irati	visoka	plombiramo
plombirati	-irati	visoka	plombiraju
plombirati	-irati	visoka	plombirao
plombirati	-irati	visoka	plombiralo
plombirati	-irati	visoka	plombirali
plombirati	-irati	visoka	plombirale
plombirati	-irati	visoka	plombiraj
plombirati	-irati	visoka	plombirajte
pobojavati	-ati/-eti (obrazac -am, pročitan iz rečnika)	visoka	pobojavaš
pobojavati	-ati/-eti (obrazac -am, pročitan iz rečnika)	visoka	pobojava
pobojavati	-ati/-eti (obrazac -am, pročitan iz rečnika)	visoka	pobojavamo
pobojavati	-ati/-eti (obrazac -am, pročitan iz rečnika)	visoka	pobojavate
pobojavati	-ati/-eti (obrazac -am, pročitan iz rečnika)	visoka	pobojavaju
pobojavati	-ati/-eti (obrazac -am, pročitan iz rečnika)	visoka	pobojavaj
pobojavati	-ati/-eti (obrazac -am, pročitan iz rečnika)	visoka	pobojavajte
pobojavati	-ati/-eti (obrazac -am, pročitan iz rečnika)	visoka	pobojavao
pobojavati	-ati/-eti (obrazac -am, pročitan iz rečnika)	visoka	pobojavala
pobojavati	-ati/-eti (obrazac -am, pročitan iz rečnika)	visoka	pobojavalo
pobojavati	-ati/-eti (obrazac -am, pročitan iz rečnika)	visoka	pobojavali
pobojavati	-ati/-eti (obrazac -am, pročitan iz rečnika)	visoka	pobojavale
pobolevati	-ati/-eti (obrazac NEPOZNAT: nema oblika prezenta u rečniku)	odluči ti	pobolevala
pobolevati	-ati/-eti (obrazac NEPOZNAT: nema oblika prezenta u rečniku)	odluči ti	pobolevalo
pobolevati	-ati/-eti (obrazac NEPOZNAT: nema oblika prezenta u rečniku)	odluči ti	pobolevali
pobolevati	-ati/-eti (obrazac NEPOZNAT: nema oblika prezenta u rečniku)	odluči ti	pobolevale
pobrisati	-ati/-eti (obrazac NEPOZNAT: nema oblika prezenta u rečniku)	odluči ti	pobrisala
pobrisati	-ati/-eti (obrazac NEPOZNAT: nema oblika prezenta u rečniku)	odluči ti	pobrisalo
pobrisati	-ati/-eti (obrazac NEPOZNAT: nema oblika prezenta u rečniku)	odluči ti	pobrisali
pobrisati	-ati/-eti (obrazac NEPOZNAT: nema oblika prezenta u rečniku)	odluči ti	pobrisale
pobrojiti	-iti	visoka	pobrojiš
pobrojiti	-iti	visoka	pobrojite
pobrojiti	-iti	visoka	pobrojio
pobrojiti	-iti	visoka	pobrojila
pobrojiti	-iti	visoka	pobrojilo
pobrojiti	-iti	visoka	pobrojili
pobrojiti	-iti	visoka	pobrojile
pobudaliti	-iti	visoka	pobudalim
pobudaliti	-iti	visoka	pobudališ
pobudaliti	-iti	visoka	pobudali
pobudaliti	-iti	visoka	pobudalimo
pobudaliti	-iti	visoka	pobudalite
pobudaliti	-iti	visoka	pobudale
pobudaliti	-iti	visoka	pobudalila
pobudaliti	-iti	visoka	pobudalilo
pobudaliti	-iti	visoka	pobudalili
pobudaliti	-iti	visoka	pobudalile
podastreti	-eti	proveri	podastrim
podastreti	-eti	proveri	podastriš
podastreti	-eti	proveri	podastri
podastreti	-eti	proveri	podastrimo
podastreti	-eti	proveri	podastrite
podastreti	-eti	proveri	podastreo
podastreti	-eti	proveri	podastrela
podastreti	-eti	proveri	podastrelo
podastreti	-eti	proveri	podastreli
podastreti	-eti	proveri	podastrele
podbočiti	-iti	visoka	podbočim
podbočiti	-iti	visoka	podbočiš
podbočiti	-iti	visoka	podbočimo
podbočiti	-iti	visoka	podbočite
podbočiti	-iti	visoka	podbočilo
podbočiti	-iti	visoka	podbočili
podbočiti	-iti	visoka	podbočile
podbuniti	-iti	visoka	podbunim
podbuniti	-iti	visoka	podbuniš
podbuniti	-iti	visoka	podbunimo
podbuniti	-iti	visoka	podbunite
podbuniti	-iti	visoka	podbune
podbuniti	-iti	visoka	podbunila
podbuniti	-iti	visoka	podbunilo
podbuniti	-iti	visoka	podbunili
podbuniti	-iti	visoka	podbunile
podceniti	-iti	visoka	podcenim
podceniti	-iti	visoka	podceniš
podceniti	-iti	visoka	podceni
podceniti	-iti	visoka	podcenimo
podceniti	-iti	visoka	podcenite
podceniti	-iti	visoka	podcene
podceniti	-iti	visoka	podcenilo
podceniti	-iti	visoka	podcenile
podcenjivati	-ati/-eti (obrazac NEPOZNAT: nema oblika prezenta u rečniku)	odluči ti	podcenjivala
podcenjivati	-ati/-eti (obrazac NEPOZNAT: nema oblika prezenta u rečniku)	odluči ti	podcenjivalo
podcenjivati	-ati/-eti (obrazac NEPOZNAT: nema oblika prezenta u rečniku)	odluči ti	podcenjivali
podcenjivati	-ati/-eti (obrazac NEPOZNAT: nema oblika prezenta u rečniku)	odluči ti	podcenjivale
podebljati	-ati/-eti (obrazac -am, pročitan iz rečnika)	visoka	podebljaš
podebljati	-ati/-eti (obrazac -am, pročitan iz rečnika)	visoka	podeblja
podebljati	-ati/-eti (obrazac -am, pročitan iz rečnika)	visoka	podebljamo
podebljati	-ati/-eti (obrazac -am, pročitan iz rečnika)	visoka	podebljate
podebljati	-ati/-eti (obrazac -am, pročitan iz rečnika)	visoka	podebljaju
podebljati	-ati/-eti (obrazac -am, pročitan iz rečnika)	visoka	podebljaj
podebljati	-ati/-eti (obrazac -am, pročitan iz rečnika)	visoka	podebljajte
podebljati	-ati/-eti (obrazac -am, pročitan iz rečnika)	visoka	podebljala
podebljati	-ati/-eti (obrazac -am, pročitan iz rečnika)	visoka	podebljalo
podebljati	-ati/-eti (obrazac -am, pročitan iz rečnika)	visoka	podebljali
podgovoriti	-iti	visoka	podgovorim
podgovoriti	-iti	visoka	podgovoriš
podgovoriti	-iti	visoka	podgovorimo
podgovoriti	-iti	visoka	podgovorite
podgovoriti	-iti	visoka	podgovore
podgovoriti	-iti	visoka	podgovorila
podgovoriti	-iti	visoka	podgovorilo
podgovoriti	-iti	visoka	podgovorili
podgovoriti	-iti	visoka	podgovorile
podjariti	-iti	visoka	podjarim
podjariti	-iti	visoka	podjariš
podjariti	-iti	visoka	podjarimo
podjariti	-iti	visoka	podjarite
podjariti	-iti	visoka	podjare
podjariti	-iti	visoka	podjario
podjariti	-iti	visoka	podjarila
podjariti	-iti	visoka	podjarilo
podjariti	-iti	visoka	podjarili
podjariti	-iti	visoka	podjarile
podlagati	-ati/-eti (obrazac NEPOZNAT: nema oblika prezenta u rečniku)	odluči ti	podlagala
podlagati	-ati/-eti (obrazac NEPOZNAT: nema oblika prezenta u rečniku)	odluči ti	podlagalo
podlagati	-ati/-eti (obrazac NEPOZNAT: nema oblika prezenta u rečniku)	odluči ti	podlagali
podlagati	-ati/-eti (obrazac NEPOZNAT: nema oblika prezenta u rečniku)	odluči ti	podlagale
podmićivati	-ati/-eti (obrazac NEPOZNAT: nema oblika prezenta u rečniku)	odluči ti	podmićivala
podmićivati	-ati/-eti (obrazac NEPOZNAT: nema oblika prezenta u rečniku)	odluči ti	podmićivalo
podmićivati	-ati/-eti (obrazac NEPOZNAT: nema oblika prezenta u rečniku)	odluči ti	podmićivali
podmićivati	-ati/-eti (obrazac NEPOZNAT: nema oblika prezenta u rečniku)	odluči ti	podmićivale
podnapiti	-iti	visoka	podnapim
podnapiti	-iti	visoka	podnapiš
podnapiti	-iti	visoka	podnapi
podnapiti	-iti	visoka	podnapimo
podnapiti	-iti	visoka	podnapite
podnapiti	-iti	visoka	podnape
podnapiti	-iti	visoka	podnapila
podnapiti	-iti	visoka	podnapilo
podnapiti	-iti	visoka	podnapili
podnapiti	-iti	visoka	podnapile
podojiti	-iti	visoka	podojiš
podojiti	-iti	visoka	podojimo
podojiti	-iti	visoka	podojite
podojiti	-iti	visoka	podoje
podojiti	-iti	visoka	podojio
podojiti	-iti	visoka	podojila
podojiti	-iti	visoka	podojilo
podojiti	-iti	visoka	podojili
podojiti	-iti	visoka	podojile
podozrevati	-ati/-eti (obrazac NEPOZNAT: nema oblika prezenta u rečniku)	odluči ti	podozrevala
podozrevati	-ati/-eti (obrazac NEPOZNAT: nema oblika prezenta u rečniku)	odluči ti	podozrevalo
podozrevati	-ati/-eti (obrazac NEPOZNAT: nema oblika prezenta u rečniku)	odluči ti	podozrevali
podozrevati	-ati/-eti (obrazac NEPOZNAT: nema oblika prezenta u rečniku)	odluči ti	podozrevale
podraniti	-iti	visoka	podranim
podraniti	-iti	visoka	podraniš
podraniti	-iti	visoka	podranimo
podraniti	-iti	visoka	podranite
podraniti	-iti	visoka	podrane
podraniti	-iti	visoka	podranilo
podraniti	-iti	visoka	podranili
podraniti	-iti	visoka	podranile
podražavati	-ati/-eti (obrazac -am, pročitan iz rečnika)	visoka	podražavamo
podražavati	-ati/-eti (obrazac -am, pročitan iz rečnika)	visoka	podražavate
podražavati	-ati/-eti (obrazac -am, pročitan iz rečnika)	visoka	podražavaju
podražavati	-ati/-eti (obrazac -am, pročitan iz rečnika)	visoka	podražavajte
podražavati	-ati/-eti (obrazac -am, pročitan iz rečnika)	visoka	podražavala
podražavati	-ati/-eti (obrazac -am, pročitan iz rečnika)	visoka	podražavalo
podražavati	-ati/-eti (obrazac -am, pročitan iz rečnika)	visoka	podražavali
podražavati	-ati/-eti (obrazac -am, pročitan iz rečnika)	visoka	podražavale
podrezivati	-ati/-eti (obrazac NEPOZNAT: nema oblika prezenta u rečniku)	odluči ti	podrezivala
podrezivati	-ati/-eti (obrazac NEPOZNAT: nema oblika prezenta u rečniku)	odluči ti	podrezivalo
podrezivati	-ati/-eti (obrazac NEPOZNAT: nema oblika prezenta u rečniku)	odluči ti	podrezivali
podrezivati	-ati/-eti (obrazac NEPOZNAT: nema oblika prezenta u rečniku)	odluči ti	podrezivale
podriti	-iti	visoka	podrim
podriti	-iti	visoka	podriš
podriti	-iti	visoka	podri
podriti	-iti	visoka	podrimo
podriti	-iti	visoka	podrite
podriti	-iti	visoka	podre
podriti	-iti	visoka	podrila
podriti	-iti	visoka	podrilo
podriti	-iti	visoka	podrili
podriti	-iti	visoka	podrile
podsmehivati	-ati/-eti (obrazac NEPOZNAT: nema oblika prezenta u rečniku)	odluči ti	podsmehivala
podsmehivati	-ati/-eti (obrazac NEPOZNAT: nema oblika prezenta u rečniku)	odluči ti	podsmehivalo
podsmehivati	-ati/-eti (obrazac NEPOZNAT: nema oblika prezenta u rečniku)	odluči ti	podsmehivali
podsmehivati	-ati/-eti (obrazac NEPOZNAT: nema oblika prezenta u rečniku)	odluči ti	podsmehivale
podsmehnuti	-nuti	visoka	podsmehnem
podsmehnuti	-nuti	visoka	podsmehneš
podsmehnuti	-nuti	visoka	podsmehnemo
podsmehnuti	-nuti	visoka	podsmehnete
podsmehnuti	-nuti	visoka	podsmehnula
podsmehnuti	-nuti	visoka	podsmehnulo
podsmehnuti	-nuti	visoka	podsmehnuli
podsmehnuti	-nuti	visoka	podsmehnule
podsmehnuti	-nuti	visoka	podsmehni
podsmehnuti	-nuti	visoka	podsmehnite
podupreti	-eti	proveri	poduprim
podupreti	-eti	proveri	podupriš
podupreti	-eti	proveri	poduprimo
podupreti	-eti	proveri	podupreo
podupreti	-eti	proveri	poduprela
podupreti	-eti	proveri	poduprelo
podupreti	-eti	proveri	podupreli
podupreti	-eti	proveri	poduprele
poduzeti	-eti	proveri	poduzim
poduzeti	-eti	proveri	poduziš
poduzeti	-eti	proveri	poduzi
poduzeti	-eti	proveri	poduzimo
poduzeti	-eti	proveri	poduzite
poduzeti	-eti	proveri	poduze
poduzeti	-eti	proveri	poduzelo
poduzeti	-eti	proveri	poduzeli
poduzeti	-eti	proveri	poduzele
podužiti	-iti	visoka	podužiš
podužiti	-iti	visoka	podužimo
podužiti	-iti	visoka	podužite
podužiti	-iti	visoka	podužio
podužiti	-iti	visoka	podužila
podužiti	-iti	visoka	podužilo
podužiti	-iti	visoka	podužili
podužiti	-iti	visoka	podužile
podvaljivati	-ati/-eti (obrazac NEPOZNAT: nema oblika prezenta u rečniku)	odluči ti	podvaljivala
podvaljivati	-ati/-eti (obrazac NEPOZNAT: nema oblika prezenta u rečniku)	odluči ti	podvaljivalo
podvaljivati	-ati/-eti (obrazac NEPOZNAT: nema oblika prezenta u rečniku)	odluči ti	podvaljivali
podvaljivati	-ati/-eti (obrazac NEPOZNAT: nema oblika prezenta u rečniku)	odluči ti	podvaljivale
podvezati	-ati/-eti (obrazac -pal, pročitan iz rečnika)	visoka	podvežem
podvezati	-ati/-eti (obrazac -pal, pročitan iz rečnika)	visoka	podveže
podvezati	-ati/-eti (obrazac -pal, pročitan iz rečnika)	visoka	podvežemo
podvezati	-ati/-eti (obrazac -pal, pročitan iz rečnika)	visoka	podvežete
podvezati	-ati/-eti (obrazac -pal, pročitan iz rečnika)	visoka	podvežu
podvezati	-ati/-eti (obrazac -pal, pročitan iz rečnika)	visoka	podvezala
podvezati	-ati/-eti (obrazac -pal, pročitan iz rečnika)	visoka	podvezalo
podvezati	-ati/-eti (obrazac -pal, pročitan iz rečnika)	visoka	podvezali
podvezati	-ati/-eti (obrazac -pal, pročitan iz rečnika)	visoka	podvezale
podviti	-iti	visoka	podvim
podviti	-iti	visoka	podviš
podviti	-iti	visoka	podvimo
podviti	-iti	visoka	podvite
podviti	-iti	visoka	podve
podviti	-iti	visoka	podvilo
podviti	-iti	visoka	podvile
podvoditi	-iti	visoka	podvodim
podvoditi	-iti	visoka	podvodimo
podvoditi	-iti	visoka	podvodite
podvoditi	-iti	visoka	podvodila
podvoditi	-iti	visoka	podvodilo
podvoditi	-iti	visoka	podvodili
podvoditi	-iti	visoka	podvodile
podvoriti	-iti	visoka	podvorim
podvoriti	-iti	visoka	podvoriš
podvoriti	-iti	visoka	podvorimo
podvoriti	-iti	visoka	podvorite
podvoriti	-iti	visoka	podvore
podvoriti	-iti	visoka	podvorila
podvoriti	-iti	visoka	podvorilo
podvoriti	-iti	visoka	podvorili
podvoriti	-iti	visoka	podvorile
podčiniti	-iti	visoka	podčinim
podčiniti	-iti	visoka	podčiniš
podčiniti	-iti	visoka	podčinimo
podčiniti	-iti	visoka	podčinite
podčiniti	-iti	visoka	podčine
podčiniti	-iti	visoka	podčinila
podčiniti	-iti	visoka	podčinilo
podčiniti	-iti	visoka	podčinili
podčiniti	-iti	visoka	podčinile
podšišati	-ati/-eti (obrazac -am, pročitan iz rečnika)	visoka	podšiša
podšišati	-ati/-eti (obrazac -am, pročitan iz rečnika)	visoka	podšišamo
podšišati	-ati/-eti (obrazac -am, pročitan iz rečnika)	visoka	podšišate
podšišati	-ati/-eti (obrazac -am, pročitan iz rečnika)	visoka	podšišajte
podšišati	-ati/-eti (obrazac -am, pročitan iz rečnika)	visoka	podšišala
podšišati	-ati/-eti (obrazac -am, pročitan iz rečnika)	visoka	podšišalo
podšišati	-ati/-eti (obrazac -am, pročitan iz rečnika)	visoka	podšišali
podšišati	-ati/-eti (obrazac -am, pročitan iz rečnika)	visoka	podšišale
pogladiti	-iti	visoka	pogladim
pogladiti	-iti	visoka	pogladiš
pogladiti	-iti	visoka	pogladimo
pogladiti	-iti	visoka	pogladite
pogladiti	-iti	visoka	poglade
pogladiti	-iti	visoka	pogladila
pogladiti	-iti	visoka	pogladilo
pogladiti	-iti	visoka	pogladili
pogladiti	-iti	visoka	pogladile
pogorditi	-iti	visoka	pogordiš
pogorditi	-iti	visoka	pogordimo
pogorditi	-iti	visoka	pogordite
pogorditi	-iti	visoka	pogordio
pogorditi	-iti	visoka	pogordila
pogorditi	-iti	visoka	pogordilo
pogorditi	-iti	visoka	pogordili
pogorditi	-iti	visoka	pogordile
pogospoditi	-iti	visoka	pogospodim
pogospoditi	-iti	visoka	pogospodiš
pogospoditi	-iti	visoka	pogospodi
pogospoditi	-iti	visoka	pogospodimo
pogospoditi	-iti	visoka	pogospodite
pogospoditi	-iti	visoka	pogospode
pogospoditi	-iti	visoka	pogospodila
pogospoditi	-iti	visoka	pogospodili
pogospoditi	-iti	visoka	pogospodile
pograbiti	-iti	visoka	pograbim
pograbiti	-iti	visoka	pograbiš
pograbiti	-iti	visoka	pograbimo
pograbiti	-iti	visoka	pograbite
pograbiti	-iti	visoka	pograbe
pograbiti	-iti	visoka	pograbila
pograbiti	-iti	visoka	pograbilo
pograbiti	-iti	visoka	pograbile
poguriti	-iti	visoka	pogurim
poguriti	-iti	visoka	poguriš
poguriti	-iti	visoka	pogurimo
poguriti	-iti	visoka	pogurite
poguriti	-iti	visoka	pogure
poguriti	-iti	visoka	pogurila
poguriti	-iti	visoka	pogurilo
poguriti	-iti	visoka	pogurili
poguriti	-iti	visoka	pogurile
pohabati	-ati/-eti (obrazac NEPOZNAT: nema oblika prezenta u rečniku)	odluči ti	pohabala
pohabati	-ati/-eti (obrazac NEPOZNAT: nema oblika prezenta u rečniku)	odluči ti	pohabalo
pohabati	-ati/-eti (obrazac NEPOZNAT: nema oblika prezenta u rečniku)	odluči ti	pohabali
pohabati	-ati/-eti (obrazac NEPOZNAT: nema oblika prezenta u rečniku)	odluči ti	pohabale
poharčiti	-iti	visoka	poharčim
poharčiti	-iti	visoka	poharčiš
poharčiti	-iti	visoka	poharči
poharčiti	-iti	visoka	poharčimo
poharčiti	-iti	visoka	poharčite
poharčiti	-iti	visoka	poharče
poharčiti	-iti	visoka	poharčila
poharčiti	-iti	visoka	poharčilo
poharčiti	-iti	visoka	poharčili
poharčiti	-iti	visoka	poharčile
pohuliti	-iti	visoka	pohulim
pohuliti	-iti	visoka	pohuliš
pohuliti	-iti	visoka	pohulimo
pohuliti	-iti	visoka	pohulite
pohuliti	-iti	visoka	pohule
pohuliti	-iti	visoka	pohulila
pohuliti	-iti	visoka	pohulilo
pohuliti	-iti	visoka	pohulile
poistovetiti	-iti	visoka	poistovetiš
poistovetiti	-iti	visoka	poistovetimo
poistovetiti	-iti	visoka	poistovetite
poistovetiti	-iti	visoka	poistovetila
poistovetiti	-iti	visoka	poistovetilo
poistovetiti	-iti	visoka	poistovetili
poistovetiti	-iti	visoka	poistovetile
pokarati	-ati/-eti (obrazac -am, pročitan iz rečnika)	visoka	pokaram
pokarati	-ati/-eti (obrazac -am, pročitan iz rečnika)	visoka	pokaramo
pokarati	-ati/-eti (obrazac -am, pročitan iz rečnika)	visoka	pokarate
pokarati	-ati/-eti (obrazac -am, pročitan iz rečnika)	visoka	pokaraju
pokarati	-ati/-eti (obrazac -am, pročitan iz rečnika)	visoka	pokarajte
pokarati	-ati/-eti (obrazac -am, pročitan iz rečnika)	visoka	pokarala
pokarati	-ati/-eti (obrazac -am, pročitan iz rečnika)	visoka	pokaralo
pokarati	-ati/-eti (obrazac -am, pročitan iz rečnika)	visoka	pokarali
pokarati	-ati/-eti (obrazac -am, pročitan iz rečnika)	visoka	pokarale
pokisnuti	-nuti	visoka	pokisnete
pokisnuti	-nuti	visoka	pokisnu
pokisnuti	-nuti	visoka	pokisnuo
pokisnuti	-nuti	visoka	pokisnula
pokisnuti	-nuti	visoka	pokisnulo
pokisnuti	-nuti	visoka	pokisnule
pokisnuti	-nuti	visoka	pokisni
pokisnuti	-nuti	visoka	pokisnite
pokreti	-eti	proveri	pokrim
pokreti	-eti	proveri	pokriš
pokreti	-eti	proveri	pokrimo
pokreti	-eti	proveri	pokre
pokreti	-eti	proveri	pokreo
pokreti	-eti	proveri	pokrela
pokreti	-eti	proveri	pokrelo
pokreti	-eti	proveri	pokreli
pokreti	-eti	proveri	pokrele
pokunjiti	-iti	visoka	pokunjim
pokunjiti	-iti	visoka	pokunjiš
pokunjiti	-iti	visoka	pokunjimo
pokunjiti	-iti	visoka	pokunjite
pokunjiti	-iti	visoka	pokunjila
pokunjiti	-iti	visoka	pokunjilo
pokunjiti	-iti	visoka	pokunjili
pokunjiti	-iti	visoka	pokunjile
pokupovati	-ovati	visoka	pokupuješ
pokupovati	-ovati	visoka	pokupujemo
pokupovati	-ovati	visoka	pokupujete
pokupovati	-ovati	visoka	pokupuju
pokupovati	-ovati	visoka	pokupovalo
pokupovati	-ovati	visoka	pokupovale
pokupovati	-ovati	visoka	pokupuj
pokupovati	-ovati	visoka	pokupujte
polarizovati	-ovati	visoka	polarizujem
polarizovati	-ovati	visoka	polarizuješ
polarizovati	-ovati	visoka	polarizujemo
polarizovati	-ovati	visoka	polarizujete
polarizovati	-ovati	visoka	polarizovao
polarizovati	-ovati	visoka	polarizovala
polarizovati	-ovati	visoka	polarizovalo
polarizovati	-ovati	visoka	polarizovali
polarizovati	-ovati	visoka	polarizovale
polarizovati	-ovati	visoka	polarizuj
polarizovati	-ovati	visoka	polarizujte
polaskati	-ati/-eti (obrazac NEPOZNAT: nema oblika prezenta u rečniku)	odluči ti	polaskala
polaskati	-ati/-eti (obrazac NEPOZNAT: nema oblika prezenta u rečniku)	odluči ti	polaskalo
polaskati	-ati/-eti (obrazac NEPOZNAT: nema oblika prezenta u rečniku)	odluči ti	polaskale
poleti	-eti	proveri	polim
poleti	-eti	proveri	poliš
poleti	-eti	proveri	polimo
poleti	-eti	proveri	polite
poleti	-eti	proveri	poleo
poleti	-eti	proveri	polela
poleti	-eti	proveri	polelo
poleti	-eti	proveri	poleli
poleti	-eti	proveri	polele
politizirati	-irati	visoka	politiziram
politizirati	-irati	visoka	politiziraš
politizirati	-irati	visoka	politiziramo
politizirati	-irati	visoka	politizirate
politizirati	-irati	visoka	politiziraju
politizirati	-irati	visoka	politizirao
politizirati	-irati	visoka	politizirala
politizirati	-irati	visoka	politiziralo
politizirati	-irati	visoka	politizirali
politizirati	-irati	visoka	politizirale
politizirati	-irati	visoka	politiziraj
politizirati	-irati	visoka	politizirajte
poloviti	-iti	visoka	polovim
poloviti	-iti	visoka	poloviš
poloviti	-iti	visoka	polovimo
poloviti	-iti	visoka	polovite
poloviti	-iti	visoka	polovila
poloviti	-iti	visoka	polovilo
poloviti	-iti	visoka	polovili
poloviti	-iti	visoka	polovile
pomamiti	-iti	visoka	pomamim
pomamiti	-iti	visoka	pomamiš
pomamiti	-iti	visoka	pomamimo
pomamiti	-iti	visoka	pomamite
pomamiti	-iti	visoka	pomamilo
pomamiti	-iti	visoka	pomamili
pomamiti	-iti	visoka	pomamile
pomokriti	-iti	visoka	pomokrim
pomokriti	-iti	visoka	pomokriš
pomokriti	-iti	visoka	pomokrimo
pomokriti	-iti	visoka	pomokrite
pomokriti	-iti	visoka	pomokre
pomokriti	-iti	visoka	pomokrilo
pomokriti	-iti	visoka	pomokrili
pomokriti	-iti	visoka	pomokrile
pomrsiti	-iti	visoka	pomrsim
pomrsiti	-iti	visoka	pomrsiš
pomrsiti	-iti	visoka	pomrsimo
pomrsiti	-iti	visoka	pomrsite
pomrsiti	-iti	visoka	pomrse
pomrsiti	-iti	visoka	pomrsilo
pomrsiti	-iti	visoka	pomrsile
ponapiti	-iti	visoka	ponapim
ponapiti	-iti	visoka	ponapiš
ponapiti	-iti	visoka	ponapi
ponapiti	-iti	visoka	ponapimo
ponapiti	-iti	visoka	ponapite
ponapiti	-iti	visoka	ponape
ponapiti	-iti	visoka	ponapila
ponapiti	-iti	visoka	ponapilo
ponapiti	-iti	visoka	ponapile
ponirati	-irati	visoka	poniram
ponirati	-irati	visoka	poniraš
ponirati	-irati	visoka	ponira
ponirati	-irati	visoka	poniramo
ponirati	-irati	visoka	ponirate
ponirati	-irati	visoka	poniraju
ponirati	-irati	visoka	poniralo
ponirati	-irati	visoka	ponirali
ponirati	-irati	visoka	ponirale
ponirati	-irati	visoka	poniraj
ponirati	-irati	visoka	ponirajte
ponjeti	-eti	proveri	ponjim
ponjeti	-eti	proveri	ponjiš
ponjeti	-eti	proveri	ponji
ponjeti	-eti	proveri	ponjimo
ponjeti	-eti	proveri	ponjite
ponjeti	-eti	proveri	ponje
ponjeti	-eti	proveri	ponjelo
ponjeti	-eti	proveri	ponjeli
ponjeti	-eti	proveri	ponjele
ponukati	-ati/-eti (obrazac NEPOZNAT: nema oblika prezenta u rečniku)	odluči ti	ponukala
ponukati	-ati/-eti (obrazac NEPOZNAT: nema oblika prezenta u rečniku)	odluči ti	ponukali
ponukati	-ati/-eti (obrazac NEPOZNAT: nema oblika prezenta u rečniku)	odluči ti	ponukale
popevati	-ati/-eti (obrazac -am, pročitan iz rečnika)	visoka	popevaš
popevati	-ati/-eti (obrazac -am, pročitan iz rečnika)	visoka	popevamo
popevati	-ati/-eti (obrazac -am, pročitan iz rečnika)	visoka	popevate
popevati	-ati/-eti (obrazac -am, pročitan iz rečnika)	visoka	popevajte
popevati	-ati/-eti (obrazac -am, pročitan iz rečnika)	visoka	popevala
popevati	-ati/-eti (obrazac -am, pročitan iz rečnika)	visoka	popevalo
popevati	-ati/-eti (obrazac -am, pročitan iz rečnika)	visoka	popevali
popevati	-ati/-eti (obrazac -am, pročitan iz rečnika)	visoka	popevale
popisivati	-ati/-eti (obrazac NEPOZNAT: nema oblika prezenta u rečniku)	odluči ti	popisivala
popisivati	-ati/-eti (obrazac NEPOZNAT: nema oblika prezenta u rečniku)	odluči ti	popisivalo
popisivati	-ati/-eti (obrazac NEPOZNAT: nema oblika prezenta u rečniku)	odluči ti	popisivale
popišati	-ati/-eti (obrazac NEPOZNAT: protivrečni oblici: am/em)	odluči ti	popišao
popišati	-ati/-eti (obrazac NEPOZNAT: protivrečni oblici: am/em)	odluči ti	popišala
popišati	-ati/-eti (obrazac NEPOZNAT: protivrečni oblici: am/em)	odluči ti	popišalo
popišati	-ati/-eti (obrazac NEPOZNAT: protivrečni oblici: am/em)	odluči ti	popišali
popišati	-ati/-eti (obrazac NEPOZNAT: protivrečni oblici: am/em)	odluči ti	popišale
popovati	-ovati	visoka	popujemo
popovati	-ovati	visoka	popuju
popovati	-ovati	visoka	popovao
popovati	-ovati	visoka	popovala
popovati	-ovati	visoka	popovalo
popovati	-ovati	visoka	popovali
popovati	-ovati	visoka	popovale
popovati	-ovati	visoka	popujte
popretiti	-iti	visoka	popretim
popretiti	-iti	visoka	popretiš
popretiti	-iti	visoka	popretimo
popretiti	-iti	visoka	popretite
popretiti	-iti	visoka	poprete
popretiti	-iti	visoka	popretila
popretiti	-iti	visoka	popretilo
popretiti	-iti	visoka	popretili
popretiti	-iti	visoka	popretile
poravniti	-iti	visoka	poravnim
poravniti	-iti	visoka	poravniš
poravniti	-iti	visoka	poravni
poravniti	-iti	visoka	poravnimo
poravniti	-iti	visoka	poravnite
poravniti	-iti	visoka	poravne
poravniti	-iti	visoka	poravnio
poravniti	-iti	visoka	poravnila
poravniti	-iti	visoka	poravnilo
poravniti	-iti	visoka	poravnili
poravniti	-iti	visoka	poravnile
porezati	-ati/-eti (obrazac -pal, pročitan iz rečnika)	visoka	porežeš
porezati	-ati/-eti (obrazac -pal, pročitan iz rečnika)	visoka	poreže
porezati	-ati/-eti (obrazac -pal, pročitan iz rečnika)	visoka	porežemo
porezati	-ati/-eti (obrazac -pal, pročitan iz rečnika)	visoka	porežete
porezati	-ati/-eti (obrazac -pal, pročitan iz rečnika)	visoka	porežu
porezati	-ati/-eti (obrazac -pal, pročitan iz rečnika)	visoka	poreži
porezati	-ati/-eti (obrazac -pal, pročitan iz rečnika)	visoka	porežite
porezati	-ati/-eti (obrazac -pal, pročitan iz rečnika)	visoka	porezalo
porezati	-ati/-eti (obrazac -pal, pročitan iz rečnika)	visoka	porezale
poružneti	-eti	proveri	poružnim
poružneti	-eti	proveri	poružniš
poružneti	-eti	proveri	poružnimo
poružneti	-eti	proveri	poružnite
poružneti	-eti	proveri	poružne
poružneti	-eti	proveri	poružnelo
poružneti	-eti	proveri	poružneli
poružneti	-eti	proveri	poružnele
posednuti	-nuti	visoka	posedneš
posednuti	-nuti	visoka	posednete
posednuti	-nuti	visoka	posednuo
posednuti	-nuti	visoka	posednula
posednuti	-nuti	visoka	posednulo
posednuti	-nuti	visoka	posednuli
posednuti	-nuti	visoka	posednule
posednuti	-nuti	visoka	posedni
posednuti	-nuti	visoka	posednite
posiniti	-iti	visoka	posinim
posiniti	-iti	visoka	posiniš
posiniti	-iti	visoka	posinimo
posiniti	-iti	visoka	posinite
posiniti	-iti	visoka	posine
posiniti	-iti	visoka	posinilo
posiniti	-iti	visoka	posinili
posiniti	-iti	visoka	posinile
posisati	-ati/-eti (obrazac -am, pročitan iz rečnika)	visoka	posisam
posisati	-ati/-eti (obrazac -am, pročitan iz rečnika)	visoka	posisamo
posisati	-ati/-eti (obrazac -am, pročitan iz rečnika)	visoka	posisate
posisati	-ati/-eti (obrazac -am, pročitan iz rečnika)	visoka	posisaju
posisati	-ati/-eti (obrazac -am, pročitan iz rečnika)	visoka	posisajte
posisati	-ati/-eti (obrazac -am, pročitan iz rečnika)	visoka	posisala
posisati	-ati/-eti (obrazac -am, pročitan iz rečnika)	visoka	posisali
posisati	-ati/-eti (obrazac -am, pročitan iz rečnika)	visoka	posisale
posiveti	-eti	proveri	posivim
posiveti	-eti	proveri	posiviš
posiveti	-eti	proveri	posivi
posiveti	-eti	proveri	posivimo
posiveti	-eti	proveri	posivite
posiveti	-eti	proveri	posive
posiveti	-eti	proveri	posivele
posiviti	-iti	visoka	posivim
posiviti	-iti	visoka	posiviš
posiviti	-iti	visoka	posivi
posiviti	-iti	visoka	posivimo
posiviti	-iti	visoka	posivite
posiviti	-iti	visoka	posive
posiviti	-iti	visoka	posivio
posiviti	-iti	visoka	posivila
posiviti	-iti	visoka	posivilo
posiviti	-iti	visoka	posivili
posiviti	-iti	visoka	posivile
poskakivati	-ati/-eti (obrazac NEPOZNAT: nema oblika prezenta u rečniku)	odluči ti	poskakivala
poskakivati	-ati/-eti (obrazac NEPOZNAT: nema oblika prezenta u rečniku)	odluči ti	poskakivalo
poskakivati	-ati/-eti (obrazac NEPOZNAT: nema oblika prezenta u rečniku)	odluči ti	poskakivali
poskakivati	-ati/-eti (obrazac NEPOZNAT: nema oblika prezenta u rečniku)	odluči ti	poskakivale
poskidati	-ati/-eti (obrazac NEPOZNAT: nema oblika prezenta u rečniku)	odluči ti	poskidala
poskidati	-ati/-eti (obrazac NEPOZNAT: nema oblika prezenta u rečniku)	odluči ti	poskidalo
poskidati	-ati/-eti (obrazac NEPOZNAT: nema oblika prezenta u rečniku)	odluči ti	poskidale
poskupiti	-iti	visoka	poskupim
poskupiti	-iti	visoka	poskupiš
poskupiti	-iti	visoka	poskupimo
poskupiti	-iti	visoka	poskupite
poskupiti	-iti	visoka	poskupio
poskupiti	-iti	visoka	poskupila
poskupiti	-iti	visoka	poskupilo
poskupiti	-iti	visoka	poskupili
poskupiti	-iti	visoka	poskupile
posložiti	-iti	visoka	posložim
posložiti	-iti	visoka	posložiš
posložiti	-iti	visoka	posložimo
posložiti	-iti	visoka	posložite
posložiti	-iti	visoka	poslože
posložiti	-iti	visoka	posložila
posložiti	-iti	visoka	posložili
posložiti	-iti	visoka	posložile
pospremati	-ati/-eti (obrazac NEPOZNAT: protivrečni oblici: am/im)	odluči ti	pospremala
pospremati	-ati/-eti (obrazac NEPOZNAT: protivrečni oblici: am/im)	odluči ti	pospremalo
pospremati	-ati/-eti (obrazac NEPOZNAT: protivrečni oblici: am/im)	odluči ti	pospremali
pospremati	-ati/-eti (obrazac NEPOZNAT: protivrečni oblici: am/im)	odluči ti	pospremale
postareti	-eti	proveri	postarim
postareti	-eti	proveri	postariš
postareti	-eti	proveri	postarimo
postareti	-eti	proveri	postarite
postareti	-eti	proveri	postare
postareti	-eti	proveri	postarela
postareti	-eti	proveri	postarelo
postareti	-eti	proveri	postareli
postareti	-eti	proveri	postarele
postariti	-iti	visoka	postarim
postariti	-iti	visoka	postariš
postariti	-iti	visoka	postarimo
postariti	-iti	visoka	postarite
postariti	-iti	visoka	postare
postariti	-iti	visoka	postarila
postariti	-iti	visoka	postarilo
postariti	-iti	visoka	postarili
postariti	-iti	visoka	postarile
posuvratiti	-iti	visoka	posuvratim
posuvratiti	-iti	visoka	posuvratiš
posuvratiti	-iti	visoka	posuvrati
posuvratiti	-iti	visoka	posuvratimo
posuvratiti	-iti	visoka	posuvratite
posuvratiti	-iti	visoka	posuvrate
posuvratiti	-iti	visoka	posuvratila
posuvratiti	-iti	visoka	posuvratilo
posuvratiti	-iti	visoka	posuvratili
posuvratiti	-iti	visoka	posuvratile
posuvraćati	-ati/-eti (obrazac NEPOZNAT: nema oblika prezenta u rečniku)	odluči ti	posuvraćala
posuvraćati	-ati/-eti (obrazac NEPOZNAT: nema oblika prezenta u rečniku)	odluči ti	posuvraćalo
posuvraćati	-ati/-eti (obrazac NEPOZNAT: nema oblika prezenta u rečniku)	odluči ti	posuvraćali
posuvraćati	-ati/-eti (obrazac NEPOZNAT: nema oblika prezenta u rečniku)	odluči ti	posuvraćale
posuđivati	-ati/-eti (obrazac NEPOZNAT: nema oblika prezenta u rečniku)	odluči ti	posuđivala
posuđivati	-ati/-eti (obrazac NEPOZNAT: nema oblika prezenta u rečniku)	odluči ti	posuđivalo
posuđivati	-ati/-eti (obrazac NEPOZNAT: nema oblika prezenta u rečniku)	odluči ti	posuđivale
posvaditi	-iti	visoka	posvadim
posvaditi	-iti	visoka	posvadiš
posvaditi	-iti	visoka	posvadi
posvaditi	-iti	visoka	posvadimo
posvaditi	-iti	visoka	posvadite
posvaditi	-iti	visoka	posvadila
posvaditi	-iti	visoka	posvadile
posvećivati	-ati/-eti (obrazac NEPOZNAT: nema oblika prezenta u rečniku)	odluči ti	posvećivala
posvećivati	-ati/-eti (obrazac NEPOZNAT: nema oblika prezenta u rečniku)	odluči ti	posvećivalo
posvećivati	-ati/-eti (obrazac NEPOZNAT: nema oblika prezenta u rečniku)	odluči ti	posvećivali
posvećivati	-ati/-eti (obrazac NEPOZNAT: nema oblika prezenta u rečniku)	odluči ti	posvećivale
posvojiti	-iti	visoka	posvojim
posvojiti	-iti	visoka	posvojiš
posvojiti	-iti	visoka	posvojimo
posvojiti	-iti	visoka	posvojite
posvojiti	-iti	visoka	posvoje
posvojiti	-iti	visoka	posvojila
posvojiti	-iti	visoka	posvojilo
posvojiti	-iti	visoka	posvojile
potamaniti	-iti	visoka	potamaniš
potamaniti	-iti	visoka	potamanite
potamaniti	-iti	visoka	potamane
potamaniti	-iti	visoka	potamanio
potamaniti	-iti	visoka	potamanila
potamaniti	-iti	visoka	potamanilo
potamaniti	-iti	visoka	potamanile
potcenjivati	-ati/-eti (obrazac NEPOZNAT: nema oblika prezenta u rečniku)	odluči ti	potcenjivala
potcenjivati	-ati/-eti (obrazac NEPOZNAT: nema oblika prezenta u rečniku)	odluči ti	potcenjivalo
potcenjivati	-ati/-eti (obrazac NEPOZNAT: nema oblika prezenta u rečniku)	odluči ti	potcenjivali
potcenjivati	-ati/-eti (obrazac NEPOZNAT: nema oblika prezenta u rečniku)	odluči ti	potcenjivale
potirati	-irati	visoka	potiram
potirati	-irati	visoka	potiraš
potirati	-irati	visoka	potira
potirati	-irati	visoka	potiramo
potirati	-irati	visoka	potirate
potirati	-irati	visoka	potiraju
potirati	-irati	visoka	potiralo
potirati	-irati	visoka	potiraj
potirati	-irati	visoka	potirajte
potkazivati	-ati/-eti (obrazac NEPOZNAT: nema oblika prezenta u rečniku)	odluči ti	potkazivala
potkazivati	-ati/-eti (obrazac NEPOZNAT: nema oblika prezenta u rečniku)	odluči ti	potkazivalo
potkazivati	-ati/-eti (obrazac NEPOZNAT: nema oblika prezenta u rečniku)	odluči ti	potkazivali
potkazivati	-ati/-eti (obrazac NEPOZNAT: nema oblika prezenta u rečniku)	odluči ti	potkazivale
potkačiti	-iti	visoka	potkačim
potkačiti	-iti	visoka	potkačiš
potkačiti	-iti	visoka	potkačimo
potkačiti	-iti	visoka	potkačite
potkačiti	-iti	visoka	potkačila
potkačiti	-iti	visoka	potkačilo
potkačiti	-iti	visoka	potkačili
potkačiti	-iti	visoka	potkačile
potkivati	-ati/-eti (obrazac -am, pročitan iz rečnika)	visoka	potkivaš
potkivati	-ati/-eti (obrazac -am, pročitan iz rečnika)	visoka	potkivamo
potkivati	-ati/-eti (obrazac -am, pročitan iz rečnika)	visoka	potkivate
potkivati	-ati/-eti (obrazac -am, pročitan iz rečnika)	visoka	potkivaju
potkivati	-ati/-eti (obrazac -am, pročitan iz rečnika)	visoka	potkivaj
potkivati	-ati/-eti (obrazac -am, pročitan iz rečnika)	visoka	potkivajte
potkivati	-ati/-eti (obrazac -am, pročitan iz rečnika)	visoka	potkivala
potkivati	-ati/-eti (obrazac -am, pročitan iz rečnika)	visoka	potkivalo
potkivati	-ati/-eti (obrazac -am, pročitan iz rečnika)	visoka	potkivali
potkivati	-ati/-eti (obrazac -am, pročitan iz rečnika)	visoka	potkivale
potkopavati	-ati/-eti (obrazac -am, pročitan iz rečnika)	visoka	potkopavam
potkopavati	-ati/-eti (obrazac -am, pročitan iz rečnika)	visoka	potkopavamo
potkopavati	-ati/-eti (obrazac -am, pročitan iz rečnika)	visoka	potkopavate
potkopavati	-ati/-eti (obrazac -am, pročitan iz rečnika)	visoka	potkopavaj
potkopavati	-ati/-eti (obrazac -am, pročitan iz rečnika)	visoka	potkopavajte
potkopavati	-ati/-eti (obrazac -am, pročitan iz rečnika)	visoka	potkopavala
potkopavati	-ati/-eti (obrazac -am, pročitan iz rečnika)	visoka	potkopavalo
potkopavati	-ati/-eti (obrazac -am, pročitan iz rečnika)	visoka	potkopavali
potkopavati	-ati/-eti (obrazac -am, pročitan iz rečnika)	visoka	potkopavale
potkovati	-ovati	visoka	potkujem
potkovati	-ovati	visoka	potkujete
potkovati	-ovati	visoka	potkuju
potkovati	-ovati	visoka	potkovala
potkovati	-ovati	visoka	potkovalo
potkovati	-ovati	visoka	potkovali
potkovati	-ovati	visoka	potkovale
potkovati	-ovati	visoka	potkuj
potkovati	-ovati	visoka	potkujte
potpirivati	-ati/-eti (obrazac NEPOZNAT: nema oblika prezenta u rečniku)	odluči ti	potpirivala
potpirivati	-ati/-eti (obrazac NEPOZNAT: nema oblika prezenta u rečniku)	odluči ti	potpirivalo
potpirivati	-ati/-eti (obrazac NEPOZNAT: nema oblika prezenta u rečniku)	odluči ti	potpirivali
potpirivati	-ati/-eti (obrazac NEPOZNAT: nema oblika prezenta u rečniku)	odluči ti	potpirivale
potratiti	-iti	visoka	potratim
potratiti	-iti	visoka	potratiš
potratiti	-iti	visoka	potrati
potratiti	-iti	visoka	potratimo
potratiti	-iti	visoka	potratite
potratiti	-iti	visoka	potrate
potratiti	-iti	visoka	potratilo
potratiti	-iti	visoka	potratile
potrebovati	-ovati	visoka	potrebujem
potrebovati	-ovati	visoka	potrebuješ
potrebovati	-ovati	visoka	potrebujete
potrebovati	-ovati	visoka	potrebovala
potrebovati	-ovati	visoka	potrebovalo
potrebovati	-ovati	visoka	potrebovali
potrebovati	-ovati	visoka	potrebovale
potrebovati	-ovati	visoka	potrebuj
potrebovati	-ovati	visoka	potrebujte
potrgati	-ati/-eti (obrazac NEPOZNAT: nema oblika prezenta u rečniku)	odluči ti	potrgalo
potrgati	-ati/-eti (obrazac NEPOZNAT: nema oblika prezenta u rečniku)	odluči ti	potrgali
potrgati	-ati/-eti (obrazac NEPOZNAT: nema oblika prezenta u rečniku)	odluči ti	potrgale
potrovati	-ovati	visoka	potruješ
potrovati	-ovati	visoka	potrujemo
potrovati	-ovati	visoka	potrujete
potrovati	-ovati	visoka	potruju
potrovati	-ovati	visoka	potrovala
potrovati	-ovati	visoka	potrovalo
potrovati	-ovati	visoka	potrovali
potrovati	-ovati	visoka	potrovale
potrovati	-ovati	visoka	potruj
potrovati	-ovati	visoka	potrujte
potrpati	-ati/-eti (obrazac NEPOZNAT: nema oblika prezenta u rečniku)	odluči ti	potrpala
potrpati	-ati/-eti (obrazac NEPOZNAT: nema oblika prezenta u rečniku)	odluči ti	potrpalo
potrpati	-ati/-eti (obrazac NEPOZNAT: nema oblika prezenta u rečniku)	odluči ti	potrpale
potužiti	-iti	visoka	potužim
potužiti	-iti	visoka	potužiš
potužiti	-iti	visoka	potužimo
potužiti	-iti	visoka	potužite
potužiti	-iti	visoka	potuže
potužiti	-iti	visoka	potužilo
potužiti	-iti	visoka	potužile
potvrđivati	-ati/-eti (obrazac NEPOZNAT: nema oblika prezenta u rečniku)	odluči ti	potvrđivalo
potvrđivati	-ati/-eti (obrazac NEPOZNAT: nema oblika prezenta u rečniku)	odluči ti	potvrđivali
potvrđivati	-ati/-eti (obrazac NEPOZNAT: nema oblika prezenta u rečniku)	odluči ti	potvrđivale
pouzdavati	-ati/-eti (obrazac NEPOZNAT: nema oblika prezenta u rečniku)	odluči ti	pouzdavala
pouzdavati	-ati/-eti (obrazac NEPOZNAT: nema oblika prezenta u rečniku)	odluči ti	pouzdavalo
pouzdavati	-ati/-eti (obrazac NEPOZNAT: nema oblika prezenta u rečniku)	odluči ti	pouzdavali
pouzdavati	-ati/-eti (obrazac NEPOZNAT: nema oblika prezenta u rečniku)	odluči ti	pouzdavale
povampiriti	-iti	visoka	povampirim
povampiriti	-iti	visoka	povampiriš
povampiriti	-iti	visoka	povampirimo
povampiriti	-iti	visoka	povampirite
povampiriti	-iti	visoka	povampirilo
povampiriti	-iti	visoka	povampirili
povampiriti	-iti	visoka	povampirile
povešati	-ati/-eti (obrazac -am, pročitan iz rečnika)	visoka	povešaš
povešati	-ati/-eti (obrazac -am, pročitan iz rečnika)	visoka	povešamo
povešati	-ati/-eti (obrazac -am, pročitan iz rečnika)	visoka	povešate
povešati	-ati/-eti (obrazac -am, pročitan iz rečnika)	visoka	povešaju
povešati	-ati/-eti (obrazac -am, pročitan iz rečnika)	visoka	povešaj
povešati	-ati/-eti (obrazac -am, pročitan iz rečnika)	visoka	povešajte
povešati	-ati/-eti (obrazac -am, pročitan iz rečnika)	visoka	povešala
povešati	-ati/-eti (obrazac -am, pročitan iz rečnika)	visoka	povešalo
povešati	-ati/-eti (obrazac -am, pročitan iz rečnika)	visoka	povešali
povešati	-ati/-eti (obrazac -am, pročitan iz rečnika)	visoka	povešale
poviriti	-iti	visoka	povirim
poviriti	-iti	visoka	poviriš
poviriti	-iti	visoka	poviri
poviriti	-iti	visoka	povirimo
poviriti	-iti	visoka	povirite
poviriti	-iti	visoka	povire
poviriti	-iti	visoka	povirila
poviriti	-iti	visoka	povirilo
poviriti	-iti	visoka	povirili
poviriti	-iti	visoka	povirile
poviti	-iti	visoka	povim
poviti	-iti	visoka	poviš
poviti	-iti	visoka	povi
poviti	-iti	visoka	povimo
poviti	-iti	visoka	povite
poviti	-iti	visoka	pove
poviti	-iti	visoka	povilo
poviti	-iti	visoka	povile
povlađivati	-ati/-eti (obrazac NEPOZNAT: nema oblika prezenta u rečniku)	odluči ti	povlađivala
povlađivati	-ati/-eti (obrazac NEPOZNAT: nema oblika prezenta u rečniku)	odluči ti	povlađivalo
povlađivati	-ati/-eti (obrazac NEPOZNAT: nema oblika prezenta u rečniku)	odluči ti	povlađivali
povlađivati	-ati/-eti (obrazac NEPOZNAT: nema oblika prezenta u rečniku)	odluči ti	povlađivale
pozaboravljati	-ati/-eti (obrazac NEPOZNAT: nema oblika prezenta u rečniku)	odluči ti	pozaboravljala
pozaboravljati	-ati/-eti (obrazac NEPOZNAT: nema oblika prezenta u rečniku)	odluči ti	pozaboravljalo
pozaboravljati	-ati/-eti (obrazac NEPOZNAT: nema oblika prezenta u rečniku)	odluči ti	pozaboravljali
pozaboravljati	-ati/-eti (obrazac NEPOZNAT: nema oblika prezenta u rečniku)	odluči ti	pozaboravljale
pozatvarati	-ati/-eti (obrazac NEPOZNAT: nema oblika prezenta u rečniku)	odluči ti	pozatvarala
pozatvarati	-ati/-eti (obrazac NEPOZNAT: nema oblika prezenta u rečniku)	odluči ti	pozatvaralo
pozatvarati	-ati/-eti (obrazac NEPOZNAT: nema oblika prezenta u rečniku)	odluči ti	pozatvarale
poćutati	-ati/-eti (obrazac NEPOZNAT: nema oblika prezenta u rečniku)	odluči ti	poćutalo
poćutati	-ati/-eti (obrazac NEPOZNAT: nema oblika prezenta u rečniku)	odluči ti	poćutali
poćutati	-ati/-eti (obrazac NEPOZNAT: nema oblika prezenta u rečniku)	odluči ti	poćutale
počastvovati	-ovati	visoka	počastvujem
počastvovati	-ovati	visoka	počastvuješ
počastvovati	-ovati	visoka	počastvuje
počastvovati	-ovati	visoka	počastvujemo
počastvovati	-ovati	visoka	počastvujete
počastvovati	-ovati	visoka	počastvuju
počastvovati	-ovati	visoka	počastvovalo
počastvovati	-ovati	visoka	počastvovale
počastvovati	-ovati	visoka	počastvuj
počastvovati	-ovati	visoka	počastvujte
počekati	-ati/-eti (obrazac -am, pročitan iz rečnika)	visoka	počekaš
počekati	-ati/-eti (obrazac -am, pročitan iz rečnika)	visoka	počekamo
počekati	-ati/-eti (obrazac -am, pročitan iz rečnika)	visoka	počekate
počekati	-ati/-eti (obrazac -am, pročitan iz rečnika)	visoka	počekao
počekati	-ati/-eti (obrazac -am, pročitan iz rečnika)	visoka	počekala
počekati	-ati/-eti (obrazac -am, pročitan iz rečnika)	visoka	počekalo
počekati	-ati/-eti (obrazac -am, pročitan iz rečnika)	visoka	počekali
počekati	-ati/-eti (obrazac -am, pročitan iz rečnika)	visoka	počekale
pošaliti	-iti	visoka	pošalim
pošaliti	-iti	visoka	pošališ
pošaliti	-iti	visoka	pošalimo
pošaliti	-iti	visoka	pošalite
pošaliti	-iti	visoka	pošalila
pošaliti	-iti	visoka	pošalilo
pošaliti	-iti	visoka	pošalili
pošaliti	-iti	visoka	pošalile
poškropiti	-iti	visoka	poškropim
poškropiti	-iti	visoka	poškropiš
poškropiti	-iti	visoka	poškropimo
poškropiti	-iti	visoka	poškropite
poškropiti	-iti	visoka	poškropila
poškropiti	-iti	visoka	poškropilo
poškropiti	-iti	visoka	poškropile
pošpricati	-ati/-eti (obrazac NEPOZNAT: nema oblika prezenta u rečniku)	odluči ti	pošpricalo
pošpricati	-ati/-eti (obrazac NEPOZNAT: nema oblika prezenta u rečniku)	odluči ti	pošpricali
pošpricati	-ati/-eti (obrazac NEPOZNAT: nema oblika prezenta u rečniku)	odluči ti	pošpricale
poštapati	-ati/-eti (obrazac NEPOZNAT: nema oblika prezenta u rečniku)	odluči ti	poštapalo
poštapati	-ati/-eti (obrazac NEPOZNAT: nema oblika prezenta u rečniku)	odluči ti	poštapali
poštapati	-ati/-eti (obrazac NEPOZNAT: nema oblika prezenta u rečniku)	odluči ti	poštapale
pošumiti	-iti	visoka	pošumim
pošumiti	-iti	visoka	pošumiš
pošumiti	-iti	visoka	pošumi
pošumiti	-iti	visoka	pošumimo
pošumiti	-iti	visoka	pošumite
pošumiti	-iti	visoka	pošume
pošumiti	-iti	visoka	pošumila
pošumiti	-iti	visoka	pošumilo
pošumiti	-iti	visoka	pošumili
pošumiti	-iti	visoka	pošumile
požnjeti	-eti	proveri	požnjim
požnjeti	-eti	proveri	požnjiš
požnjeti	-eti	proveri	požnji
požnjeti	-eti	proveri	požnjimo
požnjeti	-eti	proveri	požnjite
požnjeti	-eti	proveri	požnjela
požnjeti	-eti	proveri	požnjelo
požnjeti	-eti	proveri	požnjele
prakticirati	-irati	visoka	prakticiram
prakticirati	-irati	visoka	prakticiraš
prakticirati	-irati	visoka	prakticira
prakticirati	-irati	visoka	prakticiramo
prakticirati	-irati	visoka	prakticirate
prakticirati	-irati	visoka	prakticiraju
prakticirati	-irati	visoka	prakticirala
prakticirati	-irati	visoka	prakticiralo
prakticirati	-irati	visoka	prakticirali
prakticirati	-irati	visoka	prakticirale
prakticirati	-irati	visoka	prakticiraj
prakticirati	-irati	visoka	prakticirajte
prasnuti	-nuti	visoka	prasneš
prasnuti	-nuti	visoka	prasnemo
prasnuti	-nuti	visoka	prasnete
prasnuti	-nuti	visoka	prasnulo
prasnuti	-nuti	visoka	prasnuli
prasnuti	-nuti	visoka	prasnule
prasnuti	-nuti	visoka	prasni
prasnuti	-nuti	visoka	prasnite
pravcati	-ati/-eti (obrazac -em, pročitan iz rečnika)	visoka	pravceš
pravcati	-ati/-eti (obrazac -em, pročitan iz rečnika)	visoka	pravcemo
pravcati	-ati/-eti (obrazac -em, pročitan iz rečnika)	visoka	pravcete
pravcati	-ati/-eti (obrazac -em, pročitan iz rečnika)	visoka	pravcite
pravcati	-ati/-eti (obrazac -em, pročitan iz rečnika)	visoka	pravcao
pravcati	-ati/-eti (obrazac -em, pročitan iz rečnika)	visoka	pravcala
pravcati	-ati/-eti (obrazac -em, pročitan iz rečnika)	visoka	pravcalo
pravcati	-ati/-eti (obrazac -em, pročitan iz rečnika)	visoka	pravcali
pravcati	-ati/-eti (obrazac -em, pročitan iz rečnika)	visoka	pravcale
praćakati	-ati/-eti (obrazac NEPOZNAT: nema oblika prezenta u rečniku)	odluči ti	praćakala
praćakati	-ati/-eti (obrazac NEPOZNAT: nema oblika prezenta u rečniku)	odluči ti	praćakalo
praćakati	-ati/-eti (obrazac NEPOZNAT: nema oblika prezenta u rečniku)	odluči ti	praćakali
praćakati	-ati/-eti (obrazac NEPOZNAT: nema oblika prezenta u rečniku)	odluči ti	praćakale
prdnuti	-nuti	visoka	prdnem
prdnuti	-nuti	visoka	prdneš
prdnuti	-nuti	visoka	prdne
prdnuti	-nuti	visoka	prdnemo
prdnuti	-nuti	visoka	prdnete
prdnuti	-nuti	visoka	prdnu
prdnuti	-nuti	visoka	prdnulo
prdnuti	-nuti	visoka	prdnule
prdnuti	-nuti	visoka	prdni
prdnuti	-nuti	visoka	prdnite
prebrati	-ati/-eti (obrazac NEPOZNAT: nema oblika prezenta u rečniku)	odluči ti	prebrala
prebrati	-ati/-eti (obrazac NEPOZNAT: nema oblika prezenta u rečniku)	odluči ti	prebralo
prebrati	-ati/-eti (obrazac NEPOZNAT: nema oblika prezenta u rečniku)	odluči ti	prebrali
prebrati	-ati/-eti (obrazac NEPOZNAT: nema oblika prezenta u rečniku)	odluči ti	prebrale
prebrinuti	-nuti	visoka	prebrine
prebrinuti	-nuti	visoka	prebrinemo
prebrinuti	-nuti	visoka	prebrinete
prebrinuti	-nuti	visoka	prebrinu
prebrinuti	-nuti	visoka	prebrinulo
prebrinuti	-nuti	visoka	prebrinuli
prebrinuti	-nuti	visoka	prebrinule
prebrinuti	-nuti	visoka	prebrini
prebrinuti	-nuti	visoka	prebrinite
precenjivati	-ati/-eti (obrazac NEPOZNAT: nema oblika prezenta u rečniku)	odluči ti	precenjivala
precenjivati	-ati/-eti (obrazac NEPOZNAT: nema oblika prezenta u rečniku)	odluči ti	precenjivalo
precenjivati	-ati/-eti (obrazac NEPOZNAT: nema oblika prezenta u rečniku)	odluči ti	precenjivali
precenjivati	-ati/-eti (obrazac NEPOZNAT: nema oblika prezenta u rečniku)	odluči ti	precenjivale
precepiti	-iti	visoka	precepim
precepiti	-iti	visoka	precepiš
precepiti	-iti	visoka	precepi
precepiti	-iti	visoka	precepimo
precepiti	-iti	visoka	precepite
precepiti	-iti	visoka	precepe
precepiti	-iti	visoka	precepila
precepiti	-iti	visoka	precepilo
precepiti	-iti	visoka	precepili
precepiti	-iti	visoka	precepile
precizirati	-irati	visoka	preciziraš
precizirati	-irati	visoka	preciziramo
precizirati	-irati	visoka	precizirate
precizirati	-irati	visoka	preciziraju
precizirati	-irati	visoka	precizirala
precizirati	-irati	visoka	preciziralo
precizirati	-irati	visoka	precizirali
precizirati	-irati	visoka	precizirale
precizirati	-irati	visoka	preciziraj
precizirati	-irati	visoka	precizirajte
precrtavati	-ati/-eti (obrazac -am, pročitan iz rečnika)	visoka	precrtavaš
precrtavati	-ati/-eti (obrazac -am, pročitan iz rečnika)	visoka	precrtavamo
precrtavati	-ati/-eti (obrazac -am, pročitan iz rečnika)	visoka	precrtavaju
precrtavati	-ati/-eti (obrazac -am, pročitan iz rečnika)	visoka	precrtavaj
precrtavati	-ati/-eti (obrazac -am, pročitan iz rečnika)	visoka	precrtavajte
precrtavati	-ati/-eti (obrazac -am, pročitan iz rečnika)	visoka	precrtavala
precrtavati	-ati/-eti (obrazac -am, pročitan iz rečnika)	visoka	precrtavalo
precrtavati	-ati/-eti (obrazac -am, pročitan iz rečnika)	visoka	precrtavali
precrtavati	-ati/-eti (obrazac -am, pročitan iz rečnika)	visoka	precrtavale
predaniti	-iti	visoka	predaniš
predaniti	-iti	visoka	predanite
predaniti	-iti	visoka	predanio
predaniti	-iti	visoka	predanila
predaniti	-iti	visoka	predanilo
predaniti	-iti	visoka	predanili
predaniti	-iti	visoka	predanile
predosetiti	-iti	visoka	predosetim
predosetiti	-iti	visoka	predosetiš
predosetiti	-iti	visoka	predoseti
predosetiti	-iti	visoka	predosetimo
predosetiti	-iti	visoka	predosetite
predosetiti	-iti	visoka	predosete
predosetiti	-iti	visoka	predosetilo
predosetiti	-iti	visoka	predosetili
predosetiti	-iti	visoka	predosetile
predočavati	-ati/-eti (obrazac -am, pročitan iz rečnika)	visoka	predočavaš
predočavati	-ati/-eti (obrazac -am, pročitan iz rečnika)	visoka	predočavamo
predočavati	-ati/-eti (obrazac -am, pročitan iz rečnika)	visoka	predočavate
predočavati	-ati/-eti (obrazac -am, pročitan iz rečnika)	visoka	predočavaju
predočavati	-ati/-eti (obrazac -am, pročitan iz rečnika)	visoka	predočavaj
predočavati	-ati/-eti (obrazac -am, pročitan iz rečnika)	visoka	predočavajte
predočavati	-ati/-eti (obrazac -am, pročitan iz rečnika)	visoka	predočavala
predočavati	-ati/-eti (obrazac -am, pročitan iz rečnika)	visoka	predočavali
predočavati	-ati/-eti (obrazac -am, pročitan iz rečnika)	visoka	predočavale
predsedavati	-ati/-eti (obrazac -am, pročitan iz rečnika)	visoka	predsedavaš
predsedavati	-ati/-eti (obrazac -am, pročitan iz rečnika)	visoka	predsedavamo
predsedavati	-ati/-eti (obrazac -am, pročitan iz rečnika)	visoka	predsedavate
predsedavati	-ati/-eti (obrazac -am, pročitan iz rečnika)	visoka	predsedavaju
predsedavati	-ati/-eti (obrazac -am, pročitan iz rečnika)	visoka	predsedavaj
predsedavati	-ati/-eti (obrazac -am, pročitan iz rečnika)	visoka	predsedavajte
predsedavati	-ati/-eti (obrazac -am, pročitan iz rečnika)	visoka	predsedavala
predsedavati	-ati/-eti (obrazac -am, pročitan iz rečnika)	visoka	predsedavalo
predsedavati	-ati/-eti (obrazac -am, pročitan iz rečnika)	visoka	predsedavali
predsedavati	-ati/-eti (obrazac -am, pročitan iz rečnika)	visoka	predsedavale
predskazati	-ati/-eti (obrazac NEPOZNAT: nema oblika prezenta u rečniku)	odluči ti	predskazala
predskazati	-ati/-eti (obrazac NEPOZNAT: nema oblika prezenta u rečniku)	odluči ti	predskazalo
predskazati	-ati/-eti (obrazac NEPOZNAT: nema oblika prezenta u rečniku)	odluči ti	predskazali
predskazati	-ati/-eti (obrazac NEPOZNAT: nema oblika prezenta u rečniku)	odluči ti	predskazale
pregibati	-ati/-eti (obrazac NEPOZNAT: nema oblika prezenta u rečniku)	odluči ti	pregibala
pregibati	-ati/-eti (obrazac NEPOZNAT: nema oblika prezenta u rečniku)	odluči ti	pregibalo
pregibati	-ati/-eti (obrazac NEPOZNAT: nema oblika prezenta u rečniku)	odluči ti	pregibali
pregibati	-ati/-eti (obrazac NEPOZNAT: nema oblika prezenta u rečniku)	odluči ti	pregibale
pregladneti	-eti	proveri	pregladnim
pregladneti	-eti	proveri	pregladniš
pregladneti	-eti	proveri	pregladnimo
pregladneti	-eti	proveri	pregladnite
pregladneti	-eti	proveri	pregladne
pregladneti	-eti	proveri	pregladnela
pregladneti	-eti	proveri	pregladnelo
pregladneti	-eti	proveri	pregladneli
pregladneti	-eti	proveri	pregladnele
pregoniti	-iti	visoka	pregoniš
pregoniti	-iti	visoka	pregonimo
pregoniti	-iti	visoka	pregonite
pregoniti	-iti	visoka	pregone
pregoniti	-iti	visoka	pregonio
pregoniti	-iti	visoka	pregonila
pregoniti	-iti	visoka	pregonilo
pregoniti	-iti	visoka	pregonili
pregoniti	-iti	visoka	pregonile
pregrmeti	-eti	proveri	pregrmim
pregrmeti	-eti	proveri	pregrmiš
pregrmeti	-eti	proveri	pregrmi
pregrmeti	-eti	proveri	pregrmimo
pregrmeti	-eti	proveri	pregrmite
pregrmeti	-eti	proveri	pregrme
pregrmeti	-eti	proveri	pregrmela
pregrmeti	-eti	proveri	pregrmelo
pregrmeti	-eti	proveri	pregrmele
preimenovati	-ovati	visoka	preimenujem
preimenovati	-ovati	visoka	preimenuješ
preimenovati	-ovati	visoka	preimenujemo
preimenovati	-ovati	visoka	preimenujete
preimenovati	-ovati	visoka	preimenovala
preimenovati	-ovati	visoka	preimenovalo
preimenovati	-ovati	visoka	preimenovale
preimenovati	-ovati	visoka	preimenujte
preispitivati	-ati/-eti (obrazac NEPOZNAT: nema oblika prezenta u rečniku)	odluči ti	preispitivalo
preispitivati	-ati/-eti (obrazac NEPOZNAT: nema oblika prezenta u rečniku)	odluči ti	preispitivali
preispitivati	-ati/-eti (obrazac NEPOZNAT: nema oblika prezenta u rečniku)	odluči ti	preispitivale
prekardašiti	-iti	visoka	prekardašiš
prekardašiti	-iti	visoka	prekardaši
prekardašiti	-iti	visoka	prekardašimo
prekardašiti	-iti	visoka	prekardašite
prekardašiti	-iti	visoka	prekardaše
prekardašiti	-iti	visoka	prekardašila
prekardašiti	-iti	visoka	prekardašilo
prekardašiti	-iti	visoka	prekardašile
prekiniti	-iti	visoka	prekinim
prekiniti	-iti	visoka	prekiniš
prekiniti	-iti	visoka	prekinio
prekiniti	-iti	visoka	prekinila
prekiniti	-iti	visoka	prekinilo
prekiniti	-iti	visoka	prekinili
prekiniti	-iti	visoka	prekinile
prekipeti	-eti	proveri	prekipim
prekipeti	-eti	proveri	prekipiš
prekipeti	-eti	proveri	prekipimo
prekipeti	-eti	proveri	prekipite
prekipeti	-eti	proveri	prekipela
prekipeti	-eti	proveri	prekipeli
prekipeti	-eti	proveri	prekipele
preklati	-ati/-eti (obrazac NEPOZNAT: nema oblika prezenta u rečniku)	odluči ti	preklalo
preklati	-ati/-eti (obrazac NEPOZNAT: nema oblika prezenta u rečniku)	odluči ti	preklali
preklati	-ati/-eti (obrazac NEPOZNAT: nema oblika prezenta u rečniku)	odluči ti	preklale
prekopavati	-ati/-eti (obrazac NEPOZNAT: nema oblika prezenta u rečniku)	odluči ti	prekopavala
prekopavati	-ati/-eti (obrazac NEPOZNAT: nema oblika prezenta u rečniku)	odluči ti	prekopavalo
prekopavati	-ati/-eti (obrazac NEPOZNAT: nema oblika prezenta u rečniku)	odluči ti	prekopavali
prekopavati	-ati/-eti (obrazac NEPOZNAT: nema oblika prezenta u rečniku)	odluči ti	prekopavale
prekrati	-ati/-eti (obrazac NEPOZNAT: nema oblika prezenta u rečniku)	odluči ti	prekrao
prekrati	-ati/-eti (obrazac NEPOZNAT: nema oblika prezenta u rečniku)	odluči ti	prekrala
prekrati	-ati/-eti (obrazac NEPOZNAT: nema oblika prezenta u rečniku)	odluči ti	prekralo
prekrati	-ati/-eti (obrazac NEPOZNAT: nema oblika prezenta u rečniku)	odluči ti	prekrali
prekrati	-ati/-eti (obrazac NEPOZNAT: nema oblika prezenta u rečniku)	odluči ti	prekrale
prekucati	-ati/-eti (obrazac -am, pročitan iz rečnika)	visoka	prekucaš
prekucati	-ati/-eti (obrazac -am, pročitan iz rečnika)	visoka	prekucamo
prekucati	-ati/-eti (obrazac -am, pročitan iz rečnika)	visoka	prekucate
prekucati	-ati/-eti (obrazac -am, pročitan iz rečnika)	visoka	prekucaju
prekucati	-ati/-eti (obrazac -am, pročitan iz rečnika)	visoka	prekucaj
prekucati	-ati/-eti (obrazac -am, pročitan iz rečnika)	visoka	prekucajte
prekucati	-ati/-eti (obrazac -am, pročitan iz rečnika)	visoka	prekucala
prekucati	-ati/-eti (obrazac -am, pročitan iz rečnika)	visoka	prekucalo
prekucati	-ati/-eti (obrazac -am, pročitan iz rečnika)	visoka	prekucali
prekucati	-ati/-eti (obrazac -am, pročitan iz rečnika)	visoka	prekucale
prelati	-ati/-eti (obrazac NEPOZNAT: nema oblika prezenta u rečniku)	odluči ti	prelao
prelati	-ati/-eti (obrazac NEPOZNAT: nema oblika prezenta u rečniku)	odluči ti	prelala
prelati	-ati/-eti (obrazac NEPOZNAT: nema oblika prezenta u rečniku)	odluči ti	prelalo
prelati	-ati/-eti (obrazac NEPOZNAT: nema oblika prezenta u rečniku)	odluči ti	prelali
prelati	-ati/-eti (obrazac NEPOZNAT: nema oblika prezenta u rečniku)	odluči ti	prelale
preleti	-eti	proveri	prelim
preleti	-eti	proveri	preliš
preleti	-eti	proveri	preli
preleti	-eti	proveri	prelimo
preleti	-eti	proveri	prelite
preleti	-eti	proveri	preleo
preleti	-eti	proveri	prelela
preleti	-eti	proveri	prelelo
preleti	-eti	proveri	preleli
preleti	-eti	proveri	prelele
prelistavati	-ati/-eti (obrazac -am, pročitan iz rečnika)	visoka	prelistavaš
prelistavati	-ati/-eti (obrazac -am, pročitan iz rečnika)	visoka	prelistavamo
prelistavati	-ati/-eti (obrazac -am, pročitan iz rečnika)	visoka	prelistavate
prelistavati	-ati/-eti (obrazac -am, pročitan iz rečnika)	visoka	prelistavaju
prelistavati	-ati/-eti (obrazac -am, pročitan iz rečnika)	visoka	prelistavaj
prelistavati	-ati/-eti (obrazac -am, pročitan iz rečnika)	visoka	prelistavajte
prelistavati	-ati/-eti (obrazac -am, pročitan iz rečnika)	visoka	prelistavalo
prelistavati	-ati/-eti (obrazac -am, pročitan iz rečnika)	visoka	prelistavale
preložiti	-iti	visoka	preložiš
preložiti	-iti	visoka	preložimo
preložiti	-iti	visoka	preložite
preložiti	-iti	visoka	prelože
preložiti	-iti	visoka	preložio
preložiti	-iti	visoka	preložila
preložiti	-iti	visoka	preložilo
preložiti	-iti	visoka	preložili
preložiti	-iti	visoka	preložile
premazati	-ati/-eti (obrazac NEPOZNAT: nema oblika prezenta u rečniku)	odluči ti	premazala
premazati	-ati/-eti (obrazac NEPOZNAT: nema oblika prezenta u rečniku)	odluči ti	premazalo
premazati	-ati/-eti (obrazac NEPOZNAT: nema oblika prezenta u rečniku)	odluči ti	premazale
premašati	-ati/-eti (obrazac NEPOZNAT: nema oblika prezenta u rečniku)	odluči ti	premašao
premašati	-ati/-eti (obrazac NEPOZNAT: nema oblika prezenta u rečniku)	odluči ti	premašalo
premašati	-ati/-eti (obrazac NEPOZNAT: nema oblika prezenta u rečniku)	odluči ti	premašali
premašati	-ati/-eti (obrazac NEPOZNAT: nema oblika prezenta u rečniku)	odluči ti	premašale
premeravati	-ati/-eti (obrazac NEPOZNAT: nema oblika prezenta u rečniku)	odluči ti	premeravala
premeravati	-ati/-eti (obrazac NEPOZNAT: nema oblika prezenta u rečniku)	odluči ti	premeravalo
premeravati	-ati/-eti (obrazac NEPOZNAT: nema oblika prezenta u rečniku)	odluči ti	premeravali
premeravati	-ati/-eti (obrazac NEPOZNAT: nema oblika prezenta u rečniku)	odluči ti	premeravale
premeriti	-iti	visoka	premeriš
premeriti	-iti	visoka	premerimo
premeriti	-iti	visoka	premerite
premeriti	-iti	visoka	premerila
premeriti	-iti	visoka	premerilo
premeriti	-iti	visoka	premerili
premeriti	-iti	visoka	premerile
premetati	-ati/-eti (obrazac -pal, pročitan iz rečnika)	visoka	premećeš
premetati	-ati/-eti (obrazac -pal, pročitan iz rečnika)	visoka	premećemo
premetati	-ati/-eti (obrazac -pal, pročitan iz rečnika)	visoka	premećete
premetati	-ati/-eti (obrazac -pal, pročitan iz rečnika)	visoka	premeći
premetati	-ati/-eti (obrazac -pal, pročitan iz rečnika)	visoka	premećite
premetati	-ati/-eti (obrazac -pal, pročitan iz rečnika)	visoka	premetalo
premetati	-ati/-eti (obrazac -pal, pročitan iz rečnika)	visoka	premetali
premetati	-ati/-eti (obrazac -pal, pročitan iz rečnika)	visoka	premetale
premetnuti	-nuti	visoka	premetnem
premetnuti	-nuti	visoka	premetneš
premetnuti	-nuti	visoka	premetne
premetnuti	-nuti	visoka	premetnemo
premetnuti	-nuti	visoka	premetnete
premetnuti	-nuti	visoka	premetnuli
premetnuti	-nuti	visoka	premetnule
premetnuti	-nuti	visoka	premetni
premetnuti	-nuti	visoka	premetnite
premrežiti	-iti	visoka	premrežim
premrežiti	-iti	visoka	premrežiš
premrežiti	-iti	visoka	premreži
premrežiti	-iti	visoka	premrežimo
premrežiti	-iti	visoka	premrežite
premrežiti	-iti	visoka	premrežilo
premrežiti	-iti	visoka	premrežile
preneraziti	-iti	visoka	prenerazim
preneraziti	-iti	visoka	preneraziš
preneraziti	-iti	visoka	prenerazimo
preneraziti	-iti	visoka	prenerazite
preneraziti	-iti	visoka	prenerazila
preneraziti	-iti	visoka	prenerazilo
preneraziti	-iti	visoka	prenerazile
preniti	-iti	visoka	prenim
preniti	-iti	visoka	preniš
preniti	-iti	visoka	preni
preniti	-iti	visoka	prenite
preniti	-iti	visoka	prenila
preniti	-iti	visoka	prenilo
preniti	-iti	visoka	prenili
preniti	-iti	visoka	prenile
preoblačiti	-iti	visoka	preoblačiš
preoblačiti	-iti	visoka	preoblačimo
preoblačiti	-iti	visoka	preoblačite
preoblačiti	-iti	visoka	preoblačio
preoblačiti	-iti	visoka	preoblačila
preoblačiti	-iti	visoka	preoblačilo
preoblačiti	-iti	visoka	preoblačili
preoblačiti	-iti	visoka	preoblačile
preoblikovati	-ovati	visoka	preoblikujem
preoblikovati	-ovati	visoka	preoblikuješ
preoblikovati	-ovati	visoka	preoblikujemo
preoblikovati	-ovati	visoka	preoblikujete
preoblikovati	-ovati	visoka	preoblikuju
preoblikovati	-ovati	visoka	preoblikovao
preoblikovati	-ovati	visoka	preoblikovala
preoblikovati	-ovati	visoka	preoblikovalo
preoblikovati	-ovati	visoka	preoblikovali
preoblikovati	-ovati	visoka	preoblikovale
preoblikovati	-ovati	visoka	preoblikuj
preoblikovati	-ovati	visoka	preoblikujte
preobražavati	-ati/-eti (obrazac NEPOZNAT: nema oblika prezenta u rečniku)	odluči ti	preobražavala
preobražavati	-ati/-eti (obrazac NEPOZNAT: nema oblika prezenta u rečniku)	odluči ti	preobražavalo
preobražavati	-ati/-eti (obrazac NEPOZNAT: nema oblika prezenta u rečniku)	odluči ti	preobražavali
preokretati	-ati/-eti (obrazac -pal, pročitan iz rečnika)	visoka	preokrećem
preokretati	-ati/-eti (obrazac -pal, pročitan iz rečnika)	visoka	preokrećemo
preokretati	-ati/-eti (obrazac -pal, pročitan iz rečnika)	visoka	preokrećete
preokretati	-ati/-eti (obrazac -pal, pročitan iz rečnika)	visoka	preokrećite
preokretati	-ati/-eti (obrazac -pal, pročitan iz rečnika)	visoka	preokretala
preokretati	-ati/-eti (obrazac -pal, pročitan iz rečnika)	visoka	preokretalo
preokretati	-ati/-eti (obrazac -pal, pročitan iz rečnika)	visoka	preokretali
preokretati	-ati/-eti (obrazac -pal, pročitan iz rečnika)	visoka	preokretale
preoravati	-ati/-eti (obrazac NEPOZNAT: nema oblika prezenta u rečniku)	odluči ti	preoravala
preoravati	-ati/-eti (obrazac NEPOZNAT: nema oblika prezenta u rečniku)	odluči ti	preoravalo
preoravati	-ati/-eti (obrazac NEPOZNAT: nema oblika prezenta u rečniku)	odluči ti	preoravali
preoravati	-ati/-eti (obrazac NEPOZNAT: nema oblika prezenta u rečniku)	odluči ti	preoravale
preoteti	-eti	proveri	preotim
preoteti	-eti	proveri	preotiš
preoteti	-eti	proveri	preoti
preoteti	-eti	proveri	preotimo
preoteti	-eti	proveri	preotite
preoteti	-eti	proveri	preote
preoteti	-eti	proveri	preotele
preovladati	-ati/-eti (obrazac NEPOZNAT: nema oblika prezenta u rečniku)	odluči ti	preovladalo
preovladati	-ati/-eti (obrazac NEPOZNAT: nema oblika prezenta u rečniku)	odluči ti	preovladali
preovladati	-ati/-eti (obrazac NEPOZNAT: nema oblika prezenta u rečniku)	odluči ti	preovladale
prepadnuti	-nuti	visoka	prepadnete
prepadnuti	-nuti	visoka	prepadnuo
prepadnuti	-nuti	visoka	prepadnula
prepadnuti	-nuti	visoka	prepadnulo
prepadnuti	-nuti	visoka	prepadnuli
prepadnuti	-nuti	visoka	prepadnule
prepadnuti	-nuti	visoka	prepadni
prepadnuti	-nuti	visoka	prepadnite
preparirati	-irati	visoka	prepariraš
preparirati	-irati	visoka	prepariramo
preparirati	-irati	visoka	preparirate
preparirati	-irati	visoka	prepariraju
preparirati	-irati	visoka	preparirala
preparirati	-irati	visoka	prepariralo
preparirati	-irati	visoka	preparirali
preparirati	-irati	visoka	preparirale
preparirati	-irati	visoka	prepariraj
preparirati	-irati	visoka	preparirajte
prepeti	-eti	proveri	prepim
prepeti	-eti	proveri	prepiš
prepeti	-eti	proveri	prepi
prepeti	-eti	proveri	prepimo
prepeti	-eti	proveri	prepite
prepeti	-eti	proveri	prepe
prepeti	-eti	proveri	prepeo
prepeti	-eti	proveri	prepela
prepeti	-eti	proveri	prepelo
prepeti	-eti	proveri	prepeli
prepeti	-eti	proveri	prepele
prepešačiti	-iti	visoka	prepešačim
prepešačiti	-iti	visoka	prepešačiš
prepešačiti	-iti	visoka	prepešači
prepešačiti	-iti	visoka	prepešačimo
prepešačiti	-iti	visoka	prepešačite
prepešačiti	-iti	visoka	prepešače
prepešačiti	-iti	visoka	prepešačila
prepešačiti	-iti	visoka	prepešačilo
prepešačiti	-iti	visoka	prepešačile
prepirati	-irati	visoka	prepiram
prepirati	-irati	visoka	prepiraš
prepirati	-irati	visoka	prepira
prepirati	-irati	visoka	prepiramo
prepirati	-irati	visoka	prepirate
prepirati	-irati	visoka	prepiraju
prepirati	-irati	visoka	prepiraj
prepirati	-irati	visoka	prepirajte
preplanuti	-nuti	visoka	preplanem
preplanuti	-nuti	visoka	preplaneš
preplanuti	-nuti	visoka	preplane
preplanuti	-nuti	visoka	preplanemo
preplanuti	-nuti	visoka	preplanete
preplanuti	-nuti	visoka	preplanu
preplanuti	-nuti	visoka	preplani
preplanuti	-nuti	visoka	preplanite
preplatiti	-iti	visoka	preplatim
preplatiti	-iti	visoka	preplatiš
preplatiti	-iti	visoka	preplati
preplatiti	-iti	visoka	preplatimo
preplatiti	-iti	visoka	preplatite
preplatiti	-iti	visoka	preplate
preplatiti	-iti	visoka	preplatila
preplatiti	-iti	visoka	preplatilo
preplatiti	-iti	visoka	preplatili
preplatiti	-iti	visoka	preplatile
preploviti	-iti	visoka	preplovim
preploviti	-iti	visoka	preploviš
preploviti	-iti	visoka	preplovi
preploviti	-iti	visoka	preplovimo
preploviti	-iti	visoka	preplovite
preploviti	-iti	visoka	preplove
preploviti	-iti	visoka	preplovilo
preploviti	-iti	visoka	preplovili
preploviti	-iti	visoka	preplovile
prepravljati	-ati/-eti (obrazac -am, pročitan iz rečnika)	visoka	prepravljamo
prepravljati	-ati/-eti (obrazac -am, pročitan iz rečnika)	visoka	prepravljate
prepravljati	-ati/-eti (obrazac -am, pročitan iz rečnika)	visoka	prepravljaj
prepravljati	-ati/-eti (obrazac -am, pročitan iz rečnika)	visoka	prepravljajte
prepravljati	-ati/-eti (obrazac -am, pročitan iz rečnika)	visoka	prepravljala
prepravljati	-ati/-eti (obrazac -am, pročitan iz rečnika)	visoka	prepravljalo
prepravljati	-ati/-eti (obrazac -am, pročitan iz rečnika)	visoka	prepravljali
prepravljati	-ati/-eti (obrazac -am, pročitan iz rečnika)	visoka	prepravljale
preprodati	-ati/-eti (obrazac NEPOZNAT: nema oblika prezenta u rečniku)	odluči ti	preprodalo
preprodati	-ati/-eti (obrazac NEPOZNAT: nema oblika prezenta u rečniku)	odluči ti	preprodali
preprodati	-ati/-eti (obrazac NEPOZNAT: nema oblika prezenta u rečniku)	odluči ti	preprodale
preprodavati	-ati/-eti (obrazac NEPOZNAT: nema oblika prezenta u rečniku)	odluči ti	preprodavala
preprodavati	-ati/-eti (obrazac NEPOZNAT: nema oblika prezenta u rečniku)	odluči ti	preprodavalo
preprodavati	-ati/-eti (obrazac NEPOZNAT: nema oblika prezenta u rečniku)	odluči ti	preprodavali
preprodavati	-ati/-eti (obrazac NEPOZNAT: nema oblika prezenta u rečniku)	odluči ti	preprodavale
prerađivati	-ati/-eti (obrazac NEPOZNAT: nema oblika prezenta u rečniku)	odluči ti	prerađivala
prerađivati	-ati/-eti (obrazac NEPOZNAT: nema oblika prezenta u rečniku)	odluči ti	prerađivalo
prerađivati	-ati/-eti (obrazac NEPOZNAT: nema oblika prezenta u rečniku)	odluči ti	prerađivali
prerađivati	-ati/-eti (obrazac NEPOZNAT: nema oblika prezenta u rečniku)	odluči ti	prerađivale
presamititi	-iti	visoka	presamitim
presamititi	-iti	visoka	presamitiš
presamititi	-iti	visoka	presamitimo
presamititi	-iti	visoka	presamitite
presamititi	-iti	visoka	presamitila
presamititi	-iti	visoka	presamitilo
presamititi	-iti	visoka	presamitili
presamititi	-iti	visoka	presamitile
presaviti	-iti	visoka	presavim
presaviti	-iti	visoka	presaviš
presaviti	-iti	visoka	presavimo
presaviti	-iti	visoka	presavite
presaviti	-iti	visoka	presave
presaviti	-iti	visoka	presavilo
presaviti	-iti	visoka	presavili
presaviti	-iti	visoka	presavile
preseljavati	-ati/-eti (obrazac NEPOZNAT: nema oblika prezenta u rečniku)	odluči ti	preseljavala
preseljavati	-ati/-eti (obrazac NEPOZNAT: nema oblika prezenta u rečniku)	odluči ti	preseljavalo
preseljavati	-ati/-eti (obrazac NEPOZNAT: nema oblika prezenta u rečniku)	odluči ti	preseljavale
presijavati	-ati/-eti (obrazac NEPOZNAT: nema oblika prezenta u rečniku)	odluči ti	presijavala
presijavati	-ati/-eti (obrazac NEPOZNAT: nema oblika prezenta u rečniku)	odluči ti	presijavalo
presijavati	-ati/-eti (obrazac NEPOZNAT: nema oblika prezenta u rečniku)	odluči ti	presijavali
presijavati	-ati/-eti (obrazac NEPOZNAT: nema oblika prezenta u rečniku)	odluči ti	presijavale
presiti	-iti	visoka	presim
presiti	-iti	visoka	presiš
presiti	-iti	visoka	presi
presiti	-iti	visoka	presimo
presiti	-iti	visoka	presio
presiti	-iti	visoka	presila
presiti	-iti	visoka	presilo
presiti	-iti	visoka	presili
presiti	-iti	visoka	presile
preslikati	-ati/-eti (obrazac NEPOZNAT: nema oblika prezenta u rečniku)	odluči ti	preslikalo
preslikati	-ati/-eti (obrazac NEPOZNAT: nema oblika prezenta u rečniku)	odluči ti	preslikali
preslikati	-ati/-eti (obrazac NEPOZNAT: nema oblika prezenta u rečniku)	odluči ti	preslikale
preslušavati	-ati/-eti (obrazac -am, pročitan iz rečnika)	visoka	preslušavamo
preslušavati	-ati/-eti (obrazac -am, pročitan iz rečnika)	visoka	preslušavate
preslušavati	-ati/-eti (obrazac -am, pročitan iz rečnika)	visoka	preslušavaju
preslušavati	-ati/-eti (obrazac -am, pročitan iz rečnika)	visoka	preslušavaj
preslušavati	-ati/-eti (obrazac -am, pročitan iz rečnika)	visoka	preslušavajte
preslušavati	-ati/-eti (obrazac -am, pročitan iz rečnika)	visoka	preslušavala
preslušavati	-ati/-eti (obrazac -am, pročitan iz rečnika)	visoka	preslušavalo
preslušavati	-ati/-eti (obrazac -am, pročitan iz rečnika)	visoka	preslušavali
preslušavati	-ati/-eti (obrazac -am, pročitan iz rečnika)	visoka	preslušavale
presnimiti	-iti	visoka	presnimim
presnimiti	-iti	visoka	presnimiš
presnimiti	-iti	visoka	presnimi
presnimiti	-iti	visoka	presnimimo
presnimiti	-iti	visoka	presnimite
presnimiti	-iti	visoka	presnime
presnimiti	-iti	visoka	presnimila
presnimiti	-iti	visoka	presnimilo
presnimiti	-iti	visoka	presnimili
presnimiti	-iti	visoka	presnimile
prespojiti	-iti	visoka	prespojiš
prespojiti	-iti	visoka	prespojimo
prespojiti	-iti	visoka	prespojite
prespojiti	-iti	visoka	prespoje
prespojiti	-iti	visoka	prespojila
prespojiti	-iti	visoka	prespojilo
prespojiti	-iti	visoka	prespojili
prespojiti	-iti	visoka	prespojile
presretati	-ati/-eti (obrazac NEPOZNAT: nema oblika prezenta u rečniku)	odluči ti	presretala
presretati	-ati/-eti (obrazac NEPOZNAT: nema oblika prezenta u rečniku)	odluči ti	presretalo
presretati	-ati/-eti (obrazac NEPOZNAT: nema oblika prezenta u rečniku)	odluči ti	presretale
presvisnuti	-nuti	visoka	presvisnem
presvisnuti	-nuti	visoka	presvisneš
presvisnuti	-nuti	visoka	presvisnemo
presvisnuti	-nuti	visoka	presvisnete
presvisnuti	-nuti	visoka	presvisnula
presvisnuti	-nuti	visoka	presvisnulo
presvisnuti	-nuti	visoka	presvisnuli
presvisnuti	-nuti	visoka	presvisnule
presvisnuti	-nuti	visoka	presvisni
presvisnuti	-nuti	visoka	presvisnite
pretakati	-ati/-eti (obrazac NEPOZNAT: nema oblika prezenta u rečniku)	odluči ti	pretakalo
pretakati	-ati/-eti (obrazac NEPOZNAT: nema oblika prezenta u rečniku)	odluči ti	pretakali
pretakati	-ati/-eti (obrazac NEPOZNAT: nema oblika prezenta u rečniku)	odluči ti	pretakale
pretendirati	-irati	visoka	pretendiram
pretendirati	-irati	visoka	pretendiraš
pretendirati	-irati	visoka	pretendiramo
pretendirati	-irati	visoka	pretendirate
pretendirati	-irati	visoka	pretendiraju
pretendirati	-irati	visoka	pretendirao
pretendirati	-irati	visoka	pretendirala
pretendirati	-irati	visoka	pretendiralo
pretendirati	-irati	visoka	pretendirali
pretendirati	-irati	visoka	pretendirale
pretendirati	-irati	visoka	pretendiraj
pretendirati	-irati	visoka	pretendirajte
pretendovati	-ovati	visoka	pretendujem
pretendovati	-ovati	visoka	pretenduješ
pretendovati	-ovati	visoka	pretendujemo
pretendovati	-ovati	visoka	pretendujete
pretendovati	-ovati	visoka	pretendovao
pretendovati	-ovati	visoka	pretendovala
pretendovati	-ovati	visoka	pretendovalo
pretendovati	-ovati	visoka	pretendovali
pretendovati	-ovati	visoka	pretendovale
pretendovati	-ovati	visoka	pretenduj
pretendovati	-ovati	visoka	pretendujte
preuređivati	-ati/-eti (obrazac NEPOZNAT: nema oblika prezenta u rečniku)	odluči ti	preuređivala
preuređivati	-ati/-eti (obrazac NEPOZNAT: nema oblika prezenta u rečniku)	odluči ti	preuređivalo
preuređivati	-ati/-eti (obrazac NEPOZNAT: nema oblika prezenta u rečniku)	odluči ti	preuređivali
preuređivati	-ati/-eti (obrazac NEPOZNAT: nema oblika prezenta u rečniku)	odluči ti	preuređivale
preusmeravati	-ati/-eti (obrazac -am, pročitan iz rečnika)	visoka	preusmeravaš
preusmeravati	-ati/-eti (obrazac -am, pročitan iz rečnika)	visoka	preusmeravate
preusmeravati	-ati/-eti (obrazac -am, pročitan iz rečnika)	visoka	preusmeravaj
preusmeravati	-ati/-eti (obrazac -am, pročitan iz rečnika)	visoka	preusmeravajte
preusmeravati	-ati/-eti (obrazac -am, pročitan iz rečnika)	visoka	preusmeravao
preusmeravati	-ati/-eti (obrazac -am, pročitan iz rečnika)	visoka	preusmeravala
preusmeravati	-ati/-eti (obrazac -am, pročitan iz rečnika)	visoka	preusmeravalo
preusmeravati	-ati/-eti (obrazac -am, pročitan iz rečnika)	visoka	preusmeravali
preusmeravati	-ati/-eti (obrazac -am, pročitan iz rečnika)	visoka	preusmeravale
prevaljivati	-ati/-eti (obrazac NEPOZNAT: nema oblika prezenta u rečniku)	odluči ti	prevaljivala
prevaljivati	-ati/-eti (obrazac NEPOZNAT: nema oblika prezenta u rečniku)	odluči ti	prevaljivalo
prevaljivati	-ati/-eti (obrazac NEPOZNAT: nema oblika prezenta u rečniku)	odluči ti	prevaljivali
prevaljivati	-ati/-eti (obrazac NEPOZNAT: nema oblika prezenta u rečniku)	odluči ti	prevaljivale
previti	-iti	visoka	previm
previti	-iti	visoka	previš
previti	-iti	visoka	previmo
previti	-iti	visoka	previte
previti	-iti	visoka	preve
previti	-iti	visoka	previlo
previti	-iti	visoka	previle
prevlačiti	-iti	visoka	prevlačim
prevlačiti	-iti	visoka	prevlačiš
prevlačiti	-iti	visoka	prevlačimo
prevlačiti	-iti	visoka	prevlačila
prevlačiti	-iti	visoka	prevlačilo
prevlačiti	-iti	visoka	prevlačili
prevlačiti	-iti	visoka	prevlačile
prevrati	-ati/-eti (obrazac NEPOZNAT: nema oblika prezenta u rečniku)	odluči ti	prevrao
prevrati	-ati/-eti (obrazac NEPOZNAT: nema oblika prezenta u rečniku)	odluči ti	prevrala
prevrati	-ati/-eti (obrazac NEPOZNAT: nema oblika prezenta u rečniku)	odluči ti	prevralo
prevrati	-ati/-eti (obrazac NEPOZNAT: nema oblika prezenta u rečniku)	odluči ti	prevrali
prevrati	-ati/-eti (obrazac NEPOZNAT: nema oblika prezenta u rečniku)	odluči ti	prevrale
prezdraviti	-iti	visoka	prezdravim
prezdraviti	-iti	visoka	prezdraviš
prezdraviti	-iti	visoka	prezdravimo
prezdraviti	-iti	visoka	prezdravite
prezdraviti	-iti	visoka	prezdravila
prezdraviti	-iti	visoka	prezdravilo
prezdraviti	-iti	visoka	prezdravili
prezdraviti	-iti	visoka	prezdravile
prezentovati	-ovati	visoka	prezentuješ
prezentovati	-ovati	visoka	prezentujete
prezentovati	-ovati	visoka	prezentovala
prezentovati	-ovati	visoka	prezentovalo
prezentovati	-ovati	visoka	prezentovali
prezentovati	-ovati	visoka	prezentovale
prezentovati	-ovati	visoka	prezentuj
prezentovati	-ovati	visoka	prezentujte
prezidati	-ati/-eti (obrazac NEPOZNAT: nema oblika prezenta u rečniku)	odluči ti	prezidala
prezidati	-ati/-eti (obrazac NEPOZNAT: nema oblika prezenta u rečniku)	odluči ti	prezidalo
prezidati	-ati/-eti (obrazac NEPOZNAT: nema oblika prezenta u rečniku)	odluči ti	prezidale
preznojavati	-ati/-eti (obrazac -am, pročitan iz rečnika)	visoka	preznojavamo
preznojavati	-ati/-eti (obrazac -am, pročitan iz rečnika)	visoka	preznojavate
preznojavati	-ati/-eti (obrazac -am, pročitan iz rečnika)	visoka	preznojavaju
preznojavati	-ati/-eti (obrazac -am, pročitan iz rečnika)	visoka	preznojavaj
preznojavati	-ati/-eti (obrazac -am, pročitan iz rečnika)	visoka	preznojavajte
preznojavati	-ati/-eti (obrazac -am, pročitan iz rečnika)	visoka	preznojavala
preznojavati	-ati/-eti (obrazac -am, pročitan iz rečnika)	visoka	preznojavalo
preznojavati	-ati/-eti (obrazac -am, pročitan iz rečnika)	visoka	preznojavali
preznojavati	-ati/-eti (obrazac -am, pročitan iz rečnika)	visoka	preznojavale
prečiti	-iti	visoka	prečiš
prečiti	-iti	visoka	prečimo
prečiti	-iti	visoka	prečite
prečiti	-iti	visoka	prečio
prečiti	-iti	visoka	prečilo
prečiti	-iti	visoka	prečili
prečiti	-iti	visoka	prečile
prhnuti	-nuti	visoka	prhnem
prhnuti	-nuti	visoka	prhneš
prhnuti	-nuti	visoka	prhne
prhnuti	-nuti	visoka	prhnemo
prhnuti	-nuti	visoka	prhnete
prhnuti	-nuti	visoka	prhnula
prhnuti	-nuti	visoka	prhnulo
prhnuti	-nuti	visoka	prhnuli
prhnuti	-nuti	visoka	prhni
prhnuti	-nuti	visoka	prhnite
pribavljati	-ati/-eti (obrazac -am, pročitan iz rečnika)	visoka	pribavljamo
pribavljati	-ati/-eti (obrazac -am, pročitan iz rečnika)	visoka	pribavljate
pribavljati	-ati/-eti (obrazac -am, pročitan iz rečnika)	visoka	pribavljaj
pribavljati	-ati/-eti (obrazac -am, pročitan iz rečnika)	visoka	pribavljajte
pribavljati	-ati/-eti (obrazac -am, pročitan iz rečnika)	visoka	pribavljao
pribavljati	-ati/-eti (obrazac -am, pročitan iz rečnika)	visoka	pribavljala
pribavljati	-ati/-eti (obrazac -am, pročitan iz rečnika)	visoka	pribavljalo
pribavljati	-ati/-eti (obrazac -am, pročitan iz rečnika)	visoka	pribavljale
pribijati	-ati/-eti (obrazac NEPOZNAT: nema oblika prezenta u rečniku)	odluči ti	pribijala
pribijati	-ati/-eti (obrazac NEPOZNAT: nema oblika prezenta u rečniku)	odluči ti	pribijalo
pribijati	-ati/-eti (obrazac NEPOZNAT: nema oblika prezenta u rečniku)	odluči ti	pribijale
pribiti	-iti	visoka	pribim
pribiti	-iti	visoka	pribiš
pribiti	-iti	visoka	pribimo
pribiti	-iti	visoka	pribite
pribiti	-iti	visoka	pribe
pribiti	-iti	visoka	pribilo
pribiti	-iti	visoka	pribile
pribojavati	-ati/-eti (obrazac -am, pročitan iz rečnika)	visoka	pribojavaš
pribojavati	-ati/-eti (obrazac -am, pročitan iz rečnika)	visoka	pribojavamo
pribojavati	-ati/-eti (obrazac -am, pročitan iz rečnika)	visoka	pribojavate
pribojavati	-ati/-eti (obrazac -am, pročitan iz rečnika)	visoka	pribojavaj
pribojavati	-ati/-eti (obrazac -am, pročitan iz rečnika)	visoka	pribojavajte
pribojavati	-ati/-eti (obrazac -am, pročitan iz rečnika)	visoka	pribojavalo
pribojavati	-ati/-eti (obrazac -am, pročitan iz rečnika)	visoka	pribojavali
pribojavati	-ati/-eti (obrazac -am, pročitan iz rečnika)	visoka	pribojavale
pribrojati	-ati/-eti (obrazac NEPOZNAT: nema oblika prezenta u rečniku)	odluči ti	pribrojala
pribrojati	-ati/-eti (obrazac NEPOZNAT: nema oblika prezenta u rečniku)	odluči ti	pribrojalo
pribrojati	-ati/-eti (obrazac NEPOZNAT: nema oblika prezenta u rečniku)	odluči ti	pribrojali
pribrojati	-ati/-eti (obrazac NEPOZNAT: nema oblika prezenta u rečniku)	odluči ti	pribrojale
pribrojiti	-iti	visoka	pribrojim
pribrojiti	-iti	visoka	pribrojiš
pribrojiti	-iti	visoka	pribrojite
pribrojiti	-iti	visoka	pribrojila
pribrojiti	-iti	visoka	pribrojilo
pribrojiti	-iti	visoka	pribrojili
pribrojiti	-iti	visoka	pribrojile
pridaviti	-iti	visoka	pridavim
pridaviti	-iti	visoka	pridaviš
pridaviti	-iti	visoka	pridavi
pridaviti	-iti	visoka	pridavimo
pridaviti	-iti	visoka	pridavite
pridaviti	-iti	visoka	pridave
pridaviti	-iti	visoka	pridavio
pridaviti	-iti	visoka	pridavila
pridaviti	-iti	visoka	pridavilo
pridaviti	-iti	visoka	pridavili
pridaviti	-iti	visoka	pridavile
pridenuti	-nuti	visoka	pridenem
pridenuti	-nuti	visoka	prideneš
pridenuti	-nuti	visoka	pridene
pridenuti	-nuti	visoka	pridenemo
pridenuti	-nuti	visoka	pridenete
pridenuti	-nuti	visoka	pridenulo
pridenuti	-nuti	visoka	pridenuli
pridenuti	-nuti	visoka	pridenule
pridenuti	-nuti	visoka	prideni
pridenuti	-nuti	visoka	pridenite
pridignuti	-nuti	visoka	pridigneš
pridignuti	-nuti	visoka	pridignemo
pridignuti	-nuti	visoka	pridignete
pridignuti	-nuti	visoka	pridignuo
pridignuti	-nuti	visoka	pridignula
pridignuti	-nuti	visoka	pridignulo
pridignuti	-nuti	visoka	pridignuli
pridignuti	-nuti	visoka	pridignule
pridignuti	-nuti	visoka	pridignite
pridizati	-ati/-eti (obrazac -pal, pročitan iz rečnika)	visoka	pridižeš
pridizati	-ati/-eti (obrazac -pal, pročitan iz rečnika)	visoka	pridižemo
pridizati	-ati/-eti (obrazac -pal, pročitan iz rečnika)	visoka	pridižete
pridizati	-ati/-eti (obrazac -pal, pročitan iz rečnika)	visoka	pridiži
pridizati	-ati/-eti (obrazac -pal, pročitan iz rečnika)	visoka	pridižite
pridizati	-ati/-eti (obrazac -pal, pročitan iz rečnika)	visoka	pridizalo
pridizati	-ati/-eti (obrazac -pal, pročitan iz rečnika)	visoka	pridizali
pridizati	-ati/-eti (obrazac -pal, pročitan iz rečnika)	visoka	pridizale
pridobijati	-ati/-eti (obrazac NEPOZNAT: protivrečni oblici: am/em)	odluči ti	pridobijala
pridobijati	-ati/-eti (obrazac NEPOZNAT: protivrečni oblici: am/em)	odluči ti	pridobijalo
pridobijati	-ati/-eti (obrazac NEPOZNAT: protivrečni oblici: am/em)	odluči ti	pridobijali
pridobijati	-ati/-eti (obrazac NEPOZNAT: protivrečni oblici: am/em)	odluči ti	pridobijale
pridoneti	-eti	proveri	pridonim
pridoneti	-eti	proveri	pridoniš
pridoneti	-eti	proveri	pridoni
pridoneti	-eti	proveri	pridonimo
pridoneti	-eti	proveri	pridonite
pridoneti	-eti	proveri	pridone
pridoneti	-eti	proveri	pridonela
pridoneti	-eti	proveri	pridonelo
pridoneti	-eti	proveri	pridoneli
prignuti	-nuti	visoka	prignem
prignuti	-nuti	visoka	prigneš
prignuti	-nuti	visoka	prignemo
prignuti	-nuti	visoka	prignete
prignuti	-nuti	visoka	prignula
prignuti	-nuti	visoka	prignulo
prignuti	-nuti	visoka	prignuli
prignuti	-nuti	visoka	prignule
prigrnuti	-nuti	visoka	prigrnem
prigrnuti	-nuti	visoka	prigrneš
prigrnuti	-nuti	visoka	prigrne
prigrnuti	-nuti	visoka	prigrnemo
prigrnuti	-nuti	visoka	prigrnete
prigrnuti	-nuti	visoka	prigrnula
prigrnuti	-nuti	visoka	prigrnulo
prigrnuti	-nuti	visoka	prigrnuli
prigrnuti	-nuti	visoka	prigrnule
prigrnuti	-nuti	visoka	prigrni
prigrnuti	-nuti	visoka	prigrnite
prijateljiti	-iti	visoka	prijateljim
prijateljiti	-iti	visoka	prijateljiš
prijateljiti	-iti	visoka	prijateljimo
prijateljiti	-iti	visoka	prijateljite
prijateljiti	-iti	visoka	prijateljio
prijateljiti	-iti	visoka	prijateljila
prijateljiti	-iti	visoka	prijateljilo
prijateljiti	-iti	visoka	prijateljili
prijateljiti	-iti	visoka	prijateljile
priklopiti	-iti	visoka	priklopim
priklopiti	-iti	visoka	priklopiš
priklopiti	-iti	visoka	priklopimo
priklopiti	-iti	visoka	priklopite
priklopiti	-iti	visoka	priklope
priklopiti	-iti	visoka	priklopila
priklopiti	-iti	visoka	priklopilo
priklopiti	-iti	visoka	priklopile
prikradati	-ati/-eti (obrazac NEPOZNAT: protivrečni oblici: am/em)	odluči ti	prikradala
prikradati	-ati/-eti (obrazac NEPOZNAT: protivrečni oblici: am/em)	odluči ti	prikradalo
prikradati	-ati/-eti (obrazac NEPOZNAT: protivrečni oblici: am/em)	odluči ti	prikradali
prikradati	-ati/-eti (obrazac NEPOZNAT: protivrečni oblici: am/em)	odluči ti	prikradale
primamiti	-iti	visoka	primamim
primamiti	-iti	visoka	primamiš
primamiti	-iti	visoka	primamimo
primamiti	-iti	visoka	primamite
primamiti	-iti	visoka	primame
primamiti	-iti	visoka	primamilo
primamiti	-iti	visoka	primamili
primamljivati	-ati/-eti (obrazac -im, pročitan iz rečnika)	visoka	primamljiviš
primamljivati	-ati/-eti (obrazac -im, pročitan iz rečnika)	visoka	primamljivimo
primamljivati	-ati/-eti (obrazac -im, pročitan iz rečnika)	visoka	primamljivite
primamljivati	-ati/-eti (obrazac -im, pročitan iz rečnika)	visoka	primamljivao
primamljivati	-ati/-eti (obrazac -im, pročitan iz rečnika)	visoka	primamljivala
primamljivati	-ati/-eti (obrazac -im, pročitan iz rečnika)	visoka	primamljivalo
primamljivati	-ati/-eti (obrazac -im, pročitan iz rečnika)	visoka	primamljivali
primamljivati	-ati/-eti (obrazac -im, pročitan iz rečnika)	visoka	primamljivale
primeriti	-iti	visoka	primeriš
primeriti	-iti	visoka	primerimo
primeriti	-iti	visoka	primerite
primeriti	-iti	visoka	primerio
primeriti	-iti	visoka	primerila
primeriti	-iti	visoka	primerilo
primeriti	-iti	visoka	primerili
primeriti	-iti	visoka	primerile
primirisati	-ati/-eti (obrazac NEPOZNAT: nema oblika prezenta u rečniku)	odluči ti	primirisala
primirisati	-ati/-eti (obrazac NEPOZNAT: nema oblika prezenta u rečniku)	odluči ti	primirisalo
primirisati	-ati/-eti (obrazac NEPOZNAT: nema oblika prezenta u rečniku)	odluči ti	primirisali
primirisati	-ati/-eti (obrazac NEPOZNAT: nema oblika prezenta u rečniku)	odluči ti	primirisale
prineti	-eti	proveri	prinim
prineti	-eti	proveri	priniš
prineti	-eti	proveri	prini
prineti	-eti	proveri	prinimo
prineti	-eti	proveri	prinite
prineti	-eti	proveri	prine
prineti	-eti	proveri	prinele
pripasati	-ati/-eti (obrazac NEPOZNAT: nema oblika prezenta u rečniku)	odluči ti	pripasala
pripasati	-ati/-eti (obrazac NEPOZNAT: nema oblika prezenta u rečniku)	odluči ti	pripasalo
pripasati	-ati/-eti (obrazac NEPOZNAT: nema oblika prezenta u rečniku)	odluči ti	pripasale
pripisivati	-ati/-eti (obrazac NEPOZNAT: nema oblika prezenta u rečniku)	odluči ti	pripisivalo
pripisivati	-ati/-eti (obrazac NEPOZNAT: nema oblika prezenta u rečniku)	odluči ti	pripisivali
pripisivati	-ati/-eti (obrazac NEPOZNAT: nema oblika prezenta u rečniku)	odluči ti	pripisivale
pripucati	-ati/-eti (obrazac NEPOZNAT: nema oblika prezenta u rečniku)	odluči ti	pripucala
pripucati	-ati/-eti (obrazac NEPOZNAT: nema oblika prezenta u rečniku)	odluči ti	pripucalo
pripucati	-ati/-eti (obrazac NEPOZNAT: nema oblika prezenta u rečniku)	odluči ti	pripucale
pripustiti	-iti	visoka	pripustim
pripustiti	-iti	visoka	pripustiš
pripustiti	-iti	visoka	pripustimo
pripustiti	-iti	visoka	pripustite
pripustiti	-iti	visoka	pripuste
pripustiti	-iti	visoka	pripustila
pripustiti	-iti	visoka	pripustilo
pripustiti	-iti	visoka	pripustile
prisegnuti	-nuti	visoka	prisegnem
prisegnuti	-nuti	visoka	prisegneš
prisegnuti	-nuti	visoka	prisegne
prisegnuti	-nuti	visoka	prisegnemo
prisegnuti	-nuti	visoka	prisegnete
prisegnuti	-nuti	visoka	prisegnu
prisegnuti	-nuti	visoka	prisegnula
prisegnuti	-nuti	visoka	prisegnulo
prisegnuti	-nuti	visoka	prisegnule
prisegnuti	-nuti	visoka	prisegnite
priseti	-eti	proveri	prisim
priseti	-eti	proveri	prisiš
priseti	-eti	proveri	prisi
priseti	-eti	proveri	prisimo
priseti	-eti	proveri	prisite
priseti	-eti	proveri	prise
priseti	-eti	proveri	priseo
priseti	-eti	proveri	priseli
priseti	-eti	proveri	prisele
priskrbiti	-iti	visoka	priskrbim
priskrbiti	-iti	visoka	priskrbiš
priskrbiti	-iti	visoka	priskrbi
priskrbiti	-iti	visoka	priskrbimo
priskrbiti	-iti	visoka	priskrbite
priskrbiti	-iti	visoka	priskrbe
priskrbiti	-iti	visoka	priskrbila
priskrbiti	-iti	visoka	priskrbilo
priskrbiti	-iti	visoka	priskrbili
priskrbiti	-iti	visoka	priskrbile
pristaviti	-iti	visoka	pristaviš
pristaviti	-iti	visoka	pristavimo
pristaviti	-iti	visoka	pristavite
pristaviti	-iti	visoka	pristave
pristaviti	-iti	visoka	pristavilo
pristaviti	-iti	visoka	pristavili
pristaviti	-iti	visoka	pristavile
priterati	-ati/-eti (obrazac NEPOZNAT: nema oblika prezenta u rečniku)	odluči ti	priteralo
priterati	-ati/-eti (obrazac NEPOZNAT: nema oblika prezenta u rečniku)	odluči ti	priterali
priterati	-ati/-eti (obrazac NEPOZNAT: nema oblika prezenta u rečniku)	odluči ti	priterale
pritiskivati	-ati/-eti (obrazac NEPOZNAT: nema oblika prezenta u rečniku)	odluči ti	pritiskivalo
pritiskivati	-ati/-eti (obrazac NEPOZNAT: nema oblika prezenta u rečniku)	odluči ti	pritiskivali
pritiskivati	-ati/-eti (obrazac NEPOZNAT: nema oblika prezenta u rečniku)	odluči ti	pritiskivale
pritvrditi	-iti	visoka	pritvrdim
pritvrditi	-iti	visoka	pritvrdiš
pritvrditi	-iti	visoka	pritvrdi
pritvrditi	-iti	visoka	pritvrdimo
pritvrditi	-iti	visoka	pritvrdite
pritvrditi	-iti	visoka	pritvrdila
pritvrditi	-iti	visoka	pritvrdilo
pritvrditi	-iti	visoka	pritvrdili
pritvrditi	-iti	visoka	pritvrdile
privezivati	-ati/-eti (obrazac NEPOZNAT: nema oblika prezenta u rečniku)	odluči ti	privezivala
privezivati	-ati/-eti (obrazac NEPOZNAT: nema oblika prezenta u rečniku)	odluči ti	privezivalo
privezivati	-ati/-eti (obrazac NEPOZNAT: nema oblika prezenta u rečniku)	odluči ti	privezivali
privezivati	-ati/-eti (obrazac NEPOZNAT: nema oblika prezenta u rečniku)	odluči ti	privezivale
privideti	-eti	proveri	prividim
privideti	-eti	proveri	prividiš
privideti	-eti	proveri	prividimo
privideti	-eti	proveri	prividite
privideti	-eti	proveri	prividela
privideti	-eti	proveri	privideli
privideti	-eti	proveri	prividele
privijati	-ati/-eti (obrazac NEPOZNAT: nema oblika prezenta u rečniku)	odluči ti	privijalo
privijati	-ati/-eti (obrazac NEPOZNAT: nema oblika prezenta u rečniku)	odluči ti	privijali
privijati	-ati/-eti (obrazac NEPOZNAT: nema oblika prezenta u rečniku)	odluči ti	privijale
privikavati	-ati/-eti (obrazac -am, pročitan iz rečnika)	visoka	privikavate
privikavati	-ati/-eti (obrazac -am, pročitan iz rečnika)	visoka	privikavaj
privikavati	-ati/-eti (obrazac -am, pročitan iz rečnika)	visoka	privikavajte
privikavati	-ati/-eti (obrazac -am, pročitan iz rečnika)	visoka	privikavao
privikavati	-ati/-eti (obrazac -am, pročitan iz rečnika)	visoka	privikavala
privikavati	-ati/-eti (obrazac -am, pročitan iz rečnika)	visoka	privikavalo
privikavati	-ati/-eti (obrazac -am, pročitan iz rečnika)	visoka	privikavali
privikavati	-ati/-eti (obrazac -am, pročitan iz rečnika)	visoka	privikavale
priviti	-iti	visoka	privim
priviti	-iti	visoka	priviš
priviti	-iti	visoka	privi
priviti	-iti	visoka	privimo
priviti	-iti	visoka	privite
priviti	-iti	visoka	prive
priviti	-iti	visoka	privilo
priviti	-iti	visoka	privile
pričinjavati	-ati/-eti (obrazac -am, pročitan iz rečnika)	visoka	pričinjavaš
pričinjavati	-ati/-eti (obrazac -am, pročitan iz rečnika)	visoka	pričinjavamo
pričinjavati	-ati/-eti (obrazac -am, pročitan iz rečnika)	visoka	pričinjavate
pričinjavati	-ati/-eti (obrazac -am, pročitan iz rečnika)	visoka	pričinjavaj
pričinjavati	-ati/-eti (obrazac -am, pročitan iz rečnika)	visoka	pričinjavajte
pričinjavati	-ati/-eti (obrazac -am, pročitan iz rečnika)	visoka	pričinjavala
pričinjavati	-ati/-eti (obrazac -am, pročitan iz rečnika)	visoka	pričinjavali
pričinjavati	-ati/-eti (obrazac -am, pročitan iz rečnika)	visoka	pričinjavale
prišiti	-iti	visoka	prišim
prišiti	-iti	visoka	prišiš
prišiti	-iti	visoka	priši
prišiti	-iti	visoka	prišimo
prišiti	-iti	visoka	prišite
prišiti	-iti	visoka	priše
prišiti	-iti	visoka	prišilo
prišiti	-iti	visoka	prišile
prišuljati	-ati/-eti (obrazac NEPOZNAT: nema oblika prezenta u rečniku)	odluči ti	prišuljala
prišuljati	-ati/-eti (obrazac NEPOZNAT: nema oblika prezenta u rečniku)	odluči ti	prišuljalo
prišuljati	-ati/-eti (obrazac NEPOZNAT: nema oblika prezenta u rečniku)	odluči ti	prišuljali
prišuljati	-ati/-eti (obrazac NEPOZNAT: nema oblika prezenta u rečniku)	odluči ti	prišuljale
probdeti	-eti	proveri	probdim
probdeti	-eti	proveri	probdiš
probdeti	-eti	proveri	probdi
probdeti	-eti	proveri	probdimo
probdeti	-eti	proveri	probdite
probdeti	-eti	proveri	probde
probdeti	-eti	proveri	probdele
proburaziti	-iti	visoka	proburaziš
proburaziti	-iti	visoka	proburazimo
proburaziti	-iti	visoka	proburazite
proburaziti	-iti	visoka	proburaze
proburaziti	-iti	visoka	proburazila
proburaziti	-iti	visoka	proburazilo
proburaziti	-iti	visoka	proburazili
proburaziti	-iti	visoka	proburazile
procediti	-iti	visoka	procedim
procediti	-iti	visoka	procediš
procediti	-iti	visoka	procedimo
procediti	-iti	visoka	procedite
procediti	-iti	visoka	procede
procediti	-iti	visoka	procedila
procediti	-iti	visoka	procedilo
procediti	-iti	visoka	procedili
procediti	-iti	visoka	procedile
procenjivati	-ati/-eti (obrazac NEPOZNAT: nema oblika prezenta u rečniku)	odluči ti	procenjivala
procenjivati	-ati/-eti (obrazac NEPOZNAT: nema oblika prezenta u rečniku)	odluči ti	procenjivalo
procenjivati	-ati/-eti (obrazac NEPOZNAT: nema oblika prezenta u rečniku)	odluči ti	procenjivale
procesuirati	-irati	visoka	procesuiraš
procesuirati	-irati	visoka	procesuirate
procesuirati	-irati	visoka	procesuirao
procesuirati	-irati	visoka	procesuirala
procesuirati	-irati	visoka	procesuiralo
procesuirati	-irati	visoka	procesuirali
procesuirati	-irati	visoka	procesuirale
procesuirati	-irati	visoka	procesuiraj
procesuirati	-irati	visoka	procesuirajte
proderati	-ati/-eti (obrazac NEPOZNAT: nema oblika prezenta u rečniku)	odluči ti	proderala
proderati	-ati/-eti (obrazac NEPOZNAT: nema oblika prezenta u rečniku)	odluči ti	proderalo
proderati	-ati/-eti (obrazac NEPOZNAT: nema oblika prezenta u rečniku)	odluči ti	proderali
proderati	-ati/-eti (obrazac NEPOZNAT: nema oblika prezenta u rečniku)	odluči ti	proderale
prodirati	-irati	visoka	prodiram
prodirati	-irati	visoka	prodiraš
prodirati	-irati	visoka	prodira
prodirati	-irati	visoka	prodiramo
prodirati	-irati	visoka	prodirate
prodirati	-irati	visoka	prodiraju
prodirati	-irati	visoka	prodiraj
prodirati	-irati	visoka	prodirajte
prodiskutovati	-ovati	visoka	prodiskutuješ
prodiskutovati	-ovati	visoka	prodiskutujete
prodiskutovati	-ovati	visoka	prodiskutuju
prodiskutovati	-ovati	visoka	prodiskutovao
prodiskutovati	-ovati	visoka	prodiskutovala
prodiskutovati	-ovati	visoka	prodiskutovalo
prodiskutovati	-ovati	visoka	prodiskutovale
prodiskutovati	-ovati	visoka	prodiskutuj
prodiskutovati	-ovati	visoka	prodiskutujte
prodreti	-eti	proveri	prodrim
prodreti	-eti	proveri	prodriš
prodreti	-eti	proveri	prodrimo
prodreti	-eti	proveri	prodrite
prodreti	-eti	proveri	prodreo
prodreti	-eti	proveri	prodrela
prodreti	-eti	proveri	prodrelo
prodreti	-eti	proveri	prodreli
prodreti	-eti	proveri	prodrele
producirati	-irati	visoka	produciraš
producirati	-irati	visoka	produciramo
producirati	-irati	visoka	producirate
producirati	-irati	visoka	produciraju
producirati	-irati	visoka	producirao
producirati	-irati	visoka	producirala
producirati	-irati	visoka	produciralo
producirati	-irati	visoka	producirali
producirati	-irati	visoka	producirale
producirati	-irati	visoka	produciraj
producirati	-irati	visoka	producirajte
prognozirati	-irati	visoka	prognoziram
prognozirati	-irati	visoka	prognoziraš
prognozirati	-irati	visoka	prognoziramo
prognozirati	-irati	visoka	prognozirate
prognozirati	-irati	visoka	prognozirao
prognozirati	-irati	visoka	prognozirala
prognozirati	-irati	visoka	prognoziralo
prognozirati	-irati	visoka	prognozirale
prognozirati	-irati	visoka	prognoziraj
prognozirati	-irati	visoka	prognozirajte
progoreti	-eti	proveri	progoriš
progoreti	-eti	proveri	progorimo
progoreti	-eti	proveri	progorite
progoreti	-eti	proveri	progore
progoreti	-eti	proveri	progoreo
progoreti	-eti	proveri	progoreli
progoreti	-eti	proveri	progorele
progunđati	-ati/-eti (obrazac NEPOZNAT: nema oblika prezenta u rečniku)	odluči ti	progunđalo
progunđati	-ati/-eti (obrazac NEPOZNAT: nema oblika prezenta u rečniku)	odluči ti	progunđali
progunđati	-ati/-eti (obrazac NEPOZNAT: nema oblika prezenta u rečniku)	odluči ti	progunđale
proizlaziti	-iti	visoka	proizlazim
proizlaziti	-iti	visoka	proizlaziš
proizlaziti	-iti	visoka	proizlazimo
proizlaziti	-iti	visoka	proizlazite
proizlaziti	-iti	visoka	proizlazila
proizlaziti	-iti	visoka	proizlazilo
proizlaziti	-iti	visoka	proizlazili
proizlaziti	-iti	visoka	proizlazile
projahati	-ati/-eti (obrazac NEPOZNAT: nema oblika prezenta u rečniku)	odluči ti	projahala
projahati	-ati/-eti (obrazac NEPOZNAT: nema oblika prezenta u rečniku)	odluči ti	projahalo
projahati	-ati/-eti (obrazac NEPOZNAT: nema oblika prezenta u rečniku)	odluči ti	projahali
projahati	-ati/-eti (obrazac NEPOZNAT: nema oblika prezenta u rečniku)	odluči ti	projahale
projicirati	-irati	visoka	projiciram
projicirati	-irati	visoka	projiciramo
projicirati	-irati	visoka	projicirate
projicirati	-irati	visoka	projiciraju
projicirati	-irati	visoka	projicirao
projicirati	-irati	visoka	projicirala
projicirati	-irati	visoka	projiciralo
projicirati	-irati	visoka	projicirali
projicirati	-irati	visoka	projicirale
projicirati	-irati	visoka	projiciraj
projicirati	-irati	visoka	projicirajte
prokazivati	-ati/-eti (obrazac NEPOZNAT: nema oblika prezenta u rečniku)	odluči ti	prokazivala
prokazivati	-ati/-eti (obrazac NEPOZNAT: nema oblika prezenta u rečniku)	odluči ti	prokazivalo
prokazivati	-ati/-eti (obrazac NEPOZNAT: nema oblika prezenta u rečniku)	odluči ti	prokazivali
prokazivati	-ati/-eti (obrazac NEPOZNAT: nema oblika prezenta u rečniku)	odluči ti	prokazivale
proklamovati	-ovati	visoka	proklamujem
proklamovati	-ovati	visoka	proklamuješ
proklamovati	-ovati	visoka	proklamujemo
proklamovati	-ovati	visoka	proklamujete
proklamovati	-ovati	visoka	proklamovao
proklamovati	-ovati	visoka	proklamovala
proklamovati	-ovati	visoka	proklamovalo
proklamovati	-ovati	visoka	proklamovali
proklamovati	-ovati	visoka	proklamovale
proklamovati	-ovati	visoka	proklamuj
proklamovati	-ovati	visoka	proklamujte
prokleti	-eti	proveri	proklim
prokleti	-eti	proveri	prokliš
prokleti	-eti	proveri	prokli
prokleti	-eti	proveri	proklimo
prokleti	-eti	proveri	proklite
prokleti	-eti	proveri	proklelo
prokleti	-eti	proveri	proklele
prokomentarisati	-ati/-eti (obrazac -pal, pročitan iz rečnika)	visoka	prokomentarišeš
prokomentarisati	-ati/-eti (obrazac -pal, pročitan iz rečnika)	visoka	prokomentarišemo
prokomentarisati	-ati/-eti (obrazac -pal, pročitan iz rečnika)	visoka	prokomentarišu
prokomentarisati	-ati/-eti (obrazac -pal, pročitan iz rečnika)	visoka	prokomentariši
prokomentarisati	-ati/-eti (obrazac -pal, pročitan iz rečnika)	visoka	prokomentarišite
prokomentarisati	-ati/-eti (obrazac -pal, pročitan iz rečnika)	visoka	prokomentarisala
prokomentarisati	-ati/-eti (obrazac -pal, pročitan iz rečnika)	visoka	prokomentarisalo
prokomentarisati	-ati/-eti (obrazac -pal, pročitan iz rečnika)	visoka	prokomentarisali
prokomentarisati	-ati/-eti (obrazac -pal, pročitan iz rečnika)	visoka	prokomentarisale
prokrstariti	-iti	visoka	prokrstarim
prokrstariti	-iti	visoka	prokrstariš
prokrstariti	-iti	visoka	prokrstarimo
prokrstariti	-iti	visoka	prokrstarite
prokrstariti	-iti	visoka	prokrstarila
prokrstariti	-iti	visoka	prokrstarilo
prokrstariti	-iti	visoka	prokrstarili
prokrstariti	-iti	visoka	prokrstarile
prokrvariti	-iti	visoka	prokrvarim
prokrvariti	-iti	visoka	prokrvariš
prokrvariti	-iti	visoka	prokrvarimo
prokrvariti	-iti	visoka	prokrvarite
prokrvariti	-iti	visoka	prokrvarilo
prokrvariti	-iti	visoka	prokrvarili
prokrvariti	-iti	visoka	prokrvarile
prokužiti	-iti	visoka	prokužiš
prokužiti	-iti	visoka	prokuži
prokužiti	-iti	visoka	prokužimo
prokužiti	-iti	visoka	prokužite
prokužiti	-iti	visoka	prokuže
prokužiti	-iti	visoka	prokužilo
prokužiti	-iti	visoka	prokužile
prolamati	-ati/-eti (obrazac NEPOZNAT: nema oblika prezenta u rečniku)	odluči ti	prolamala
prolamati	-ati/-eti (obrazac NEPOZNAT: nema oblika prezenta u rečniku)	odluči ti	prolamalo
prolamati	-ati/-eti (obrazac NEPOZNAT: nema oblika prezenta u rečniku)	odluči ti	prolamale
proletati	-ati/-eti (obrazac NEPOZNAT: protivrečni oblici: im/pal)	odluči ti	proletao
proletati	-ati/-eti (obrazac NEPOZNAT: protivrečni oblici: im/pal)	odluči ti	proletalo
proletati	-ati/-eti (obrazac NEPOZNAT: protivrečni oblici: im/pal)	odluči ti	proletale
proleti	-eti	proveri	prolim
proleti	-eti	proveri	proliš
proleti	-eti	proveri	prolimo
proleti	-eti	proveri	prolite
proleti	-eti	proveri	prole
proleti	-eti	proveri	proleo
proleti	-eti	proveri	prolela
proleti	-eti	proveri	prolelo
proleti	-eti	proveri	proleli
proleti	-eti	proveri	prolele
prolongirati	-irati	visoka	prolongiram
prolongirati	-irati	visoka	prolongiraš
prolongirati	-irati	visoka	prolongiramo
prolongirati	-irati	visoka	prolongirate
prolongirati	-irati	visoka	prolongiraju
prolongirati	-irati	visoka	prolongirao
prolongirati	-irati	visoka	prolongirala
prolongirati	-irati	visoka	prolongiralo
prolongirati	-irati	visoka	prolongirali
prolongirati	-irati	visoka	prolongirale
prolongirati	-irati	visoka	prolongiraj
prolongirati	-irati	visoka	prolongirajte
promeriti	-iti	visoka	promerim
promeriti	-iti	visoka	promeriš
promeriti	-iti	visoka	promerimo
promeriti	-iti	visoka	promere
promeriti	-iti	visoka	promerila
promeriti	-iti	visoka	promerilo
promeriti	-iti	visoka	promerili
promeriti	-iti	visoka	promerile
prometati	-ati/-eti (obrazac NEPOZNAT: nema oblika prezenta u rečniku)	odluči ti	prometala
prometati	-ati/-eti (obrazac NEPOZNAT: nema oblika prezenta u rečniku)	odluči ti	prometalo
prometati	-ati/-eti (obrazac NEPOZNAT: nema oblika prezenta u rečniku)	odluči ti	prometali
prometati	-ati/-eti (obrazac NEPOZNAT: nema oblika prezenta u rečniku)	odluči ti	prometale
promeškoljiti	-iti	visoka	promeškoljim
promeškoljiti	-iti	visoka	promeškoljiš
promeškoljiti	-iti	visoka	promeškoljimo
promeškoljiti	-iti	visoka	promeškoljite
promeškoljiti	-iti	visoka	promeškolje
promeškoljiti	-iti	visoka	promeškoljila
promeškoljiti	-iti	visoka	promeškoljilo
promeškoljiti	-iti	visoka	promeškoljili
promeškoljiti	-iti	visoka	promeškoljile
promrmljati	-ati/-eti (obrazac NEPOZNAT: nema oblika prezenta u rečniku)	odluči ti	promrmljalo
promrmljati	-ati/-eti (obrazac NEPOZNAT: nema oblika prezenta u rečniku)	odluči ti	promrmljali
promrmljati	-ati/-eti (obrazac NEPOZNAT: nema oblika prezenta u rečniku)	odluči ti	promrmljale
promucati	-ati/-eti (obrazac NEPOZNAT: nema oblika prezenta u rečniku)	odluči ti	promucalo
promucati	-ati/-eti (obrazac NEPOZNAT: nema oblika prezenta u rečniku)	odluči ti	promucali
promucati	-ati/-eti (obrazac NEPOZNAT: nema oblika prezenta u rečniku)	odluči ti	promucale
promumlati	-ati/-eti (obrazac NEPOZNAT: nema oblika prezenta u rečniku)	odluči ti	promumlala
promumlati	-ati/-eti (obrazac NEPOZNAT: nema oblika prezenta u rečniku)	odluči ti	promumlalo
promumlati	-ati/-eti (obrazac NEPOZNAT: nema oblika prezenta u rečniku)	odluči ti	promumlali
promumlati	-ati/-eti (obrazac NEPOZNAT: nema oblika prezenta u rečniku)	odluči ti	promumlale
proneveriti	-iti	visoka	proneverim
proneveriti	-iti	visoka	proneveriš
proneveriti	-iti	visoka	proneverimo
proneveriti	-iti	visoka	proneverite
proneveriti	-iti	visoka	proneverila
proneveriti	-iti	visoka	proneverilo
proneveriti	-iti	visoka	proneverili
proneveriti	-iti	visoka	proneverile
propagirati	-irati	visoka	propagiram
propagirati	-irati	visoka	propagiramo
propagirati	-irati	visoka	propagirate
propagirati	-irati	visoka	propagirala
propagirati	-irati	visoka	propagiralo
propagirati	-irati	visoka	propagirali
propagirati	-irati	visoka	propagirale
propagirati	-irati	visoka	propagiraj
propagirati	-irati	visoka	propagirajte
propisivati	-ati/-eti (obrazac NEPOZNAT: nema oblika prezenta u rečniku)	odluči ti	propisivala
propisivati	-ati/-eti (obrazac NEPOZNAT: nema oblika prezenta u rečniku)	odluči ti	propisivalo
propisivati	-ati/-eti (obrazac NEPOZNAT: nema oblika prezenta u rečniku)	odluči ti	propisivali
propisivati	-ati/-eti (obrazac NEPOZNAT: nema oblika prezenta u rečniku)	odluči ti	propisivale
propiti	-iti	visoka	propim
propiti	-iti	visoka	propiš
propiti	-iti	visoka	propimo
propiti	-iti	visoka	propite
propiti	-iti	visoka	propilo
propiti	-iti	visoka	propili
propiti	-iti	visoka	propile
propitivati	-ati/-eti (obrazac NEPOZNAT: nema oblika prezenta u rečniku)	odluči ti	propitivala
propitivati	-ati/-eti (obrazac NEPOZNAT: nema oblika prezenta u rečniku)	odluči ti	propitivalo
propitivati	-ati/-eti (obrazac NEPOZNAT: nema oblika prezenta u rečniku)	odluči ti	propitivali
propitivati	-ati/-eti (obrazac NEPOZNAT: nema oblika prezenta u rečniku)	odluči ti	propitivale
propucati	-ati/-eti (obrazac NEPOZNAT: nema oblika prezenta u rečniku)	odluči ti	propucala
propucati	-ati/-eti (obrazac NEPOZNAT: nema oblika prezenta u rečniku)	odluči ti	propucalo
propucati	-ati/-eti (obrazac NEPOZNAT: nema oblika prezenta u rečniku)	odluči ti	propucali
propucati	-ati/-eti (obrazac NEPOZNAT: nema oblika prezenta u rečniku)	odluči ti	propucale
propušiti	-iti	visoka	propušim
propušiti	-iti	visoka	propušiš
propušiti	-iti	visoka	propuši
propušiti	-iti	visoka	propušimo
propušiti	-iti	visoka	propušite
propušiti	-iti	visoka	propuše
propušiti	-iti	visoka	propušilo
propušiti	-iti	visoka	propušile
prosecati	-ati/-eti (obrazac NEPOZNAT: nema oblika prezenta u rečniku)	odluči ti	prosecala
prosecati	-ati/-eti (obrazac NEPOZNAT: nema oblika prezenta u rečniku)	odluči ti	prosecalo
prosecati	-ati/-eti (obrazac NEPOZNAT: nema oblika prezenta u rečniku)	odluči ti	prosecali
prosecati	-ati/-eti (obrazac NEPOZNAT: nema oblika prezenta u rečniku)	odluči ti	prosecale
prosjediti	-iti	visoka	prosjedim
prosjediti	-iti	visoka	prosjediš
prosjediti	-iti	visoka	prosjedi
prosjediti	-iti	visoka	prosjedimo
prosjediti	-iti	visoka	prosjedite
prosjediti	-iti	visoka	prosjede
prosjediti	-iti	visoka	prosjedila
prosjediti	-iti	visoka	prosjedilo
prosjediti	-iti	visoka	prosjedili
prosjediti	-iti	visoka	prosjedile
prosloviti	-iti	visoka	proslovim
prosloviti	-iti	visoka	prosloviš
prosloviti	-iti	visoka	proslovimo
prosloviti	-iti	visoka	proslovite
prosloviti	-iti	visoka	proslovila
prosloviti	-iti	visoka	proslovilo
prosloviti	-iti	visoka	proslovili
prosloviti	-iti	visoka	proslovile
prospavati	-ati/-eti (obrazac -am, pročitan iz rečnika)	visoka	prospavaš
prospavati	-ati/-eti (obrazac -am, pročitan iz rečnika)	visoka	prospavamo
prospavati	-ati/-eti (obrazac -am, pročitan iz rečnika)	visoka	prospavate
prospavati	-ati/-eti (obrazac -am, pročitan iz rečnika)	visoka	prospavaju
prospavati	-ati/-eti (obrazac -am, pročitan iz rečnika)	visoka	prospavaj
prospavati	-ati/-eti (obrazac -am, pročitan iz rečnika)	visoka	prospavajte
prospavati	-ati/-eti (obrazac -am, pročitan iz rečnika)	visoka	prospavala
prospavati	-ati/-eti (obrazac -am, pročitan iz rečnika)	visoka	prospavalo
prospavati	-ati/-eti (obrazac -am, pročitan iz rečnika)	visoka	prospavali
prospavati	-ati/-eti (obrazac -am, pročitan iz rečnika)	visoka	prospavale
prosperirati	-irati	visoka	prosperiram
prosperirati	-irati	visoka	prosperiraš
prosperirati	-irati	visoka	prosperiramo
prosperirati	-irati	visoka	prosperirate
prosperirati	-irati	visoka	prosperiraju
prosperirati	-irati	visoka	prosperirao
prosperirati	-irati	visoka	prosperirala
prosperirati	-irati	visoka	prosperiralo
prosperirati	-irati	visoka	prosperirali
prosperirati	-irati	visoka	prosperirale
prosperirati	-irati	visoka	prosperiraj
prosperirati	-irati	visoka	prosperirajte
prostati	-ati/-eti (obrazac -im, pročitan iz rečnika)	visoka	prostiš
prostati	-ati/-eti (obrazac -im, pročitan iz rečnika)	visoka	prostimo
prostati	-ati/-eti (obrazac -im, pročitan iz rečnika)	visoka	prostao
prostati	-ati/-eti (obrazac -im, pročitan iz rečnika)	visoka	prostala
prostati	-ati/-eti (obrazac -im, pročitan iz rečnika)	visoka	prostalo
prostati	-ati/-eti (obrazac -im, pročitan iz rečnika)	visoka	prostali
prostati	-ati/-eti (obrazac -im, pročitan iz rečnika)	visoka	prostale
prostirati	-irati	visoka	prostiram
prostirati	-irati	visoka	prostiraš
prostirati	-irati	visoka	prostira
prostirati	-irati	visoka	prostiramo
prostirati	-irati	visoka	prostirate
prostirati	-irati	visoka	prostiraju
prostirati	-irati	visoka	prostiraj
prostirati	-irati	visoka	prostirajte
prostreliti	-iti	visoka	prostrelim
prostreliti	-iti	visoka	prostreliš
prostreliti	-iti	visoka	prostrelimo
prostreliti	-iti	visoka	prostrelite
prostreliti	-iti	visoka	prostrele
prostreliti	-iti	visoka	prostrelila
prostreliti	-iti	visoka	prostrelilo
prostreliti	-iti	visoka	prostrelili
prostreliti	-iti	visoka	prostrelile
prostreti	-eti	proveri	prostrim
prostreti	-eti	proveri	prostriš
prostreti	-eti	proveri	prostrite
prostreti	-eti	proveri	prostreo
prostreti	-eti	proveri	prostrela
prostreti	-eti	proveri	prostrelo
prostreti	-eti	proveri	prostrele
prostrujati	-ati/-eti (obrazac NEPOZNAT: nema oblika prezenta u rečniku)	odluči ti	prostrujala
prostrujati	-ati/-eti (obrazac NEPOZNAT: nema oblika prezenta u rečniku)	odluči ti	prostrujali
prostrujati	-ati/-eti (obrazac NEPOZNAT: nema oblika prezenta u rečniku)	odluči ti	prostrujale
prostudirati	-irati	visoka	prostudiraš
prostudirati	-irati	visoka	prostudiramo
prostudirati	-irati	visoka	prostudirate
prostudirati	-irati	visoka	prostudiraju
prostudirati	-irati	visoka	prostudirala
prostudirati	-irati	visoka	prostudiralo
prostudirati	-irati	visoka	prostudirali
prostudirati	-irati	visoka	prostudirale
prostudirati	-irati	visoka	prostudiraj
prostudirati	-irati	visoka	prostudirajte
prosuđivati	-ati/-eti (obrazac NEPOZNAT: nema oblika prezenta u rečniku)	odluči ti	prosuđivala
prosuđivati	-ati/-eti (obrazac NEPOZNAT: nema oblika prezenta u rečniku)	odluči ti	prosuđivalo
prosuđivati	-ati/-eti (obrazac NEPOZNAT: nema oblika prezenta u rečniku)	odluči ti	prosuđivali
prosuđivati	-ati/-eti (obrazac NEPOZNAT: nema oblika prezenta u rečniku)	odluči ti	prosuđivale
prosvirati	-irati	visoka	prosviramo
prosvirati	-irati	visoka	prosvirate
prosvirati	-irati	visoka	prosviraju
prosvirati	-irati	visoka	prosvirala
prosvirati	-irati	visoka	prosviralo
prosvirati	-irati	visoka	prosvirali
prosvirati	-irati	visoka	prosvirale
prosvirati	-irati	visoka	prosviraj
prosvirati	-irati	visoka	prosvirajte
proterivati	-ati/-eti (obrazac NEPOZNAT: nema oblika prezenta u rečniku)	odluči ti	proterivala
proterivati	-ati/-eti (obrazac NEPOZNAT: nema oblika prezenta u rečniku)	odluči ti	proterivalo
proterivati	-ati/-eti (obrazac NEPOZNAT: nema oblika prezenta u rečniku)	odluči ti	proterivali
proterivati	-ati/-eti (obrazac NEPOZNAT: nema oblika prezenta u rečniku)	odluči ti	proterivale
protežirati	-irati	visoka	protežiram
protežirati	-irati	visoka	protežiraš
protežirati	-irati	visoka	protežiramo
protežirati	-irati	visoka	protežirate
protežirati	-irati	visoka	protežiraju
protežirati	-irati	visoka	protežirala
protežirati	-irati	visoka	protežiralo
protežirati	-irati	visoka	protežirali
protežirati	-irati	visoka	protežirale
protežirati	-irati	visoka	protežiraj
protežirati	-irati	visoka	protežirajte
protivurečiti	-iti	visoka	protivurečimo
protivurečiti	-iti	visoka	protivurečite
protivurečiti	-iti	visoka	protivureče
protivurečiti	-iti	visoka	protivurečio
protivurečiti	-iti	visoka	protivurečila
protivurečiti	-iti	visoka	protivurečilo
protivurečiti	-iti	visoka	protivurečili
protivurečiti	-iti	visoka	protivurečile
protratiti	-iti	visoka	protratim
protratiti	-iti	visoka	protratiš
protratiti	-iti	visoka	protrati
protratiti	-iti	visoka	protratimo
protratiti	-iti	visoka	protratite
protratiti	-iti	visoka	protrate
protratiti	-iti	visoka	protratila
protratiti	-iti	visoka	protratilo
protratiti	-iti	visoka	protratili
protratiti	-iti	visoka	protratile
provaljati	-ati/-eti (obrazac NEPOZNAT: nema oblika prezenta u rečniku)	odluči ti	provaljao
provaljati	-ati/-eti (obrazac NEPOZNAT: nema oblika prezenta u rečniku)	odluči ti	provaljala
provaljati	-ati/-eti (obrazac NEPOZNAT: nema oblika prezenta u rečniku)	odluči ti	provaljali
provaljati	-ati/-eti (obrazac NEPOZNAT: nema oblika prezenta u rečniku)	odluči ti	provaljale
provejavati	-ati/-eti (obrazac NEPOZNAT: nema oblika prezenta u rečniku)	odluči ti	provejavala
provejavati	-ati/-eti (obrazac NEPOZNAT: nema oblika prezenta u rečniku)	odluči ti	provejavalo
provejavati	-ati/-eti (obrazac NEPOZNAT: nema oblika prezenta u rečniku)	odluči ti	provejavali
provejavati	-ati/-eti (obrazac NEPOZNAT: nema oblika prezenta u rečniku)	odluči ti	provejavale
proveseliti	-iti	visoka	proveselim
proveseliti	-iti	visoka	proveseliš
proveseliti	-iti	visoka	proveselimo
proveseliti	-iti	visoka	proveselite
proveseliti	-iti	visoka	proveselila
proveseliti	-iti	visoka	proveselilo
proveseliti	-iti	visoka	proveselili
proveseliti	-iti	visoka	proveselile
provideti	-eti	proveri	providim
provideti	-eti	proveri	providiš
provideti	-eti	proveri	providimo
provideti	-eti	proveri	providite
provideti	-eti	proveri	providela
provideti	-eti	proveri	providelo
provideti	-eti	proveri	providele
provrteti	-eti	proveri	provrtim
provrteti	-eti	proveri	provrtiš
provrteti	-eti	proveri	provrtimo
provrteti	-eti	proveri	provrtite
provrteti	-eti	proveri	provrtela
provrteti	-eti	proveri	provrtelo
provrteti	-eti	proveri	provrteli
provrteti	-eti	proveri	provrtele
prozirati	-irati	visoka	proziram
prozirati	-irati	visoka	proziraš
prozirati	-irati	visoka	prozira
prozirati	-irati	visoka	proziramo
prozirati	-irati	visoka	prozirate
prozirati	-irati	visoka	proziraju
prozirati	-irati	visoka	prozirala
prozirati	-irati	visoka	prozirale
prozirati	-irati	visoka	proziraj
prozirati	-irati	visoka	prozirajte
prozreti	-eti	proveri	prozrim
prozreti	-eti	proveri	prozriš
prozreti	-eti	proveri	prozri
prozreti	-eti	proveri	prozrimo
prozreti	-eti	proveri	prozrite
prozreti	-eti	proveri	prozrelo
prozreti	-eti	proveri	prozrele
pročačkati	-ati/-eti (obrazac -am, pročitan iz rečnika)	visoka	pročačkaš
pročačkati	-ati/-eti (obrazac -am, pročitan iz rečnika)	visoka	pročačkamo
pročačkati	-ati/-eti (obrazac -am, pročitan iz rečnika)	visoka	pročačkate
pročačkati	-ati/-eti (obrazac -am, pročitan iz rečnika)	visoka	pročačkaj
pročačkati	-ati/-eti (obrazac -am, pročitan iz rečnika)	visoka	pročačkajte
pročačkati	-ati/-eti (obrazac -am, pročitan iz rečnika)	visoka	pročačkao
pročačkati	-ati/-eti (obrazac -am, pročitan iz rečnika)	visoka	pročačkala
pročačkati	-ati/-eti (obrazac -am, pročitan iz rečnika)	visoka	pročačkalo
pročačkati	-ati/-eti (obrazac -am, pročitan iz rečnika)	visoka	pročačkali
pročačkati	-ati/-eti (obrazac -am, pročitan iz rečnika)	visoka	pročačkale
pročitavati	-ati/-eti (obrazac -am, pročitan iz rečnika)	visoka	pročitavaš
pročitavati	-ati/-eti (obrazac -am, pročitan iz rečnika)	visoka	pročitavamo
pročitavati	-ati/-eti (obrazac -am, pročitan iz rečnika)	visoka	pročitavate
pročitavati	-ati/-eti (obrazac -am, pročitan iz rečnika)	visoka	pročitavaju
pročitavati	-ati/-eti (obrazac -am, pročitan iz rečnika)	visoka	pročitavajte
pročitavati	-ati/-eti (obrazac -am, pročitan iz rečnika)	visoka	pročitavala
pročitavati	-ati/-eti (obrazac -am, pročitan iz rečnika)	visoka	pročitavalo
pročitavati	-ati/-eti (obrazac -am, pročitan iz rečnika)	visoka	pročitavali
pročitavati	-ati/-eti (obrazac -am, pročitan iz rečnika)	visoka	pročitavale
pročišćavati	-ati/-eti (obrazac -am, pročitan iz rečnika)	visoka	pročišćavaš
pročišćavati	-ati/-eti (obrazac -am, pročitan iz rečnika)	visoka	pročišćavamo
pročišćavati	-ati/-eti (obrazac -am, pročitan iz rečnika)	visoka	pročišćavate
pročišćavati	-ati/-eti (obrazac -am, pročitan iz rečnika)	visoka	pročišćavaj
pročišćavati	-ati/-eti (obrazac -am, pročitan iz rečnika)	visoka	pročišćavajte
pročišćavati	-ati/-eti (obrazac -am, pročitan iz rečnika)	visoka	pročišćavao
pročišćavati	-ati/-eti (obrazac -am, pročitan iz rečnika)	visoka	pročišćavala
pročišćavati	-ati/-eti (obrazac -am, pročitan iz rečnika)	visoka	pročišćavalo
pročišćavati	-ati/-eti (obrazac -am, pročitan iz rečnika)	visoka	pročišćavali
pročišćavati	-ati/-eti (obrazac -am, pročitan iz rečnika)	visoka	pročišćavale
prošaptati	-ati/-eti (obrazac NEPOZNAT: nema oblika prezenta u rečniku)	odluči ti	prošaptalo
prošaptati	-ati/-eti (obrazac NEPOZNAT: nema oblika prezenta u rečniku)	odluči ti	prošaptali
prošaptati	-ati/-eti (obrazac NEPOZNAT: nema oblika prezenta u rečniku)	odluči ti	prošaptale
proširivati	-ati/-eti (obrazac NEPOZNAT: nema oblika prezenta u rečniku)	odluči ti	proširivala
proširivati	-ati/-eti (obrazac NEPOZNAT: nema oblika prezenta u rečniku)	odluči ti	proširivalo
proširivati	-ati/-eti (obrazac NEPOZNAT: nema oblika prezenta u rečniku)	odluči ti	proširivali
proširivati	-ati/-eti (obrazac NEPOZNAT: nema oblika prezenta u rečniku)	odluči ti	proširivale
prošiti	-iti	visoka	prošim
prošiti	-iti	visoka	prošiš
prošiti	-iti	visoka	proši
prošiti	-iti	visoka	prošimo
prošiti	-iti	visoka	prošite
prošiti	-iti	visoka	proše
prošiti	-iti	visoka	prošilo
prošiti	-iti	visoka	prošili
prošiti	-iti	visoka	prošile
prošišati	-ati/-eti (obrazac NEPOZNAT: nema oblika prezenta u rečniku)	odluči ti	prošišala
prošišati	-ati/-eti (obrazac NEPOZNAT: nema oblika prezenta u rečniku)	odluči ti	prošišalo
prošišati	-ati/-eti (obrazac NEPOZNAT: nema oblika prezenta u rečniku)	odluči ti	prošišali
prošišati	-ati/-eti (obrazac NEPOZNAT: nema oblika prezenta u rečniku)	odluči ti	prošišale
prošvercati	-ati/-eti (obrazac NEPOZNAT: nema oblika prezenta u rečniku)	odluči ti	prošvercala
prošvercati	-ati/-eti (obrazac NEPOZNAT: nema oblika prezenta u rečniku)	odluči ti	prošvercalo
prošvercati	-ati/-eti (obrazac NEPOZNAT: nema oblika prezenta u rečniku)	odluči ti	prošvercali
prošvercati	-ati/-eti (obrazac NEPOZNAT: nema oblika prezenta u rečniku)	odluči ti	prošvercale
proždirati	-irati	visoka	proždiram
proždirati	-irati	visoka	proždiraš
proždirati	-irati	visoka	proždira
proždirati	-irati	visoka	proždiramo
proždirati	-irati	visoka	proždirate
proždirati	-irati	visoka	proždiraju
proždirati	-irati	visoka	proždiralo
proždirati	-irati	visoka	proždirale
proždirati	-irati	visoka	proždiraj
proždirati	-irati	visoka	proždirajte
proždrati	-ati/-eti (obrazac NEPOZNAT: nema oblika prezenta u rečniku)	odluči ti	proždrala
proždrati	-ati/-eti (obrazac NEPOZNAT: nema oblika prezenta u rečniku)	odluči ti	proždralo
proždrati	-ati/-eti (obrazac NEPOZNAT: nema oblika prezenta u rečniku)	odluči ti	proždrali
proždrati	-ati/-eti (obrazac NEPOZNAT: nema oblika prezenta u rečniku)	odluči ti	proždrale
proždreti	-eti	proveri	proždrim
proždreti	-eti	proveri	proždriš
proždreti	-eti	proveri	proždri
proždreti	-eti	proveri	proždrimo
proždreti	-eti	proveri	proždrite
proždreti	-eti	proveri	proždreo
proždreti	-eti	proveri	proždrela
proždreti	-eti	proveri	proždrelo
proždreti	-eti	proveri	proždreli
proždreti	-eti	proveri	proždrele
prožvakati	-ati/-eti (obrazac NEPOZNAT: nema oblika prezenta u rečniku)	odluči ti	prožvakala
prožvakati	-ati/-eti (obrazac NEPOZNAT: nema oblika prezenta u rečniku)	odluči ti	prožvakalo
prožvakati	-ati/-eti (obrazac NEPOZNAT: nema oblika prezenta u rečniku)	odluči ti	prožvakali
prožvakati	-ati/-eti (obrazac NEPOZNAT: nema oblika prezenta u rečniku)	odluči ti	prožvakale
prstenovati	-ovati	visoka	prstenuje
prstenovati	-ovati	visoka	prstenujemo
prstenovati	-ovati	visoka	prstenujete
prstenovati	-ovati	visoka	prstenovala
prstenovati	-ovati	visoka	prstenovalo
prstenovati	-ovati	visoka	prstenovali
prstenovati	-ovati	visoka	prstenovale
prstenovati	-ovati	visoka	prstenuj
prstenovati	-ovati	visoka	prstenujte
prtiti	-iti	visoka	prtiš
prtiti	-iti	visoka	prtimo
prtiti	-iti	visoka	prtite
prtiti	-iti	visoka	prtila
prtiti	-iti	visoka	prtilo
prtiti	-iti	visoka	prtili
prtiti	-iti	visoka	prtile
prućati	-ati/-eti (obrazac -em, pročitan iz rečnika)	visoka	prućeš
prućati	-ati/-eti (obrazac -em, pročitan iz rečnika)	visoka	prućemo
prućati	-ati/-eti (obrazac -em, pročitan iz rečnika)	visoka	prućete
prućati	-ati/-eti (obrazac -em, pročitan iz rečnika)	visoka	pruću
prućati	-ati/-eti (obrazac -em, pročitan iz rečnika)	visoka	prućite
prućati	-ati/-eti (obrazac -em, pročitan iz rečnika)	visoka	prućao
prućati	-ati/-eti (obrazac -em, pročitan iz rečnika)	visoka	prućala
prućati	-ati/-eti (obrazac -em, pročitan iz rečnika)	visoka	prućalo
prućati	-ati/-eti (obrazac -em, pročitan iz rečnika)	visoka	prućali
prućati	-ati/-eti (obrazac -em, pročitan iz rečnika)	visoka	prućale
prućiti	-iti	visoka	prućim
prućiti	-iti	visoka	prućiš
prućiti	-iti	visoka	prućimo
prućiti	-iti	visoka	prućite
prućiti	-iti	visoka	prućila
prućiti	-iti	visoka	prućilo
prućiti	-iti	visoka	prućili
prućiti	-iti	visoka	prućile
publikovati	-ovati	visoka	publikujem
publikovati	-ovati	visoka	publikuješ
publikovati	-ovati	visoka	publikujemo
publikovati	-ovati	visoka	publikujete
publikovati	-ovati	visoka	publikovala
publikovati	-ovati	visoka	publikovalo
publikovati	-ovati	visoka	publikovali
publikovati	-ovati	visoka	publikovale
publikovati	-ovati	visoka	publikuj
publikovati	-ovati	visoka	publikujte
pucnuti	-nuti	visoka	pucnemo
pucnuti	-nuti	visoka	pucnete
pucnuti	-nuti	visoka	pucnu
pucnuti	-nuti	visoka	pucnula
pucnuti	-nuti	visoka	pucnulo
pucnuti	-nuti	visoka	pucnuli
pucnuti	-nuti	visoka	pucnule
pucnuti	-nuti	visoka	pucnite
puhnuti	-nuti	visoka	puhneš
puhnuti	-nuti	visoka	puhnemo
puhnuti	-nuti	visoka	puhnete
puhnuti	-nuti	visoka	puhnuo
puhnuti	-nuti	visoka	puhnula
puhnuti	-nuti	visoka	puhnulo
puhnuti	-nuti	visoka	puhnuli
puhnuti	-nuti	visoka	puhnule
puhnuti	-nuti	visoka	puhnite
pujdati	-ati/-eti (obrazac NEPOZNAT: nema oblika prezenta u rečniku)	odluči ti	pujdala
pujdati	-ati/-eti (obrazac NEPOZNAT: nema oblika prezenta u rečniku)	odluči ti	pujdalo
pujdati	-ati/-eti (obrazac NEPOZNAT: nema oblika prezenta u rečniku)	odluči ti	pujdale
puškarati	-ati/-eti (obrazac -am, pročitan iz rečnika)	visoka	puškaraš
puškarati	-ati/-eti (obrazac -am, pročitan iz rečnika)	visoka	puškaramo
puškarati	-ati/-eti (obrazac -am, pročitan iz rečnika)	visoka	puškarate
puškarati	-ati/-eti (obrazac -am, pročitan iz rečnika)	visoka	puškaraj
puškarati	-ati/-eti (obrazac -am, pročitan iz rečnika)	visoka	puškarajte
puškarati	-ati/-eti (obrazac -am, pročitan iz rečnika)	visoka	puškarao
puškarati	-ati/-eti (obrazac -am, pročitan iz rečnika)	visoka	puškarala
puškarati	-ati/-eti (obrazac -am, pročitan iz rečnika)	visoka	puškaralo
puškarati	-ati/-eti (obrazac -am, pročitan iz rečnika)	visoka	puškarali
puškarati	-ati/-eti (obrazac -am, pročitan iz rečnika)	visoka	puškarale
rabotati	-ati/-eti (obrazac NEPOZNAT: nema oblika prezenta u rečniku)	odluči ti	rabotala
rabotati	-ati/-eti (obrazac NEPOZNAT: nema oblika prezenta u rečniku)	odluči ti	rabotalo
rabotati	-ati/-eti (obrazac NEPOZNAT: nema oblika prezenta u rečniku)	odluči ti	rabotali
rabotati	-ati/-eti (obrazac NEPOZNAT: nema oblika prezenta u rečniku)	odluči ti	rabotale
rakoliti	-iti	visoka	rakolim
rakoliti	-iti	visoka	rakoliš
rakoliti	-iti	visoka	rakolimo
rakoliti	-iti	visoka	rakolite
rakoliti	-iti	visoka	rakole
rakoliti	-iti	visoka	rakolila
rakoliti	-iti	visoka	rakolilo
rakoliti	-iti	visoka	rakolili
rakoliti	-iti	visoka	rakolile
rangirati	-irati	visoka	rangiram
rangirati	-irati	visoka	rangiraš
rangirati	-irati	visoka	rangiramo
rangirati	-irati	visoka	rangirate
rangirati	-irati	visoka	rangirao
rangirati	-irati	visoka	rangiralo
rangirati	-irati	visoka	rangirali
rangirati	-irati	visoka	rangiraj
rangirati	-irati	visoka	rangirajte
raportirati	-irati	visoka	raportiram
raportirati	-irati	visoka	raportiramo
raportirati	-irati	visoka	raportirate
raportirati	-irati	visoka	raportiraju
raportirati	-irati	visoka	raportirala
raportirati	-irati	visoka	raportiralo
raportirati	-irati	visoka	raportirali
raportirati	-irati	visoka	raportirale
rasađivati	-ati/-eti (obrazac NEPOZNAT: nema oblika prezenta u rečniku)	odluči ti	rasađivala
rasađivati	-ati/-eti (obrazac NEPOZNAT: nema oblika prezenta u rečniku)	odluči ti	rasađivalo
rasađivati	-ati/-eti (obrazac NEPOZNAT: nema oblika prezenta u rečniku)	odluči ti	rasađivali
rasađivati	-ati/-eti (obrazac NEPOZNAT: nema oblika prezenta u rečniku)	odluči ti	rasađivale
rascepati	-ati/-eti (obrazac -im, pročitan iz rečnika)	visoka	rascepim
rascepati	-ati/-eti (obrazac -im, pročitan iz rečnika)	visoka	rascepimo
rascepati	-ati/-eti (obrazac -im, pročitan iz rečnika)	visoka	rascepite
rascepati	-ati/-eti (obrazac -im, pročitan iz rečnika)	visoka	rascepao
rascepati	-ati/-eti (obrazac -im, pročitan iz rečnika)	visoka	rascepala
rascepati	-ati/-eti (obrazac -im, pročitan iz rečnika)	visoka	rascepalo
rascepati	-ati/-eti (obrazac -im, pročitan iz rečnika)	visoka	rascepali
rascepati	-ati/-eti (obrazac -im, pročitan iz rečnika)	visoka	rascepale
raseliti	-iti	visoka	raselim
raseliti	-iti	visoka	raseliš
raseliti	-iti	visoka	raselimo
raseliti	-iti	visoka	raselite
raseliti	-iti	visoka	rasele
raseliti	-iti	visoka	raselila
raseliti	-iti	visoka	raselile
rasformirati	-irati	visoka	rasformiram
rasformirati	-irati	visoka	rasformiraš
rasformirati	-irati	visoka	rasformiramo
rasformirati	-irati	visoka	rasformirate
rasformirati	-irati	visoka	rasformiraju
rasformirati	-irati	visoka	rasformirao
rasformirati	-irati	visoka	rasformirala
rasformirati	-irati	visoka	rasformiralo
rasformirati	-irati	visoka	rasformirali
rasformirati	-irati	visoka	rasformirale
rasformirati	-irati	visoka	rasformiraj
rasformirati	-irati	visoka	rasformirajte
rashodovati	-ovati	visoka	rashoduješ
rashodovati	-ovati	visoka	rashodujemo
rashodovati	-ovati	visoka	rashodujete
rashodovati	-ovati	visoka	rashoduju
rashodovati	-ovati	visoka	rashodovao
rashodovati	-ovati	visoka	rashodovala
rashodovati	-ovati	visoka	rashodovalo
rashodovati	-ovati	visoka	rashodovali
rashodovati	-ovati	visoka	rashodovale
rashodovati	-ovati	visoka	rashoduj
rashodovati	-ovati	visoka	rashodujte
raskopavati	-ati/-eti (obrazac NEPOZNAT: nema oblika prezenta u rečniku)	odluči ti	raskopavala
raskopavati	-ati/-eti (obrazac NEPOZNAT: nema oblika prezenta u rečniku)	odluči ti	raskopavalo
raskopavati	-ati/-eti (obrazac NEPOZNAT: nema oblika prezenta u rečniku)	odluči ti	raskopavali
raskopavati	-ati/-eti (obrazac NEPOZNAT: nema oblika prezenta u rečniku)	odluči ti	raskopavale
raskovati	-ovati	visoka	raskujem
raskovati	-ovati	visoka	raskuješ
raskovati	-ovati	visoka	raskuje
raskovati	-ovati	visoka	raskujemo
raskovati	-ovati	visoka	raskujete
raskovati	-ovati	visoka	raskuju
raskovati	-ovati	visoka	raskovala
raskovati	-ovati	visoka	raskovalo
raskovati	-ovati	visoka	raskovale
raskovati	-ovati	visoka	raskujte
raskraviti	-iti	visoka	raskravim
raskraviti	-iti	visoka	raskraviš
raskraviti	-iti	visoka	raskravimo
raskraviti	-iti	visoka	raskravite
raskraviti	-iti	visoka	raskrave
raskraviti	-iti	visoka	raskravila
raskraviti	-iti	visoka	raskravile
raskrečiti	-iti	visoka	raskrečim
raskrečiti	-iti	visoka	raskrečiš
raskrečiti	-iti	visoka	raskrečimo
raskrečiti	-iti	visoka	raskrečite
raskrečiti	-iti	visoka	raskreče
raskrečiti	-iti	visoka	raskrečila
raskrečiti	-iti	visoka	raskrečilo
raskrečiti	-iti	visoka	raskrečili
raskrečiti	-iti	visoka	raskrečile
raskriliti	-iti	visoka	raskrilim
raskriliti	-iti	visoka	raskriliš
raskriliti	-iti	visoka	raskrilimo
raskriliti	-iti	visoka	raskrilite
raskriliti	-iti	visoka	raskrile
raskriliti	-iti	visoka	raskrililo
raskriliti	-iti	visoka	raskrilili
raskriliti	-iti	visoka	raskrilile
raskrvaviti	-iti	visoka	raskrvavim
raskrvaviti	-iti	visoka	raskrvaviš
raskrvaviti	-iti	visoka	raskrvavi
raskrvaviti	-iti	visoka	raskrvavimo
raskrvaviti	-iti	visoka	raskrvavite
raskrvaviti	-iti	visoka	raskrvave
raskrvaviti	-iti	visoka	raskrvavila
raskrvaviti	-iti	visoka	raskrvavile
raskućiti	-iti	visoka	raskućim
raskućiti	-iti	visoka	raskućiš
raskućiti	-iti	visoka	raskućimo
raskućiti	-iti	visoka	raskućite
raskućiti	-iti	visoka	raskuće
raskućiti	-iti	visoka	raskućila
raskućiti	-iti	visoka	raskućilo
raskućiti	-iti	visoka	raskućili
raskućiti	-iti	visoka	raskućile
raskvasiti	-iti	visoka	raskvasim
raskvasiti	-iti	visoka	raskvasiš
raskvasiti	-iti	visoka	raskvasi
raskvasiti	-iti	visoka	raskvasimo
raskvasiti	-iti	visoka	raskvasite
raskvasiti	-iti	visoka	raskvase
raskvasiti	-iti	visoka	raskvasila
raskvasiti	-iti	visoka	raskvasili
raskvasiti	-iti	visoka	raskvasile
raspadnuti	-nuti	visoka	raspadnemo
raspadnuti	-nuti	visoka	raspadnete
raspadnuti	-nuti	visoka	raspadnuo
raspadnuti	-nuti	visoka	raspadnula
raspadnuti	-nuti	visoka	raspadnulo
raspadnuti	-nuti	visoka	raspadnuli
raspadnuti	-nuti	visoka	raspadnule
raspadnuti	-nuti	visoka	raspadni
raspadnuti	-nuti	visoka	raspadnite
raspametiti	-iti	visoka	raspametim
raspametiti	-iti	visoka	raspametiš
raspametiti	-iti	visoka	raspametimo
raspametiti	-iti	visoka	raspametite
raspametiti	-iti	visoka	raspamete
raspametiti	-iti	visoka	raspametilo
raspametiti	-iti	visoka	raspametili
raspametiti	-iti	visoka	raspametile
rasparati	-ati/-eti (obrazac NEPOZNAT: nema oblika prezenta u rečniku)	odluči ti	rasparala
rasparati	-ati/-eti (obrazac NEPOZNAT: nema oblika prezenta u rečniku)	odluči ti	rasparalo
rasparati	-ati/-eti (obrazac NEPOZNAT: nema oblika prezenta u rečniku)	odluči ti	rasparali
rasparati	-ati/-eti (obrazac NEPOZNAT: nema oblika prezenta u rečniku)	odluči ti	rasparale
raspariti	-iti	visoka	rasparim
raspariti	-iti	visoka	raspariš
raspariti	-iti	visoka	raspari
raspariti	-iti	visoka	rasparimo
raspariti	-iti	visoka	rasparite
raspariti	-iti	visoka	raspare
raspariti	-iti	visoka	raspario
raspariti	-iti	visoka	rasparila
raspariti	-iti	visoka	rasparilo
raspariti	-iti	visoka	rasparili
raspariti	-iti	visoka	rasparile
raspasati	-ati/-eti (obrazac -pal, pročitan iz rečnika)	visoka	raspašeš
raspasati	-ati/-eti (obrazac -pal, pročitan iz rečnika)	visoka	raspaše
raspasati	-ati/-eti (obrazac -pal, pročitan iz rečnika)	visoka	raspašemo
raspasati	-ati/-eti (obrazac -pal, pročitan iz rečnika)	visoka	raspašete
raspasati	-ati/-eti (obrazac -pal, pročitan iz rečnika)	visoka	raspašu
raspasati	-ati/-eti (obrazac -pal, pročitan iz rečnika)	visoka	raspaši
raspasati	-ati/-eti (obrazac -pal, pročitan iz rečnika)	visoka	raspašite
raspasati	-ati/-eti (obrazac -pal, pročitan iz rečnika)	visoka	raspasalo
raspasati	-ati/-eti (obrazac -pal, pročitan iz rečnika)	visoka	raspasali
raspasati	-ati/-eti (obrazac -pal, pročitan iz rečnika)	visoka	raspasale
raspiriti	-iti	visoka	raspiriš
raspiriti	-iti	visoka	raspirimo
raspiriti	-iti	visoka	raspirite
raspiriti	-iti	visoka	raspire
raspiriti	-iti	visoka	raspirio
raspiriti	-iti	visoka	raspirila
raspiriti	-iti	visoka	raspirilo
raspiriti	-iti	visoka	raspirili
raspirivati	-ati/-eti (obrazac NEPOZNAT: nema oblika prezenta u rečniku)	odluči ti	raspirivala
raspirivati	-ati/-eti (obrazac NEPOZNAT: nema oblika prezenta u rečniku)	odluči ti	raspirivalo
raspirivati	-ati/-eti (obrazac NEPOZNAT: nema oblika prezenta u rečniku)	odluči ti	raspirivale
rasplamsati	-ati/-eti (obrazac NEPOZNAT: nema oblika prezenta u rečniku)	odluči ti	rasplamsalo
rasplamsati	-ati/-eti (obrazac NEPOZNAT: nema oblika prezenta u rečniku)	odluči ti	rasplamsali
rasplamsati	-ati/-eti (obrazac NEPOZNAT: nema oblika prezenta u rečniku)	odluči ti	rasplamsale
rasplamteti	-eti	proveri	rasplamtim
rasplamteti	-eti	proveri	rasplamtiš
rasplamteti	-eti	proveri	rasplamtimo
rasplamteti	-eti	proveri	rasplamtite
rasplamteti	-eti	proveri	rasplamte
rasplamteti	-eti	proveri	rasplamtela
rasplamteti	-eti	proveri	rasplamtelo
rasplamteti	-eti	proveri	rasplamteli
rasplamteti	-eti	proveri	rasplamtele
raspojasati	-ati/-eti (obrazac NEPOZNAT: nema oblika prezenta u rečniku)	odluči ti	raspojasala
raspojasati	-ati/-eti (obrazac NEPOZNAT: nema oblika prezenta u rečniku)	odluči ti	raspojasalo
raspojasati	-ati/-eti (obrazac NEPOZNAT: nema oblika prezenta u rečniku)	odluči ti	raspojasali
raspojasati	-ati/-eti (obrazac NEPOZNAT: nema oblika prezenta u rečniku)	odluči ti	raspojasale
raspoloviti	-iti	visoka	raspolovim
raspoloviti	-iti	visoka	raspoloviš
raspoloviti	-iti	visoka	raspolovimo
raspoloviti	-iti	visoka	raspolovite
raspoloviti	-iti	visoka	raspolove
raspoloviti	-iti	visoka	raspolovila
raspoloviti	-iti	visoka	raspolovilo
raspoloviti	-iti	visoka	raspolovili
raspoloviti	-iti	visoka	raspolovile
raspoložiti	-iti	visoka	raspoložimo
raspoložiti	-iti	visoka	raspoložite
raspoložiti	-iti	visoka	raspolože
raspoložiti	-iti	visoka	raspoložila
raspoložiti	-iti	visoka	raspoložilo
raspoložiti	-iti	visoka	raspoložili
raspoložiti	-iti	visoka	raspoložile
raspolutiti	-iti	visoka	raspolutim
raspolutiti	-iti	visoka	raspolutiš
raspolutiti	-iti	visoka	raspolutimo
raspolutiti	-iti	visoka	raspolutite
raspolutiti	-iti	visoka	raspolutila
raspolutiti	-iti	visoka	raspolutilo
raspolutiti	-iti	visoka	raspolutile
raspomamiti	-iti	visoka	raspomamim
raspomamiti	-iti	visoka	raspomamiš
raspomamiti	-iti	visoka	raspomami
raspomamiti	-iti	visoka	raspomamimo
raspomamiti	-iti	visoka	raspomamite
raspomamiti	-iti	visoka	raspomame
raspomamiti	-iti	visoka	raspomamila
raspomamiti	-iti	visoka	raspomamilo
raspomamiti	-iti	visoka	raspomamili
raspomamiti	-iti	visoka	raspomamile
raspoznavati	-ati/-eti (obrazac NEPOZNAT: nema oblika prezenta u rečniku)	odluči ti	raspoznavalo
raspoznavati	-ati/-eti (obrazac NEPOZNAT: nema oblika prezenta u rečniku)	odluči ti	raspoznavali
raspoznavati	-ati/-eti (obrazac NEPOZNAT: nema oblika prezenta u rečniku)	odluči ti	raspoznavale
raspremiti	-iti	visoka	raspremimo
raspremiti	-iti	visoka	raspremite
raspremiti	-iti	visoka	raspreme
raspremiti	-iti	visoka	raspremio
raspremiti	-iti	visoka	raspremila
raspremiti	-iti	visoka	raspremilo
raspremiti	-iti	visoka	raspremile
rasprostirati	-irati	visoka	rasprostiram
rasprostirati	-irati	visoka	rasprostiraš
rasprostirati	-irati	visoka	rasprostira
rasprostirati	-irati	visoka	rasprostiramo
rasprostirati	-irati	visoka	rasprostirate
rasprostirati	-irati	visoka	rasprostiraju
rasprostirati	-irati	visoka	rasprostiralo
rasprostirati	-irati	visoka	rasprostirali
rasprostirati	-irati	visoka	rasprostiraj
rasprostirati	-irati	visoka	rasprostirajte
rasprostreti	-eti	proveri	rasprostrim
rasprostreti	-eti	proveri	rasprostriš
rasprostreti	-eti	proveri	rasprostri
rasprostreti	-eti	proveri	rasprostrimo
rasprostreti	-eti	proveri	rasprostrite
rasprostreti	-eti	proveri	rasprostreo
rasprostreti	-eti	proveri	rasprostrela
rasprostreti	-eti	proveri	rasprostrelo
rasprostreti	-eti	proveri	rasprostreli
rasprostreti	-eti	proveri	rasprostrele
rasprsnuti	-nuti	visoka	rasprsnem
rasprsnuti	-nuti	visoka	rasprsneš
rasprsnuti	-nuti	visoka	rasprsnemo
rasprsnuti	-nuti	visoka	rasprsnete
rasprsnuti	-nuti	visoka	rasprsnula
rasprsnuti	-nuti	visoka	rasprsnulo
rasprsnuti	-nuti	visoka	rasprsnuli
rasprsnuti	-nuti	visoka	rasprsnule
rasprsnuti	-nuti	visoka	rasprsni
rasprsnuti	-nuti	visoka	rasprsnite
rastapati	-ati/-eti (obrazac NEPOZNAT: nema oblika prezenta u rečniku)	odluči ti	rastapala
rastapati	-ati/-eti (obrazac NEPOZNAT: nema oblika prezenta u rečniku)	odluči ti	rastapalo
rastapati	-ati/-eti (obrazac NEPOZNAT: nema oblika prezenta u rečniku)	odluči ti	rastapali
rastereti	-eti	proveri	rasterim
rastereti	-eti	proveri	rasteriš
rastereti	-eti	proveri	rasteri
rastereti	-eti	proveri	rasterimo
rastereti	-eti	proveri	rasterite
rastereti	-eti	proveri	rastere
rastereti	-eti	proveri	rastereo
rastereti	-eti	proveri	rasterela
rastereti	-eti	proveri	rasterelo
rastereti	-eti	proveri	rastereli
rastereti	-eti	proveri	rasterele
rastovariti	-iti	visoka	rastovariš
rastovariti	-iti	visoka	rastovarimo
rastovariti	-iti	visoka	rastovarite
rastovariti	-iti	visoka	rastovare
rastovariti	-iti	visoka	rastovario
rastovariti	-iti	visoka	rastovarila
rastovariti	-iti	visoka	rastovarilo
rastovariti	-iti	visoka	rastovarili
rastovariti	-iti	visoka	rastovarile
rastresati	-ati/-eti (obrazac NEPOZNAT: nema oblika prezenta u rečniku)	odluči ti	rastresala
rastresati	-ati/-eti (obrazac NEPOZNAT: nema oblika prezenta u rečniku)	odluči ti	rastresalo
rastresati	-ati/-eti (obrazac NEPOZNAT: nema oblika prezenta u rečniku)	odluči ti	rastresali
rastresati	-ati/-eti (obrazac NEPOZNAT: nema oblika prezenta u rečniku)	odluči ti	rastresale
rastrezniti	-iti	visoka	rastreznim
rastrezniti	-iti	visoka	rastrezniš
rastrezniti	-iti	visoka	rastreznimo
rastrezniti	-iti	visoka	rastreznite
rastrezniti	-iti	visoka	rastrezne
rastrezniti	-iti	visoka	rastreznila
rastrezniti	-iti	visoka	rastreznilo
rastrezniti	-iti	visoka	rastreznili
rastrezniti	-iti	visoka	rastreznile
rastumačiti	-iti	visoka	rastumačiš
rastumačiti	-iti	visoka	rastumačimo
rastumačiti	-iti	visoka	rastumačite
rastumačiti	-iti	visoka	rastumačila
rastumačiti	-iti	visoka	rastumačilo
rastumačiti	-iti	visoka	rastumačili
rastumačiti	-iti	visoka	rastumačile
ratifikovati	-ovati	visoka	ratifikujem
ratifikovati	-ovati	visoka	ratifikuješ
ratifikovati	-ovati	visoka	ratifikujemo
ratifikovati	-ovati	visoka	ratifikujete
ratifikovati	-ovati	visoka	ratifikovao
ratifikovati	-ovati	visoka	ratifikovalo
ratifikovati	-ovati	visoka	ratifikovali
ratifikovati	-ovati	visoka	ratifikovale
ratifikovati	-ovati	visoka	ratifikuj
ratifikovati	-ovati	visoka	ratifikujte
ratosiljati	-ati/-eti (obrazac -am, pročitan iz rečnika)	visoka	ratosilja
ratosiljati	-ati/-eti (obrazac -am, pročitan iz rečnika)	visoka	ratosiljamo
ratosiljati	-ati/-eti (obrazac -am, pročitan iz rečnika)	visoka	ratosiljate
ratosiljati	-ati/-eti (obrazac -am, pročitan iz rečnika)	visoka	ratosiljaju
ratosiljati	-ati/-eti (obrazac -am, pročitan iz rečnika)	visoka	ratosiljaj
ratosiljati	-ati/-eti (obrazac -am, pročitan iz rečnika)	visoka	ratosiljajte
ratosiljati	-ati/-eti (obrazac -am, pročitan iz rečnika)	visoka	ratosiljala
ratosiljati	-ati/-eti (obrazac -am, pročitan iz rečnika)	visoka	ratosiljalo
ratosiljati	-ati/-eti (obrazac -am, pročitan iz rečnika)	visoka	ratosiljali
ratosiljati	-ati/-eti (obrazac -am, pročitan iz rečnika)	visoka	ratosiljale
razabirati	-irati	visoka	razabiram
razabirati	-irati	visoka	razabiraš
razabirati	-irati	visoka	razabirate
razabirati	-irati	visoka	razabiraju
razabirati	-irati	visoka	razabirala
razabirati	-irati	visoka	razabiralo
razabirati	-irati	visoka	razabirali
razabirati	-irati	visoka	razabirale
razabirati	-irati	visoka	razabiraj
razabirati	-irati	visoka	razabirajte
razaslati	-ati/-eti (obrazac NEPOZNAT: nema oblika prezenta u rečniku)	odluči ti	razaslala
razaslati	-ati/-eti (obrazac NEPOZNAT: nema oblika prezenta u rečniku)	odluči ti	razaslalo
razaslati	-ati/-eti (obrazac NEPOZNAT: nema oblika prezenta u rečniku)	odluči ti	razaslale
razastirati	-irati	visoka	razastiram
razastirati	-irati	visoka	razastiraš
razastirati	-irati	visoka	razastira
razastirati	-irati	visoka	razastiramo
razastirati	-irati	visoka	razastirate
razastirati	-irati	visoka	razastiraju
razastirati	-irati	visoka	razastirala
razastirati	-irati	visoka	razastiralo
razastirati	-irati	visoka	razastirale
razastirati	-irati	visoka	razastiraj
razastirati	-irati	visoka	razastirajte
razastreti	-eti	proveri	razastrim
razastreti	-eti	proveri	razastriš
razastreti	-eti	proveri	razastri
razastreti	-eti	proveri	razastrimo
razastreti	-eti	proveri	razastrite
razastreti	-eti	proveri	razastreo
razastreti	-eti	proveri	razastrela
razastreti	-eti	proveri	razastrelo
razastreti	-eti	proveri	razastreli
razastreti	-eti	proveri	razastrele
razaznavati	-ati/-eti (obrazac NEPOZNAT: nema oblika prezenta u rečniku)	odluči ti	razaznavala
razaznavati	-ati/-eti (obrazac NEPOZNAT: nema oblika prezenta u rečniku)	odluči ti	razaznavalo
razaznavati	-ati/-eti (obrazac NEPOZNAT: nema oblika prezenta u rečniku)	odluči ti	razaznavale
razbacivati	-ati/-eti (obrazac NEPOZNAT: nema oblika prezenta u rečniku)	odluči ti	razbacivalo
razbacivati	-ati/-eti (obrazac NEPOZNAT: nema oblika prezenta u rečniku)	odluči ti	razbacivali
razbacivati	-ati/-eti (obrazac NEPOZNAT: nema oblika prezenta u rečniku)	odluči ti	razbacivale
razbaštiniti	-iti	visoka	razbaštinim
razbaštiniti	-iti	visoka	razbaštiniš
razbaštiniti	-iti	visoka	razbaštini
razbaštiniti	-iti	visoka	razbaštinimo
razbaštiniti	-iti	visoka	razbaštinite
razbaštiniti	-iti	visoka	razbaštine
razbaštiniti	-iti	visoka	razbaštinila
razbaštiniti	-iti	visoka	razbaštinilo
razbaštiniti	-iti	visoka	razbaštinili
razbaštiniti	-iti	visoka	razbaštinile
razbjesniti	-iti	visoka	razbjesnim
razbjesniti	-iti	visoka	razbjesniš
razbjesniti	-iti	visoka	razbjesni
razbjesniti	-iti	visoka	razbjesnimo
razbjesniti	-iti	visoka	razbjesnite
razbjesniti	-iti	visoka	razbjesne
razbjesniti	-iti	visoka	razbjesnilo
razbjesniti	-iti	visoka	razbjesnili
razbjesniti	-iti	visoka	razbjesnile
razderati	-ati/-eti (obrazac NEPOZNAT: nema oblika prezenta u rečniku)	odluči ti	razderalo
razderati	-ati/-eti (obrazac NEPOZNAT: nema oblika prezenta u rečniku)	odluči ti	razderali
razderati	-ati/-eti (obrazac NEPOZNAT: nema oblika prezenta u rečniku)	odluči ti	razderale
razdirati	-irati	visoka	razdiram
razdirati	-irati	visoka	razdiraš
razdirati	-irati	visoka	razdira
razdirati	-irati	visoka	razdiramo
razdirati	-irati	visoka	razdirate
razdirati	-irati	visoka	razdiraju
razdirati	-irati	visoka	razdiraj
razdirati	-irati	visoka	razdirajte
razdreti	-eti	proveri	razdrim
razdreti	-eti	proveri	razdriš
razdreti	-eti	proveri	razdri
razdreti	-eti	proveri	razdrimo
razdreti	-eti	proveri	razdrite
razdreti	-eti	proveri	razdre
razdreti	-eti	proveri	razdreo
razdreti	-eti	proveri	razdrela
razdreti	-eti	proveri	razdrelo
razdreti	-eti	proveri	razdreli
razdreti	-eti	proveri	razdrele
razdrobiti	-iti	visoka	razdrobim
razdrobiti	-iti	visoka	razdrobimo
razdrobiti	-iti	visoka	razdrobite
razdrobiti	-iti	visoka	razdrobila
razdrobiti	-iti	visoka	razdrobilo
razdrobiti	-iti	visoka	razdrobili
razdrobiti	-iti	visoka	razdrobile
razdužiti	-iti	visoka	razdužiš
razdužiti	-iti	visoka	razdužimo
razdužiti	-iti	visoka	razdužite
razdužiti	-iti	visoka	razdužila
razdužiti	-iti	visoka	razdužilo
razdužiti	-iti	visoka	razdužili
razdužiti	-iti	visoka	razdužile
razglaviti	-iti	visoka	razglavim
razglaviti	-iti	visoka	razglaviš
razglaviti	-iti	visoka	razglavimo
razglaviti	-iti	visoka	razglavite
razglaviti	-iti	visoka	razglave
razglaviti	-iti	visoka	razglavila
razglaviti	-iti	visoka	razglavilo
razglaviti	-iti	visoka	razglavili
razglaviti	-iti	visoka	razglavile
razgledavati	-ati/-eti (obrazac -am, pročitan iz rečnika)	visoka	razgledavaš
razgledavati	-ati/-eti (obrazac -am, pročitan iz rečnika)	visoka	razgledava
razgledavati	-ati/-eti (obrazac -am, pročitan iz rečnika)	visoka	razgledavate
razgledavati	-ati/-eti (obrazac -am, pročitan iz rečnika)	visoka	razgledavaju
razgledavati	-ati/-eti (obrazac -am, pročitan iz rečnika)	visoka	razgledavaj
razgledavati	-ati/-eti (obrazac -am, pročitan iz rečnika)	visoka	razgledavajte
razgledavati	-ati/-eti (obrazac -am, pročitan iz rečnika)	visoka	razgledavala
razgledavati	-ati/-eti (obrazac -am, pročitan iz rečnika)	visoka	razgledavalo
razgledavati	-ati/-eti (obrazac -am, pročitan iz rečnika)	visoka	razgledavali
razgledavati	-ati/-eti (obrazac -am, pročitan iz rečnika)	visoka	razgledavale
razgolititi	-iti	visoka	razgolitim
razgolititi	-iti	visoka	razgolitiš
razgolititi	-iti	visoka	razgolitimo
razgolititi	-iti	visoka	razgolitite
razgolititi	-iti	visoka	razgolite
razgolititi	-iti	visoka	razgolitila
razgolititi	-iti	visoka	razgolitilo
razgolititi	-iti	visoka	razgolitili
razgolititi	-iti	visoka	razgolitile
razgoropaditi	-iti	visoka	razgoropadim
razgoropaditi	-iti	visoka	razgoropadiš
razgoropaditi	-iti	visoka	razgoropadi
razgoropaditi	-iti	visoka	razgoropadimo
razgoropaditi	-iti	visoka	razgoropadite
razgoropaditi	-iti	visoka	razgoropade
razgoropaditi	-iti	visoka	razgoropadilo
razgoropaditi	-iti	visoka	razgoropadili
razgoropaditi	-iti	visoka	razgoropadile
razgrađivati	-ati/-eti (obrazac NEPOZNAT: nema oblika prezenta u rečniku)	odluči ti	razgrađivala
razgrađivati	-ati/-eti (obrazac NEPOZNAT: nema oblika prezenta u rečniku)	odluči ti	razgrađivalo
razgrađivati	-ati/-eti (obrazac NEPOZNAT: nema oblika prezenta u rečniku)	odluči ti	razgrađivali
razgrađivati	-ati/-eti (obrazac NEPOZNAT: nema oblika prezenta u rečniku)	odluči ti	razgrađivale
razgrejati	-ati/-eti (obrazac NEPOZNAT: nema oblika prezenta u rečniku)	odluči ti	razgrejala
razgrejati	-ati/-eti (obrazac NEPOZNAT: nema oblika prezenta u rečniku)	odluči ti	razgrejalo
razgrejati	-ati/-eti (obrazac NEPOZNAT: nema oblika prezenta u rečniku)	odluči ti	razgrejali
razgrejati	-ati/-eti (obrazac NEPOZNAT: nema oblika prezenta u rečniku)	odluči ti	razgrejale
razjedati	-ati/-eti (obrazac NEPOZNAT: nema oblika prezenta u rečniku)	odluči ti	razjedala
razjedati	-ati/-eti (obrazac NEPOZNAT: nema oblika prezenta u rečniku)	odluči ti	razjedalo
razjedati	-ati/-eti (obrazac NEPOZNAT: nema oblika prezenta u rečniku)	odluči ti	razjedali
razjedati	-ati/-eti (obrazac NEPOZNAT: nema oblika prezenta u rečniku)	odluči ti	razjedale
razlabaviti	-iti	visoka	razlabavim
razlabaviti	-iti	visoka	razlabaviš
razlabaviti	-iti	visoka	razlabavi
razlabaviti	-iti	visoka	razlabavimo
razlabaviti	-iti	visoka	razlabavite
razlabaviti	-iti	visoka	razlabave
razlabaviti	-iti	visoka	razlabavila
razlabaviti	-iti	visoka	razlabavilo
razlabaviti	-iti	visoka	razlabavili
razlabaviti	-iti	visoka	razlabavile
razleti	-eti	proveri	razlim
razleti	-eti	proveri	razliš
razleti	-eti	proveri	razli
razleti	-eti	proveri	razlimo
razleti	-eti	proveri	razlite
razleti	-eti	proveri	razle
razleti	-eti	proveri	razleo
razleti	-eti	proveri	razlela
razleti	-eti	proveri	razlelo
razleti	-eti	proveri	razleli
razleti	-eti	proveri	razlele
razliti	-iti	visoka	razlim
razliti	-iti	visoka	razliš
razliti	-iti	visoka	razli
razliti	-iti	visoka	razlimo
razliti	-iti	visoka	razlite
razliti	-iti	visoka	razle
razliti	-iti	visoka	razlile
razlomiti	-iti	visoka	razlomim
razlomiti	-iti	visoka	razlomiš
razlomiti	-iti	visoka	razlomimo
razlomiti	-iti	visoka	razlome
razlomiti	-iti	visoka	razlomila
razlomiti	-iti	visoka	razlomilo
razlomiti	-iti	visoka	razlomile
razlupati	-ati/-eti (obrazac NEPOZNAT: nema oblika prezenta u rečniku)	odluči ti	razlupala
razlupati	-ati/-eti (obrazac NEPOZNAT: nema oblika prezenta u rečniku)	odluči ti	razlupalo
razlupati	-ati/-eti (obrazac NEPOZNAT: nema oblika prezenta u rečniku)	odluči ti	razlupale
razlučivati	-ati/-eti (obrazac NEPOZNAT: nema oblika prezenta u rečniku)	odluči ti	razlučivalo
razlučivati	-ati/-eti (obrazac NEPOZNAT: nema oblika prezenta u rečniku)	odluči ti	razlučivali
razlučivati	-ati/-eti (obrazac NEPOZNAT: nema oblika prezenta u rečniku)	odluči ti	razlučivale
razmahivati	-ati/-eti (obrazac NEPOZNAT: nema oblika prezenta u rečniku)	odluči ti	razmahivala
razmahivati	-ati/-eti (obrazac NEPOZNAT: nema oblika prezenta u rečniku)	odluči ti	razmahivalo
razmahivati	-ati/-eti (obrazac NEPOZNAT: nema oblika prezenta u rečniku)	odluči ti	razmahivali
razmahivati	-ati/-eti (obrazac NEPOZNAT: nema oblika prezenta u rečniku)	odluči ti	razmahivale
razmnožavati	-ati/-eti (obrazac -am, pročitan iz rečnika)	visoka	razmnožavaš
razmnožavati	-ati/-eti (obrazac -am, pročitan iz rečnika)	visoka	razmnožavate
razmnožavati	-ati/-eti (obrazac -am, pročitan iz rečnika)	visoka	razmnožavaj
razmnožavati	-ati/-eti (obrazac -am, pročitan iz rečnika)	visoka	razmnožavajte
razmnožavati	-ati/-eti (obrazac -am, pročitan iz rečnika)	visoka	razmnožavao
razmnožavati	-ati/-eti (obrazac -am, pročitan iz rečnika)	visoka	razmnožavala
razmnožavati	-ati/-eti (obrazac -am, pročitan iz rečnika)	visoka	razmnožavalo
razmnožavati	-ati/-eti (obrazac -am, pročitan iz rečnika)	visoka	razmnožavale
razmontirati	-irati	visoka	razmontiraš
razmontirati	-irati	visoka	razmontiramo
razmontirati	-irati	visoka	razmontirate
razmontirati	-irati	visoka	razmontiraju
razmontirati	-irati	visoka	razmontirao
razmontirati	-irati	visoka	razmontirala
razmontirati	-irati	visoka	razmontiralo
razmontirati	-irati	visoka	razmontirali
razmontirati	-irati	visoka	razmontirale
razmontirati	-irati	visoka	razmontiraj
razmontirati	-irati	visoka	razmontirajte
razmotati	-ati/-eti (obrazac NEPOZNAT: nema oblika prezenta u rečniku)	odluči ti	razmotala
razmotati	-ati/-eti (obrazac NEPOZNAT: nema oblika prezenta u rečniku)	odluči ti	razmotalo
razmotati	-ati/-eti (obrazac NEPOZNAT: nema oblika prezenta u rečniku)	odluči ti	razmotali
razmotavati	-ati/-eti (obrazac -am, pročitan iz rečnika)	visoka	razmotavaš
razmotavati	-ati/-eti (obrazac -am, pročitan iz rečnika)	visoka	razmotavamo
razmotavati	-ati/-eti (obrazac -am, pročitan iz rečnika)	visoka	razmotavate
razmotavati	-ati/-eti (obrazac -am, pročitan iz rečnika)	visoka	razmotavaju
razmotavati	-ati/-eti (obrazac -am, pročitan iz rečnika)	visoka	razmotavaj
razmotavati	-ati/-eti (obrazac -am, pročitan iz rečnika)	visoka	razmotavajte
razmotavati	-ati/-eti (obrazac -am, pročitan iz rečnika)	visoka	razmotavala
razmotavati	-ati/-eti (obrazac -am, pročitan iz rečnika)	visoka	razmotavalo
razmotavati	-ati/-eti (obrazac -am, pročitan iz rečnika)	visoka	razmotavali
razmotavati	-ati/-eti (obrazac -am, pročitan iz rečnika)	visoka	razmotavale
razmrsiti	-iti	visoka	razmrsiš
razmrsiti	-iti	visoka	razmrsite
razmrsiti	-iti	visoka	razmrsio
razmrsiti	-iti	visoka	razmrsila
razmrsiti	-iti	visoka	razmrsilo
razmrsiti	-iti	visoka	razmrsili
razmrsiti	-iti	visoka	razmrsile
razočaravati	-ati/-eti (obrazac -am, pročitan iz rečnika)	visoka	razočaravamo
razočaravati	-ati/-eti (obrazac -am, pročitan iz rečnika)	visoka	razočaravate
razočaravati	-ati/-eti (obrazac -am, pročitan iz rečnika)	visoka	razočaravaj
razočaravati	-ati/-eti (obrazac -am, pročitan iz rečnika)	visoka	razočaravajte
razočaravati	-ati/-eti (obrazac -am, pročitan iz rečnika)	visoka	razočaravao
razočaravati	-ati/-eti (obrazac -am, pročitan iz rečnika)	visoka	razočaravala
razočaravati	-ati/-eti (obrazac -am, pročitan iz rečnika)	visoka	razočaravalo
razočaravati	-ati/-eti (obrazac -am, pročitan iz rečnika)	visoka	razočaravali
razočaravati	-ati/-eti (obrazac -am, pročitan iz rečnika)	visoka	razočaravale
razrastati	-ati/-eti (obrazac NEPOZNAT: nema oblika prezenta u rečniku)	odluči ti	razrastala
razrastati	-ati/-eti (obrazac NEPOZNAT: nema oblika prezenta u rečniku)	odluči ti	razrastalo
razrastati	-ati/-eti (obrazac NEPOZNAT: nema oblika prezenta u rečniku)	odluči ti	razrastali
razrastati	-ati/-eti (obrazac NEPOZNAT: nema oblika prezenta u rečniku)	odluči ti	razrastale
razračunati	-ati/-eti (obrazac -am, pročitan iz rečnika)	visoka	razračunaš
razračunati	-ati/-eti (obrazac -am, pročitan iz rečnika)	visoka	razračunamo
razračunati	-ati/-eti (obrazac -am, pročitan iz rečnika)	visoka	razračunate
razračunati	-ati/-eti (obrazac -am, pročitan iz rečnika)	visoka	razračunaju
razračunati	-ati/-eti (obrazac -am, pročitan iz rečnika)	visoka	razračunaj
razračunati	-ati/-eti (obrazac -am, pročitan iz rečnika)	visoka	razračunajte
razračunati	-ati/-eti (obrazac -am, pročitan iz rečnika)	visoka	razračunao
razračunati	-ati/-eti (obrazac -am, pročitan iz rečnika)	visoka	razračunala
razračunati	-ati/-eti (obrazac -am, pročitan iz rečnika)	visoka	razračunalo
razračunati	-ati/-eti (obrazac -am, pročitan iz rečnika)	visoka	razračunali
razračunati	-ati/-eti (obrazac -am, pročitan iz rečnika)	visoka	razračunale
razrešavati	-ati/-eti (obrazac -am, pročitan iz rečnika)	visoka	razrešavamo
razrešavati	-ati/-eti (obrazac -am, pročitan iz rečnika)	visoka	razrešavate
razrešavati	-ati/-eti (obrazac -am, pročitan iz rečnika)	visoka	razrešavaju
razrešavati	-ati/-eti (obrazac -am, pročitan iz rečnika)	visoka	razrešavaj
razrešavati	-ati/-eti (obrazac -am, pročitan iz rečnika)	visoka	razrešavajte
razrešavati	-ati/-eti (obrazac -am, pročitan iz rečnika)	visoka	razrešavala
razrešavati	-ati/-eti (obrazac -am, pročitan iz rečnika)	visoka	razrešavalo
razrešavati	-ati/-eti (obrazac -am, pročitan iz rečnika)	visoka	razrešavali
razrešavati	-ati/-eti (obrazac -am, pročitan iz rečnika)	visoka	razrešavale
razrogačiti	-iti	visoka	razrogačim
razrogačiti	-iti	visoka	razrogačiš
razrogačiti	-iti	visoka	razrogačimo
razrogačiti	-iti	visoka	razrogačite
razrogačiti	-iti	visoka	razrogače
razrogačiti	-iti	visoka	razrogačila
razrogačiti	-iti	visoka	razrogačilo
razrogačiti	-iti	visoka	razrogačili
razrogačiti	-iti	visoka	razrogačile
razulariti	-iti	visoka	razularim
razulariti	-iti	visoka	razulariš
razulariti	-iti	visoka	razulari
razulariti	-iti	visoka	razularimo
razulariti	-iti	visoka	razularite
razulariti	-iti	visoka	razulare
razulariti	-iti	visoka	razularila
razulariti	-iti	visoka	razularilo
razulariti	-iti	visoka	razularili
razulariti	-iti	visoka	razularile
razuzdati	-ati/-eti (obrazac NEPOZNAT: nema oblika prezenta u rečniku)	odluči ti	razuzdala
razuzdati	-ati/-eti (obrazac NEPOZNAT: nema oblika prezenta u rečniku)	odluči ti	razuzdalo
razuzdati	-ati/-eti (obrazac NEPOZNAT: nema oblika prezenta u rečniku)	odluči ti	razuzdali
razuzdati	-ati/-eti (obrazac NEPOZNAT: nema oblika prezenta u rečniku)	odluči ti	razuzdale
razvaljivati	-ati/-eti (obrazac NEPOZNAT: nema oblika prezenta u rečniku)	odluči ti	razvaljivala
razvaljivati	-ati/-eti (obrazac NEPOZNAT: nema oblika prezenta u rečniku)	odluči ti	razvaljivalo
razvaljivati	-ati/-eti (obrazac NEPOZNAT: nema oblika prezenta u rečniku)	odluči ti	razvaljivale
razvikati	-ati/-eti (obrazac NEPOZNAT: nema oblika prezenta u rečniku)	odluči ti	razvikala
razvikati	-ati/-eti (obrazac NEPOZNAT: nema oblika prezenta u rečniku)	odluči ti	razvikalo
razvikati	-ati/-eti (obrazac NEPOZNAT: nema oblika prezenta u rečniku)	odluči ti	razvikali
razvikati	-ati/-eti (obrazac NEPOZNAT: nema oblika prezenta u rečniku)	odluči ti	razvikale
razvratiti	-iti	visoka	razvratim
razvratiti	-iti	visoka	razvratiš
razvratiti	-iti	visoka	razvratimo
razvratiti	-iti	visoka	razvratite
razvratiti	-iti	visoka	razvratila
razvratiti	-iti	visoka	razvratilo
razvratiti	-iti	visoka	razvratili
razvratiti	-iti	visoka	razvratile
razvrstavati	-ati/-eti (obrazac -am, pročitan iz rečnika)	visoka	razvrstavaš
razvrstavati	-ati/-eti (obrazac -am, pročitan iz rečnika)	visoka	razvrstavamo
razvrstavati	-ati/-eti (obrazac -am, pročitan iz rečnika)	visoka	razvrstavate
razvrstavati	-ati/-eti (obrazac -am, pročitan iz rečnika)	visoka	razvrstavaju
razvrstavati	-ati/-eti (obrazac -am, pročitan iz rečnika)	visoka	razvrstavaj
razvrstavati	-ati/-eti (obrazac -am, pročitan iz rečnika)	visoka	razvrstavajte
razvrstavati	-ati/-eti (obrazac -am, pročitan iz rečnika)	visoka	razvrstavao
razvrstavati	-ati/-eti (obrazac -am, pročitan iz rečnika)	visoka	razvrstavala
razvrstavati	-ati/-eti (obrazac -am, pročitan iz rečnika)	visoka	razvrstavalo
razvrstavati	-ati/-eti (obrazac -am, pročitan iz rečnika)	visoka	razvrstavali
razvrstavati	-ati/-eti (obrazac -am, pročitan iz rečnika)	visoka	razvrstavale
raširivati	-ati/-eti (obrazac NEPOZNAT: nema oblika prezenta u rečniku)	odluči ti	raširivala
raširivati	-ati/-eti (obrazac NEPOZNAT: nema oblika prezenta u rečniku)	odluči ti	raširivalo
raširivati	-ati/-eti (obrazac NEPOZNAT: nema oblika prezenta u rečniku)	odluči ti	raširivali
raširivati	-ati/-eti (obrazac NEPOZNAT: nema oblika prezenta u rečniku)	odluči ti	raširivale
rašiti	-iti	visoka	rašim
rašiti	-iti	visoka	rašiš
rašiti	-iti	visoka	rašimo
rašiti	-iti	visoka	rašite
rašiti	-iti	visoka	rašila
rašiti	-iti	visoka	rašilo
rašiti	-iti	visoka	rašile
raščišćavati	-ati/-eti (obrazac -am, pročitan iz rečnika)	visoka	raščišćavaš
raščišćavati	-ati/-eti (obrazac -am, pročitan iz rečnika)	visoka	raščišćavamo
raščišćavati	-ati/-eti (obrazac -am, pročitan iz rečnika)	visoka	raščišćavate
raščišćavati	-ati/-eti (obrazac -am, pročitan iz rečnika)	visoka	raščišćavaj
raščišćavati	-ati/-eti (obrazac -am, pročitan iz rečnika)	visoka	raščišćavajte
raščišćavati	-ati/-eti (obrazac -am, pročitan iz rečnika)	visoka	raščišćavao
raščišćavati	-ati/-eti (obrazac -am, pročitan iz rečnika)	visoka	raščišćavala
raščišćavati	-ati/-eti (obrazac -am, pročitan iz rečnika)	visoka	raščišćavalo
raščišćavati	-ati/-eti (obrazac -am, pročitan iz rečnika)	visoka	raščišćavali
raščišćavati	-ati/-eti (obrazac -am, pročitan iz rečnika)	visoka	raščišćavale
ražaliti	-iti	visoka	ražalim
ražaliti	-iti	visoka	ražališ
ražaliti	-iti	visoka	ražalimo
ražaliti	-iti	visoka	ražalite
ražaliti	-iti	visoka	ražale
ražaliti	-iti	visoka	ražalila
ražaliti	-iti	visoka	ražalili
ražaliti	-iti	visoka	ražalile
ražalostiti	-iti	visoka	ražalostim
ražalostiti	-iti	visoka	ražalostiš
ražalostiti	-iti	visoka	ražalostimo
ražalostiti	-iti	visoka	ražalostite
ražalostiti	-iti	visoka	ražaloste
ražalostiti	-iti	visoka	ražalostili
ražalostiti	-iti	visoka	ražalostile
reaktivirati	-irati	visoka	reaktiviram
reaktivirati	-irati	visoka	reaktiviraš
reaktivirati	-irati	visoka	reaktiviramo
reaktivirati	-irati	visoka	reaktivirate
reaktivirati	-irati	visoka	reaktiviraju
reaktivirati	-irati	visoka	reaktivirao
reaktivirati	-irati	visoka	reaktivirala
reaktivirati	-irati	visoka	reaktiviralo
reaktivirati	-irati	visoka	reaktivirale
reaktivirati	-irati	visoka	reaktiviraj
reaktivirati	-irati	visoka	reaktivirajte
reducirati	-irati	visoka	reduciram
reducirati	-irati	visoka	reduciraš
reducirati	-irati	visoka	reduciramo
reducirati	-irati	visoka	reduciralo
reducirati	-irati	visoka	reducirali
reducirati	-irati	visoka	reducirale
reducirati	-irati	visoka	reduciraj
reducirati	-irati	visoka	reducirajte
reflektovati	-ovati	visoka	reflektujem
reflektovati	-ovati	visoka	reflektuješ
reflektovati	-ovati	visoka	reflektujemo
reflektovati	-ovati	visoka	reflektujete
reflektovati	-ovati	visoka	reflektovao
reflektovati	-ovati	visoka	reflektovala
reflektovati	-ovati	visoka	reflektovalo
reflektovati	-ovati	visoka	reflektovali
reflektovati	-ovati	visoka	reflektovale
reflektovati	-ovati	visoka	reflektuj
reflektovati	-ovati	visoka	reflektujte
reformisati	-ati/-eti (obrazac NEPOZNAT: nema oblika prezenta u rečniku)	odluči ti	reformisala
reformisati	-ati/-eti (obrazac NEPOZNAT: nema oblika prezenta u rečniku)	odluči ti	reformisalo
reformisati	-ati/-eti (obrazac NEPOZNAT: nema oblika prezenta u rečniku)	odluči ti	reformisali
reformisati	-ati/-eti (obrazac NEPOZNAT: nema oblika prezenta u rečniku)	odluči ti	reformisale
refundirati	-irati	visoka	refundiram
refundirati	-irati	visoka	refundiraš
refundirati	-irati	visoka	refundiramo
refundirati	-irati	visoka	refundirate
refundirati	-irati	visoka	refundiraju
refundirati	-irati	visoka	refundirao
refundirati	-irati	visoka	refundirala
refundirati	-irati	visoka	refundiralo
refundirati	-irati	visoka	refundirali
refundirati	-irati	visoka	refundirale
refundirati	-irati	visoka	refundiraj
refundirati	-irati	visoka	refundirajte
rehabilitirati	-irati	visoka	rehabilitiram
rehabilitirati	-irati	visoka	rehabilitiraš
rehabilitirati	-irati	visoka	rehabilitiramo
rehabilitirati	-irati	visoka	rehabilitirate
rehabilitirati	-irati	visoka	rehabilitiraju
rehabilitirati	-irati	visoka	rehabilitirao
rehabilitirati	-irati	visoka	rehabilitirala
rehabilitirati	-irati	visoka	rehabilitiralo
rehabilitirati	-irati	visoka	rehabilitirali
rehabilitirati	-irati	visoka	rehabilitirale
rehabilitirati	-irati	visoka	rehabilitiraj
rehabilitirati	-irati	visoka	rehabilitirajte
reinkarnirati	-irati	visoka	reinkarniram
reinkarnirati	-irati	visoka	reinkarniraš
reinkarnirati	-irati	visoka	reinkarnira
reinkarnirati	-irati	visoka	reinkarniramo
reinkarnirati	-irati	visoka	reinkarnirate
reinkarnirati	-irati	visoka	reinkarniraju
reinkarnirati	-irati	visoka	reinkarnirala
reinkarnirati	-irati	visoka	reinkarniralo
reinkarnirati	-irati	visoka	reinkarnirali
reinkarnirati	-irati	visoka	reinkarnirale
reinkarnirati	-irati	visoka	reinkarniraj
reinkarnirati	-irati	visoka	reinkarnirajte
reketi	-eti	proveri	rekim
reketi	-eti	proveri	rekiš
reketi	-eti	proveri	reki
reketi	-eti	proveri	rekimo
reketi	-eti	proveri	rekite
reketi	-eti	proveri	rekeo
reketi	-eti	proveri	rekela
reketi	-eti	proveri	rekelo
reketi	-eti	proveri	rekeli
reketi	-eti	proveri	rekele
remizirati	-irati	visoka	remiziram
remizirati	-irati	visoka	remiziraš
remizirati	-irati	visoka	remiziramo
remizirati	-irati	visoka	remizirate
remizirati	-irati	visoka	remiziraju
remizirati	-irati	visoka	remiziralo
remizirati	-irati	visoka	remiziraj
remizirati	-irati	visoka	remizirajte
reparirati	-irati	visoka	repariram
reparirati	-irati	visoka	repariraš
reparirati	-irati	visoka	repariramo
reparirati	-irati	visoka	reparirate
reparirati	-irati	visoka	repariraju
reparirati	-irati	visoka	reparirao
reparirati	-irati	visoka	reparirala
reparirati	-irati	visoka	repariralo
reparirati	-irati	visoka	reparirali
reparirati	-irati	visoka	reparirale
reparirati	-irati	visoka	repariraj
reparirati	-irati	visoka	reparirajte
repati	-ati/-eti (obrazac NEPOZNAT: nema oblika prezenta u rečniku)	odluči ti	repao
repati	-ati/-eti (obrazac NEPOZNAT: nema oblika prezenta u rečniku)	odluči ti	repala
repati	-ati/-eti (obrazac NEPOZNAT: nema oblika prezenta u rečniku)	odluči ti	repalo
repati	-ati/-eti (obrazac NEPOZNAT: nema oblika prezenta u rečniku)	odluči ti	repali
repati	-ati/-eti (obrazac NEPOZNAT: nema oblika prezenta u rečniku)	odluči ti	repale
repetirati	-irati	visoka	repetiraš
repetirati	-irati	visoka	repetiramo
repetirati	-irati	visoka	repetirate
repetirati	-irati	visoka	repetirala
repetirati	-irati	visoka	repetiralo
repetirati	-irati	visoka	repetirali
repetirati	-irati	visoka	repetirale
repetirati	-irati	visoka	repetiraj
repetirati	-irati	visoka	repetirajte
replicirati	-irati	visoka	repliciraš
replicirati	-irati	visoka	repliciramo
replicirati	-irati	visoka	replicirate
replicirati	-irati	visoka	replicirala
replicirati	-irati	visoka	repliciralo
replicirati	-irati	visoka	replicirali
replicirati	-irati	visoka	replicirale
replicirati	-irati	visoka	repliciraj
replicirati	-irati	visoka	replicirajte
repovati	-ovati	visoka	repujemo
repovati	-ovati	visoka	repujete
repovati	-ovati	visoka	repuju
repovati	-ovati	visoka	repovala
repovati	-ovati	visoka	repovalo
repovati	-ovati	visoka	repovali
repovati	-ovati	visoka	repovale
repovati	-ovati	visoka	repuj
repovati	-ovati	visoka	repujte
reprodukovati	-ovati	visoka	reprodukujem
reprodukovati	-ovati	visoka	reprodukuješ
reprodukovati	-ovati	visoka	reprodukujemo
reprodukovati	-ovati	visoka	reprodukujete
reprodukovati	-ovati	visoka	reprodukovao
reprodukovati	-ovati	visoka	reprodukovala
reprodukovati	-ovati	visoka	reprodukovalo
reprodukovati	-ovati	visoka	reprodukovali
reprodukovati	-ovati	visoka	reprodukovale
reprodukovati	-ovati	visoka	reprodukujte
restartovati	-ovati	visoka	restartuješ
restartovati	-ovati	visoka	restartujete
restartovati	-ovati	visoka	restartuju
restartovati	-ovati	visoka	restartovao
restartovati	-ovati	visoka	restartovala
restartovati	-ovati	visoka	restartovalo
restartovati	-ovati	visoka	restartovali
restartovati	-ovati	visoka	restartovale
restartovati	-ovati	visoka	restartujte
restaurirati	-irati	visoka	restauriraš
restaurirati	-irati	visoka	restauriramo
restaurirati	-irati	visoka	restaurirate
restaurirati	-irati	visoka	restaurirala
restaurirati	-irati	visoka	restauriralo
restaurirati	-irati	visoka	restaurirali
restaurirati	-irati	visoka	restaurirale
restaurirati	-irati	visoka	restauriraj
restaurirati	-irati	visoka	restaurirajte
retuširati	-irati	visoka	retuširam
retuširati	-irati	visoka	retuširaš
retuširati	-irati	visoka	retuširamo
retuširati	-irati	visoka	retuširaju
retuširati	-irati	visoka	retuširao
retuširati	-irati	visoka	retuširala
retuširati	-irati	visoka	retuširalo
retuširati	-irati	visoka	retuširale
retuširati	-irati	visoka	retuširaj
retuširati	-irati	visoka	retuširajte
revanširati	-irati	visoka	revanširaš
revanširati	-irati	visoka	revanširamo
revanširati	-irati	visoka	revanširate
revanširati	-irati	visoka	revanširala
revanširati	-irati	visoka	revanširalo
revanširati	-irati	visoka	revanširali
revanširati	-irati	visoka	revanširale
revanširati	-irati	visoka	revanširaj
revanširati	-irati	visoka	revanširajte
revidirati	-irati	visoka	revidiram
revidirati	-irati	visoka	revidirate
revidirati	-irati	visoka	revidirao
revidirati	-irati	visoka	revidiralo
revidirati	-irati	visoka	revidirali
revidirati	-irati	visoka	revidirale
revidirati	-irati	visoka	revidiraj
revidirati	-irati	visoka	revidirajte
revoltirati	-irati	visoka	revoltiram
revoltirati	-irati	visoka	revoltiramo
revoltirati	-irati	visoka	revoltirate
revoltirati	-irati	visoka	revoltiraju
revoltirati	-irati	visoka	revoltirala
revoltirati	-irati	visoka	revoltiralo
revoltirati	-irati	visoka	revoltirali
revoltirati	-irati	visoka	revoltirale
revoltirati	-irati	visoka	revoltirajte
rezbariti	-iti	visoka	rezbariš
rezbariti	-iti	visoka	rezbarimo
rezbariti	-iti	visoka	rezbarite
rezbariti	-iti	visoka	rezbare
rezbariti	-iti	visoka	rezbarila
rezbariti	-iti	visoka	rezbarilo
rezbariti	-iti	visoka	rezbarili
rezbariti	-iti	visoka	rezbarile
rezultovati	-ovati	visoka	rezultujem
rezultovati	-ovati	visoka	rezultuješ
rezultovati	-ovati	visoka	rezultujemo
rezultovati	-ovati	visoka	rezultujete
rezultovati	-ovati	visoka	rezultovala
rezultovati	-ovati	visoka	rezultovali
rezultovati	-ovati	visoka	rezultovale
rezultovati	-ovati	visoka	rezultuj
rezultovati	-ovati	visoka	rezultujte
rečiti	-iti	visoka	rečim
rečiti	-iti	visoka	rečiš
rečiti	-iti	visoka	rečimo
rečiti	-iti	visoka	rečio
rečiti	-iti	visoka	rečila
rečiti	-iti	visoka	rečilo
rečiti	-iti	visoka	rečili
rečiti	-iti	visoka	rečile
rešetati	-ati/-eti (obrazac NEPOZNAT: nema oblika prezenta u rečniku)	odluči ti	rešetala
rešetati	-ati/-eti (obrazac NEPOZNAT: nema oblika prezenta u rečniku)	odluči ti	rešetalo
rešetati	-ati/-eti (obrazac NEPOZNAT: nema oblika prezenta u rečniku)	odluči ti	rešetali
rešetati	-ati/-eti (obrazac NEPOZNAT: nema oblika prezenta u rečniku)	odluči ti	rešetale
rimovati	-ovati	visoka	rimujemo
rimovati	-ovati	visoka	rimujete
rimovati	-ovati	visoka	rimovao
rimovati	-ovati	visoka	rimovala
rimovati	-ovati	visoka	rimovali
rimovati	-ovati	visoka	rimovale
rimovati	-ovati	visoka	rimuj
rimovati	-ovati	visoka	rimujte
rintati	-ati/-eti (obrazac -am, pročitan iz rečnika)	visoka	rinta
rintati	-ati/-eti (obrazac -am, pročitan iz rečnika)	visoka	rintamo
rintati	-ati/-eti (obrazac -am, pročitan iz rečnika)	visoka	rintate
rintati	-ati/-eti (obrazac -am, pročitan iz rečnika)	visoka	rintaju
rintati	-ati/-eti (obrazac -am, pročitan iz rečnika)	visoka	rintajte
rintati	-ati/-eti (obrazac -am, pročitan iz rečnika)	visoka	rintala
rintati	-ati/-eti (obrazac -am, pročitan iz rečnika)	visoka	rintalo
rintati	-ati/-eti (obrazac -am, pročitan iz rečnika)	visoka	rintali
rintati	-ati/-eti (obrazac -am, pročitan iz rečnika)	visoka	rintale
ritati	-ati/-eti (obrazac -am, pročitan iz rečnika)	visoka	ritaš
ritati	-ati/-eti (obrazac -am, pročitan iz rečnika)	visoka	ritamo
ritati	-ati/-eti (obrazac -am, pročitan iz rečnika)	visoka	ritate
ritati	-ati/-eti (obrazac -am, pročitan iz rečnika)	visoka	ritaj
ritati	-ati/-eti (obrazac -am, pročitan iz rečnika)	visoka	ritajte
ritati	-ati/-eti (obrazac -am, pročitan iz rečnika)	visoka	ritalo
ritati	-ati/-eti (obrazac -am, pročitan iz rečnika)	visoka	ritali
ritati	-ati/-eti (obrazac -am, pročitan iz rečnika)	visoka	ritale
ritnuti	-nuti	visoka	ritnem
ritnuti	-nuti	visoka	ritneš
ritnuti	-nuti	visoka	ritnemo
ritnuti	-nuti	visoka	ritnete
ritnuti	-nuti	visoka	ritnuli
ritnuti	-nuti	visoka	ritnule
ritnuti	-nuti	visoka	ritni
ritnuti	-nuti	visoka	ritnite
rolati	-ati/-eti (obrazac -am, pročitan iz rečnika)	visoka	rolaš
rolati	-ati/-eti (obrazac -am, pročitan iz rečnika)	visoka	rolaju
rolati	-ati/-eti (obrazac -am, pročitan iz rečnika)	visoka	rolaj
rolati	-ati/-eti (obrazac -am, pročitan iz rečnika)	visoka	rolajte
rolati	-ati/-eti (obrazac -am, pročitan iz rečnika)	visoka	rolao
rolati	-ati/-eti (obrazac -am, pročitan iz rečnika)	visoka	rolala
rolati	-ati/-eti (obrazac -am, pročitan iz rečnika)	visoka	rolalo
rolati	-ati/-eti (obrazac -am, pročitan iz rečnika)	visoka	rolali
rolati	-ati/-eti (obrazac -am, pročitan iz rečnika)	visoka	rolale
rominjati	-ati/-eti (obrazac -am, pročitan iz rečnika)	visoka	rominjaš
rominjati	-ati/-eti (obrazac -am, pročitan iz rečnika)	visoka	rominjamo
rominjati	-ati/-eti (obrazac -am, pročitan iz rečnika)	visoka	rominjate
rominjati	-ati/-eti (obrazac -am, pročitan iz rečnika)	visoka	rominjaju
rominjati	-ati/-eti (obrazac -am, pročitan iz rečnika)	visoka	rominjaj
rominjati	-ati/-eti (obrazac -am, pročitan iz rečnika)	visoka	rominjajte
rominjati	-ati/-eti (obrazac -am, pročitan iz rečnika)	visoka	rominjao
rominjati	-ati/-eti (obrazac -am, pročitan iz rečnika)	visoka	rominjalo
rominjati	-ati/-eti (obrazac -am, pročitan iz rečnika)	visoka	rominjali
rominjati	-ati/-eti (obrazac -am, pročitan iz rečnika)	visoka	rominjale
rotirati	-irati	visoka	rotiram
rotirati	-irati	visoka	rotiraš
rotirati	-irati	visoka	rotirao
rotirati	-irati	visoka	rotirala
rotirati	-irati	visoka	rotiralo
rotirati	-irati	visoka	rotirali
rotirati	-irati	visoka	rotirale
rotirati	-irati	visoka	rotirajte
rovašiti	-iti	visoka	rovašim
rovašiti	-iti	visoka	rovašiš
rovašiti	-iti	visoka	rovaši
rovašiti	-iti	visoka	rovašimo
rovašiti	-iti	visoka	rovašite
rovašiti	-iti	visoka	rovaše
rovašiti	-iti	visoka	rovašila
rovašiti	-iti	visoka	rovašilo
rovašiti	-iti	visoka	rovašili
rovašiti	-iti	visoka	rovašile
roštiljati	-ati/-eti (obrazac NEPOZNAT: protivrečni oblici: am/em)	odluči ti	roštiljala
roštiljati	-ati/-eti (obrazac NEPOZNAT: protivrečni oblici: am/em)	odluči ti	roštiljalo
roštiljati	-ati/-eti (obrazac NEPOZNAT: protivrečni oblici: am/em)	odluči ti	roštiljali
roštiljati	-ati/-eti (obrazac NEPOZNAT: protivrečni oblici: am/em)	odluči ti	roštiljale
rukati	-ati/-eti (obrazac NEPOZNAT: nema oblika prezenta u rečniku)	odluči ti	rukao
rukati	-ati/-eti (obrazac NEPOZNAT: nema oblika prezenta u rečniku)	odluči ti	rukala
rukati	-ati/-eti (obrazac NEPOZNAT: nema oblika prezenta u rečniku)	odluči ti	rukalo
rukati	-ati/-eti (obrazac NEPOZNAT: nema oblika prezenta u rečniku)	odluči ti	rukali
rukati	-ati/-eti (obrazac NEPOZNAT: nema oblika prezenta u rečniku)	odluči ti	rukale
rukoveti	-eti	proveri	rukovim
rukoveti	-eti	proveri	rukoviš
rukoveti	-eti	proveri	rukovi
rukoveti	-eti	proveri	rukovimo
rukoveti	-eti	proveri	rukovite
rukoveti	-eti	proveri	rukove
rukoveti	-eti	proveri	rukoveo
rukoveti	-eti	proveri	rukovela
rukoveti	-eti	proveri	rukovelo
rukoveti	-eti	proveri	rukoveli
rukoveti	-eti	proveri	rukovele
rumeneti	-eti	proveri	rumeniš
rumeneti	-eti	proveri	rumenimo
rumeneti	-eti	proveri	rumenite
rumeneti	-eti	proveri	rumeneo
rumeneti	-eti	proveri	rumenela
rumeneti	-eti	proveri	rumenelo
rumeneti	-eti	proveri	rumeneli
rumeneti	-eti	proveri	rumenele
ručiti	-iti	visoka	ručim
ručiti	-iti	visoka	ručiš
ručiti	-iti	visoka	ruči
ručiti	-iti	visoka	ručimo
ručiti	-iti	visoka	ručite
ručiti	-iti	visoka	ruče
ručiti	-iti	visoka	ručio
ručiti	-iti	visoka	ručila
ručiti	-iti	visoka	ručilo
ručiti	-iti	visoka	ručili
ručiti	-iti	visoka	ručile
sabijati	-ati/-eti (obrazac -em, pročitan iz rečnika)	visoka	sabiješ
sabijati	-ati/-eti (obrazac -em, pročitan iz rečnika)	visoka	sabijete
sabijati	-ati/-eti (obrazac -em, pročitan iz rečnika)	visoka	sabiji
sabijati	-ati/-eti (obrazac -em, pročitan iz rečnika)	visoka	sabijite
sabijati	-ati/-eti (obrazac -em, pročitan iz rečnika)	visoka	sabijala
sabijati	-ati/-eti (obrazac -em, pročitan iz rečnika)	visoka	sabijalo
sabijati	-ati/-eti (obrazac -em, pročitan iz rečnika)	visoka	sabijali
sabijati	-ati/-eti (obrazac -em, pročitan iz rečnika)	visoka	sabijale
sagibati	-ati/-eti (obrazac -am, pročitan iz rečnika)	visoka	sagibaš
sagibati	-ati/-eti (obrazac -am, pročitan iz rečnika)	visoka	sagibamo
sagibati	-ati/-eti (obrazac -am, pročitan iz rečnika)	visoka	sagibate
sagibati	-ati/-eti (obrazac -am, pročitan iz rečnika)	visoka	sagibaju
sagibati	-ati/-eti (obrazac -am, pročitan iz rečnika)	visoka	sagibaj
sagibati	-ati/-eti (obrazac -am, pročitan iz rečnika)	visoka	sagibajte
sagibati	-ati/-eti (obrazac -am, pročitan iz rečnika)	visoka	sagibao
sagibati	-ati/-eti (obrazac -am, pročitan iz rečnika)	visoka	sagibala
sagibati	-ati/-eti (obrazac -am, pročitan iz rečnika)	visoka	sagibalo
sagibati	-ati/-eti (obrazac -am, pročitan iz rečnika)	visoka	sagibale
salati	-ati/-eti (obrazac -am, pročitan iz rečnika)	visoka	salam
salati	-ati/-eti (obrazac -am, pročitan iz rečnika)	visoka	salamo
salati	-ati/-eti (obrazac -am, pročitan iz rečnika)	visoka	salaju
salati	-ati/-eti (obrazac -am, pročitan iz rečnika)	visoka	salaj
salati	-ati/-eti (obrazac -am, pročitan iz rečnika)	visoka	salajte
salati	-ati/-eti (obrazac -am, pročitan iz rečnika)	visoka	salao
salati	-ati/-eti (obrazac -am, pročitan iz rečnika)	visoka	salala
salati	-ati/-eti (obrazac -am, pročitan iz rečnika)	visoka	salalo
salati	-ati/-eti (obrazac -am, pročitan iz rečnika)	visoka	salali
salati	-ati/-eti (obrazac -am, pročitan iz rečnika)	visoka	salale
saliti	-iti	visoka	salim
saliti	-iti	visoka	sališ
saliti	-iti	visoka	sali
saliti	-iti	visoka	salimo
saliti	-iti	visoka	salite
saliti	-iti	visoka	salila
saliti	-iti	visoka	salilo
saliti	-iti	visoka	salili
saliti	-iti	visoka	salile
samiti	-iti	visoka	samiš
samiti	-iti	visoka	samimo
samiti	-iti	visoka	samite
samiti	-iti	visoka	same
samiti	-iti	visoka	samio
samiti	-iti	visoka	samila
samiti	-iti	visoka	samilo
samiti	-iti	visoka	samili
samiti	-iti	visoka	samile
samleti	-eti	proveri	samlim
samleti	-eti	proveri	samliš
samleti	-eti	proveri	samli
samleti	-eti	proveri	samlimo
samleti	-eti	proveri	samlite
samleti	-eti	proveri	samle
samleti	-eti	proveri	samlelo
samleti	-eti	proveri	samlele
samovati	-ovati	visoka	samujemo
samovati	-ovati	visoka	samujete
samovati	-ovati	visoka	samovala
samovati	-ovati	visoka	samovalo
samovati	-ovati	visoka	samovali
samovati	-ovati	visoka	samovale
samovati	-ovati	visoka	samuj
samovati	-ovati	visoka	samujte
saobraziti	-iti	visoka	saobrazim
saobraziti	-iti	visoka	saobraziš
saobraziti	-iti	visoka	saobrazimo
saobraziti	-iti	visoka	saobrazite
saobraziti	-iti	visoka	saobrazilo
saobraziti	-iti	visoka	saobrazili
saobraziti	-iti	visoka	saobrazile
saopćiti	-iti	visoka	saopćim
saopćiti	-iti	visoka	saopćiš
saopćiti	-iti	visoka	saopćimo
saopćiti	-iti	visoka	saopćite
saopćiti	-iti	visoka	saopćila
saopćiti	-iti	visoka	saopćilo
saopćiti	-iti	visoka	saopćili
saopćiti	-iti	visoka	saopćile
sapleti	-eti	proveri	saplim
sapleti	-eti	proveri	sapliš
sapleti	-eti	proveri	sapli
sapleti	-eti	proveri	saplimo
sapleti	-eti	proveri	saplite
sapleti	-eti	proveri	saple
sapleti	-eti	proveri	saplelo
sapunati	-ati/-eti (obrazac NEPOZNAT: nema oblika prezenta u rečniku)	odluči ti	sapunala
sapunati	-ati/-eti (obrazac NEPOZNAT: nema oblika prezenta u rečniku)	odluči ti	sapunalo
sapunati	-ati/-eti (obrazac NEPOZNAT: nema oblika prezenta u rečniku)	odluči ti	sapunali
sapunati	-ati/-eti (obrazac NEPOZNAT: nema oblika prezenta u rečniku)	odluči ti	sapunale
sapuniti	-iti	visoka	sapunim
sapuniti	-iti	visoka	sapuniš
sapuniti	-iti	visoka	sapunimo
sapuniti	-iti	visoka	sapunite
sapuniti	-iti	visoka	sapunio
sapuniti	-iti	visoka	sapunila
sapuniti	-iti	visoka	sapunilo
sapuniti	-iti	visoka	sapunili
sapuniti	-iti	visoka	sapunile
saslušavati	-ati/-eti (obrazac NEPOZNAT: nema oblika prezenta u rečniku)	odluči ti	saslušavala
saslušavati	-ati/-eti (obrazac NEPOZNAT: nema oblika prezenta u rečniku)	odluči ti	saslušavalo
saslušavati	-ati/-eti (obrazac NEPOZNAT: nema oblika prezenta u rečniku)	odluči ti	saslušavale
sastrugati	-ati/-eti (obrazac NEPOZNAT: nema oblika prezenta u rečniku)	odluči ti	sastrugala
sastrugati	-ati/-eti (obrazac NEPOZNAT: nema oblika prezenta u rečniku)	odluči ti	sastrugalo
sastrugati	-ati/-eti (obrazac NEPOZNAT: nema oblika prezenta u rečniku)	odluči ti	sastrugali
sastrugati	-ati/-eti (obrazac NEPOZNAT: nema oblika prezenta u rečniku)	odluči ti	sastrugale
satirati	-irati	visoka	satiram
satirati	-irati	visoka	satiraš
satirati	-irati	visoka	satiramo
satirati	-irati	visoka	satirate
satirati	-irati	visoka	satiraju
satirati	-irati	visoka	satiralo
satirati	-irati	visoka	satirale
satirati	-irati	visoka	satiraj
satirati	-irati	visoka	satirajte
satkati	-ati/-eti (obrazac NEPOZNAT: nema oblika prezenta u rečniku)	odluči ti	satkala
satkati	-ati/-eti (obrazac NEPOZNAT: nema oblika prezenta u rečniku)	odluči ti	satkalo
satkati	-ati/-eti (obrazac NEPOZNAT: nema oblika prezenta u rečniku)	odluči ti	satkali
satkati	-ati/-eti (obrazac NEPOZNAT: nema oblika prezenta u rečniku)	odluči ti	satkale
saučestvovati	-ovati	visoka	saučestvujem
saučestvovati	-ovati	visoka	saučestvuješ
saučestvovati	-ovati	visoka	saučestvujemo
saučestvovati	-ovati	visoka	saučestvujete
saučestvovati	-ovati	visoka	saučestvovao
saučestvovati	-ovati	visoka	saučestvovala
saučestvovati	-ovati	visoka	saučestvovalo
saučestvovati	-ovati	visoka	saučestvovali
saučestvovati	-ovati	visoka	saučestvovale
saučestvovati	-ovati	visoka	saučestvujte
saveti	-eti	proveri	saviš
saveti	-eti	proveri	savimo
saveti	-eti	proveri	savite
saveti	-eti	proveri	saveo
saveti	-eti	proveri	savela
saveti	-eti	proveri	savelo
saveti	-eti	proveri	saveli
saveti	-eti	proveri	savele
savlađivati	-ati/-eti (obrazac NEPOZNAT: nema oblika prezenta u rečniku)	odluči ti	savlađivalo
savlađivati	-ati/-eti (obrazac NEPOZNAT: nema oblika prezenta u rečniku)	odluči ti	savlađivali
savlađivati	-ati/-eti (obrazac NEPOZNAT: nema oblika prezenta u rečniku)	odluči ti	savlađivale
sazidati	-ati/-eti (obrazac NEPOZNAT: nema oblika prezenta u rečniku)	odluči ti	sazidala
sazidati	-ati/-eti (obrazac NEPOZNAT: nema oblika prezenta u rečniku)	odluči ti	sazidalo
sazidati	-ati/-eti (obrazac NEPOZNAT: nema oblika prezenta u rečniku)	odluči ti	sazidale
sašiti	-iti	visoka	sašim
sašiti	-iti	visoka	sašiš
sašiti	-iti	visoka	sašimo
sašiti	-iti	visoka	sašite
sašiti	-iti	visoka	saše
sašiti	-iti	visoka	sašilo
sašiti	-iti	visoka	sašile
sažeti	-eti	proveri	sažim
sažeti	-eti	proveri	sažiš
sažeti	-eti	proveri	saži
sažeti	-eti	proveri	sažimo
sažeti	-eti	proveri	sažite
sažeti	-eti	proveri	saželo
sažeti	-eti	proveri	sažele
sažimati	-ati/-eti (obrazac NEPOZNAT: nema oblika prezenta u rečniku)	odluči ti	sažimala
sažimati	-ati/-eti (obrazac NEPOZNAT: nema oblika prezenta u rečniku)	odluči ti	sažimalo
sažimati	-ati/-eti (obrazac NEPOZNAT: nema oblika prezenta u rečniku)	odluči ti	sažimali
sažimati	-ati/-eti (obrazac NEPOZNAT: nema oblika prezenta u rečniku)	odluči ti	sažimale
saživeti	-eti	proveri	saživim
saživeti	-eti	proveri	saživiš
saživeti	-eti	proveri	saživite
saživeti	-eti	proveri	sažive
saživeti	-eti	proveri	saživela
saživeti	-eti	proveri	saživelo
saživeti	-eti	proveri	saživele
senčiti	-iti	visoka	senčim
senčiti	-iti	visoka	senčiš
senčiti	-iti	visoka	senčimo
senčiti	-iti	visoka	senčite
senčiti	-iti	visoka	senčilo
senčiti	-iti	visoka	senčili
senčiti	-iti	visoka	senčile
servisirati	-irati	visoka	servisiram
servisirati	-irati	visoka	servisiraš
servisirati	-irati	visoka	servisiramo
servisirati	-irati	visoka	servisirate
servisirati	-irati	visoka	servisiraju
servisirati	-irati	visoka	servisirala
servisirati	-irati	visoka	servisiralo
servisirati	-irati	visoka	servisirali
servisirati	-irati	visoka	servisirale
servisirati	-irati	visoka	servisiraj
servisirati	-irati	visoka	servisirajte
sevnuti	-nuti	visoka	sevnem
sevnuti	-nuti	visoka	sevneš
sevnuti	-nuti	visoka	sevnemo
sevnuti	-nuti	visoka	sevnete
sevnuti	-nuti	visoka	sevnulo
sevnuti	-nuti	visoka	sevnuli
sevnuti	-nuti	visoka	sevni
sevnuti	-nuti	visoka	sevnite
sezati	-ati/-eti (obrazac NEPOZNAT: protivrečni oblici: am/pal)	odluči ti	sezao
sezati	-ati/-eti (obrazac NEPOZNAT: protivrečni oblici: am/pal)	odluči ti	sezalo
sezati	-ati/-eti (obrazac NEPOZNAT: protivrečni oblici: am/pal)	odluči ti	sezale
siktati	-ati/-eti (obrazac -pal, pročitan iz rečnika)	visoka	sikćem
siktati	-ati/-eti (obrazac -pal, pročitan iz rečnika)	visoka	sikće
siktati	-ati/-eti (obrazac -pal, pročitan iz rečnika)	visoka	sikćemo
siktati	-ati/-eti (obrazac -pal, pročitan iz rečnika)	visoka	sikćete
siktati	-ati/-eti (obrazac -pal, pročitan iz rečnika)	visoka	sikći
siktati	-ati/-eti (obrazac -pal, pročitan iz rečnika)	visoka	sikćite
siktati	-ati/-eti (obrazac -pal, pročitan iz rečnika)	visoka	siktalo
siktati	-ati/-eti (obrazac -pal, pročitan iz rečnika)	visoka	siktali
siktati	-ati/-eti (obrazac -pal, pročitan iz rečnika)	visoka	siktale
siloviti	-iti	visoka	silovim
siloviti	-iti	visoka	siloviš
siloviti	-iti	visoka	silovi
siloviti	-iti	visoka	silovimo
siloviti	-iti	visoka	silove
siloviti	-iti	visoka	silovio
siloviti	-iti	visoka	silovila
siloviti	-iti	visoka	silovilo
siloviti	-iti	visoka	silovili
siloviti	-iti	visoka	silovile
simpatisati	-ati/-eti (obrazac -pal, pročitan iz rečnika)	visoka	simpatišeš
simpatisati	-ati/-eti (obrazac -pal, pročitan iz rečnika)	visoka	simpatišemo
simpatisati	-ati/-eti (obrazac -pal, pročitan iz rečnika)	visoka	simpatišete
simpatisati	-ati/-eti (obrazac -pal, pročitan iz rečnika)	visoka	simpatiši
simpatisati	-ati/-eti (obrazac -pal, pročitan iz rečnika)	visoka	simpatišite
simpatisati	-ati/-eti (obrazac -pal, pročitan iz rečnika)	visoka	simpatisala
simpatisati	-ati/-eti (obrazac -pal, pročitan iz rečnika)	visoka	simpatisalo
simpatisati	-ati/-eti (obrazac -pal, pročitan iz rečnika)	visoka	simpatisali
simpatisati	-ati/-eti (obrazac -pal, pročitan iz rečnika)	visoka	simpatisale
sipiti	-iti	visoka	sipim
sipiti	-iti	visoka	sipiš
sipiti	-iti	visoka	sipi
sipiti	-iti	visoka	sipimo
sipiti	-iti	visoka	sipite
sipiti	-iti	visoka	sipio
sipiti	-iti	visoka	sipili
sipiti	-iti	visoka	sipile
siriti	-iti	visoka	siri
siriti	-iti	visoka	sirimo
siriti	-iti	visoka	sirite
siriti	-iti	visoka	sire
siriti	-iti	visoka	sirila
siriti	-iti	visoka	sirilo
siriti	-iti	visoka	sirili
siriti	-iti	visoka	sirile
sirotovati	-ovati	visoka	sirotujem
sirotovati	-ovati	visoka	sirotuješ
sirotovati	-ovati	visoka	sirotujemo
sirotovati	-ovati	visoka	sirotujete
sirotovati	-ovati	visoka	sirotuju
sirotovati	-ovati	visoka	sirotovao
sirotovati	-ovati	visoka	sirotovala
sirotovati	-ovati	visoka	sirotovalo
sirotovati	-ovati	visoka	sirotovali
sirotovati	-ovati	visoka	sirotovale
sirotovati	-ovati	visoka	sirotuj
sirotovati	-ovati	visoka	sirotujte
sitniti	-iti	visoka	sitnimo
sitniti	-iti	visoka	sitnite
sitniti	-iti	visoka	sitnio
sitniti	-iti	visoka	sitnila
sitniti	-iti	visoka	sitnilo
sitniti	-iti	visoka	sitnili
sitniti	-iti	visoka	sitnile
sjedati	-ati/-eti (obrazac NEPOZNAT: nema oblika prezenta u rečniku)	odluči ti	sjedao
sjedati	-ati/-eti (obrazac NEPOZNAT: nema oblika prezenta u rečniku)	odluči ti	sjedali
sjedati	-ati/-eti (obrazac NEPOZNAT: nema oblika prezenta u rečniku)	odluči ti	sjedale
sjedinjavati	-ati/-eti (obrazac NEPOZNAT: nema oblika prezenta u rečniku)	odluči ti	sjedinjavala
sjedinjavati	-ati/-eti (obrazac NEPOZNAT: nema oblika prezenta u rečniku)	odluči ti	sjedinjavalo
sjedinjavati	-ati/-eti (obrazac NEPOZNAT: nema oblika prezenta u rečniku)	odluči ti	sjedinjavali
sjedinjavati	-ati/-eti (obrazac NEPOZNAT: nema oblika prezenta u rečniku)	odluči ti	sjedinjavale
sjediti	-iti	visoka	sjedim
sjediti	-iti	visoka	sjediš
sjediti	-iti	visoka	sjedi
sjediti	-iti	visoka	sjedimo
sjediti	-iti	visoka	sjedite
sjediti	-iti	visoka	sjede
sjediti	-iti	visoka	sjedilo
skalpirati	-irati	visoka	skalpiram
skalpirati	-irati	visoka	skalpiraš
skalpirati	-irati	visoka	skalpira
skalpirati	-irati	visoka	skalpiramo
skalpirati	-irati	visoka	skalpirate
skalpirati	-irati	visoka	skalpirala
skalpirati	-irati	visoka	skalpiralo
skalpirati	-irati	visoka	skalpirale
skalpirati	-irati	visoka	skalpiraj
skalpirati	-irati	visoka	skalpirajte
skanjivati	-ati/-eti (obrazac NEPOZNAT: nema oblika prezenta u rečniku)	odluči ti	skanjivala
skanjivati	-ati/-eti (obrazac NEPOZNAT: nema oblika prezenta u rečniku)	odluči ti	skanjivalo
skanjivati	-ati/-eti (obrazac NEPOZNAT: nema oblika prezenta u rečniku)	odluči ti	skanjivali
skanjivati	-ati/-eti (obrazac NEPOZNAT: nema oblika prezenta u rečniku)	odluči ti	skanjivale
skapati	-ati/-eti (obrazac -am, pročitan iz rečnika)	visoka	skapam
skapati	-ati/-eti (obrazac -am, pročitan iz rečnika)	visoka	skapa
skapati	-ati/-eti (obrazac -am, pročitan iz rečnika)	visoka	skapamo
skapati	-ati/-eti (obrazac -am, pročitan iz rečnika)	visoka	skapate
skapati	-ati/-eti (obrazac -am, pročitan iz rečnika)	visoka	skapaju
skapati	-ati/-eti (obrazac -am, pročitan iz rečnika)	visoka	skapaj
skapati	-ati/-eti (obrazac -am, pročitan iz rečnika)	visoka	skapajte
skapati	-ati/-eti (obrazac -am, pročitan iz rečnika)	visoka	skapala
skapati	-ati/-eti (obrazac -am, pročitan iz rečnika)	visoka	skapale
skiknuti	-nuti	visoka	skiknem
skiknuti	-nuti	visoka	skikneš
skiknuti	-nuti	visoka	skiknemo
skiknuti	-nuti	visoka	skiknete
skiknuti	-nuti	visoka	skiknu
skiknuti	-nuti	visoka	skiknula
skiknuti	-nuti	visoka	skiknulo
skiknuti	-nuti	visoka	skiknuli
skiknuti	-nuti	visoka	skiknule
skiknuti	-nuti	visoka	skikni
skiknuti	-nuti	visoka	skiknite
skičati	-ati/-eti (obrazac -im, pročitan iz rečnika)	visoka	skičim
skičati	-ati/-eti (obrazac -im, pročitan iz rečnika)	visoka	skičimo
skičati	-ati/-eti (obrazac -im, pročitan iz rečnika)	visoka	skičite
skičati	-ati/-eti (obrazac -im, pročitan iz rečnika)	visoka	skiče
skičati	-ati/-eti (obrazac -im, pročitan iz rečnika)	visoka	skičala
skičati	-ati/-eti (obrazac -im, pročitan iz rečnika)	visoka	skičali
skičati	-ati/-eti (obrazac -im, pročitan iz rečnika)	visoka	skičale
skladištiti	-iti	visoka	skladištiš
skladištiti	-iti	visoka	skladištite
skladištiti	-iti	visoka	skladištio
skladištiti	-iti	visoka	skladištila
skladištiti	-iti	visoka	skladištilo
skladištiti	-iti	visoka	skladištili
skladištiti	-iti	visoka	skladištile
sklepati	-ati/-eti (obrazac -am, pročitan iz rečnika)	visoka	sklepaš
sklepati	-ati/-eti (obrazac -am, pročitan iz rečnika)	visoka	sklepate
sklepati	-ati/-eti (obrazac -am, pročitan iz rečnika)	visoka	sklepaju
sklepati	-ati/-eti (obrazac -am, pročitan iz rečnika)	visoka	sklepaj
sklepati	-ati/-eti (obrazac -am, pročitan iz rečnika)	visoka	sklepajte
sklepati	-ati/-eti (obrazac -am, pročitan iz rečnika)	visoka	sklepala
sklepati	-ati/-eti (obrazac -am, pročitan iz rečnika)	visoka	sklepalo
sklepati	-ati/-eti (obrazac -am, pročitan iz rečnika)	visoka	sklepale
sklonuti	-nuti	visoka	sklonem
sklonuti	-nuti	visoka	skloneš
sklonuti	-nuti	visoka	sklonemo
sklonuti	-nuti	visoka	sklonete
sklonuti	-nuti	visoka	sklonula
sklonuti	-nuti	visoka	sklonulo
sklonuti	-nuti	visoka	sklonuli
sklonuti	-nuti	visoka	sklonule
skopčati	-ati/-eti (obrazac NEPOZNAT: nema oblika prezenta u rečniku)	odluči ti	skopčala
skopčati	-ati/-eti (obrazac NEPOZNAT: nema oblika prezenta u rečniku)	odluči ti	skopčalo
skopčati	-ati/-eti (obrazac NEPOZNAT: nema oblika prezenta u rečniku)	odluči ti	skopčali
skopčati	-ati/-eti (obrazac NEPOZNAT: nema oblika prezenta u rečniku)	odluči ti	skopčale
skoreti	-eti	proveri	skoriš
skoreti	-eti	proveri	skorimo
skoreti	-eti	proveri	skorite
skoreti	-eti	proveri	skoreo
skoreti	-eti	proveri	skorelo
skoreti	-eti	proveri	skoreli
skoreti	-eti	proveri	skorele
skoriti	-iti	visoka	skoriš
skoriti	-iti	visoka	skorimo
skoriti	-iti	visoka	skorite
skoriti	-iti	visoka	skorio
skoriti	-iti	visoka	skorila
skoriti	-iti	visoka	skorilo
skoriti	-iti	visoka	skorili
skotrljati	-ati/-eti (obrazac -am, pročitan iz rečnika)	visoka	skotrljaš
skotrljati	-ati/-eti (obrazac -am, pročitan iz rečnika)	visoka	skotrljamo
skotrljati	-ati/-eti (obrazac -am, pročitan iz rečnika)	visoka	skotrljate
skotrljati	-ati/-eti (obrazac -am, pročitan iz rečnika)	visoka	skotrljaju
skotrljati	-ati/-eti (obrazac -am, pročitan iz rečnika)	visoka	skotrljaj
skotrljati	-ati/-eti (obrazac -am, pročitan iz rečnika)	visoka	skotrljajte
skotrljati	-ati/-eti (obrazac -am, pročitan iz rečnika)	visoka	skotrljalo
skotrljati	-ati/-eti (obrazac -am, pročitan iz rečnika)	visoka	skotrljali
skrati	-ati/-eti (obrazac NEPOZNAT: nema oblika prezenta u rečniku)	odluči ti	skrao
skrati	-ati/-eti (obrazac NEPOZNAT: nema oblika prezenta u rečniku)	odluči ti	skrala
skrati	-ati/-eti (obrazac NEPOZNAT: nema oblika prezenta u rečniku)	odluči ti	skralo
skrati	-ati/-eti (obrazac NEPOZNAT: nema oblika prezenta u rečniku)	odluči ti	skrali
skrati	-ati/-eti (obrazac NEPOZNAT: nema oblika prezenta u rečniku)	odluči ti	skrale
skraćivati	-ati/-eti (obrazac NEPOZNAT: nema oblika prezenta u rečniku)	odluči ti	skraćivala
skraćivati	-ati/-eti (obrazac NEPOZNAT: nema oblika prezenta u rečniku)	odluči ti	skraćivalo
skraćivati	-ati/-eti (obrazac NEPOZNAT: nema oblika prezenta u rečniku)	odluči ti	skraćivale
skriti	-iti	visoka	skrim
skriti	-iti	visoka	skriš
skriti	-iti	visoka	skri
skriti	-iti	visoka	skrimo
skriti	-iti	visoka	skrite
skriti	-iti	visoka	skre
skriti	-iti	visoka	skrile
skrojiti	-iti	visoka	skrojiš
skrojiti	-iti	visoka	skrojimo
skrojiti	-iti	visoka	skrojite
skrojiti	-iti	visoka	skroje
skrojiti	-iti	visoka	skrojila
skrojiti	-iti	visoka	skrojilo
skrojiti	-iti	visoka	skrojili
skrojiti	-iti	visoka	skrojile
skrpiti	-iti	visoka	skrpi
skrpiti	-iti	visoka	skrpimo
skrpiti	-iti	visoka	skrpite
skrpiti	-iti	visoka	skrpe
skrpiti	-iti	visoka	skrpila
skrpiti	-iti	visoka	skrpilo
skrpiti	-iti	visoka	skrpile
slamnati	-ati/-eti (obrazac -im, pročitan iz rečnika)	visoka	slamniš
slamnati	-ati/-eti (obrazac -im, pročitan iz rečnika)	visoka	slamnimo
slamnati	-ati/-eti (obrazac -im, pročitan iz rečnika)	visoka	slamnite
slamnati	-ati/-eti (obrazac -im, pročitan iz rečnika)	visoka	slamnao
slamnati	-ati/-eti (obrazac -im, pročitan iz rečnika)	visoka	slamnala
slamnati	-ati/-eti (obrazac -im, pročitan iz rečnika)	visoka	slamnalo
slamnati	-ati/-eti (obrazac -im, pročitan iz rečnika)	visoka	slamnali
slamnati	-ati/-eti (obrazac -im, pročitan iz rečnika)	visoka	slamnale
slaziti	-iti	visoka	slazim
slaziti	-iti	visoka	slaziš
slaziti	-iti	visoka	slazimo
slaziti	-iti	visoka	slazite
slaziti	-iti	visoka	slaze
slaziti	-iti	visoka	slazilo
slaziti	-iti	visoka	slazili
slaziti	-iti	visoka	slazile
slepeti	-eti	proveri	slepiš
slepeti	-eti	proveri	slepimo
slepeti	-eti	proveri	slepite
slepeti	-eti	proveri	slepeo
slepeti	-eti	proveri	slepela
slepeti	-eti	proveri	slepelo
slepeti	-eti	proveri	slepeli
slepeti	-eti	proveri	slepele
slijediti	-iti	visoka	slijedim
slijediti	-iti	visoka	slijediš
slijediti	-iti	visoka	slijedi
slijediti	-iti	visoka	slijedimo
slijediti	-iti	visoka	slijedite
slijediti	-iti	visoka	slijede
slijediti	-iti	visoka	slijedila
slijediti	-iti	visoka	slijedilo
slijediti	-iti	visoka	slijedili
slijediti	-iti	visoka	slijedile
slinaviti	-iti	visoka	slinaviš
slinaviti	-iti	visoka	slinavimo
slinaviti	-iti	visoka	slinavite
slinaviti	-iti	visoka	slinavio
slinaviti	-iti	visoka	slinavila
slinaviti	-iti	visoka	slinavilo
slinaviti	-iti	visoka	slinavili
slinaviti	-iti	visoka	slinavile
slistiti	-iti	visoka	slistim
slistiti	-iti	visoka	slistiš
slistiti	-iti	visoka	slistimo
slistiti	-iti	visoka	sliste
slistiti	-iti	visoka	slistila
slistiti	-iti	visoka	slistilo
slistiti	-iti	visoka	slistili
slistiti	-iti	visoka	slistile
slizati	-ati/-eti (obrazac NEPOZNAT: nema oblika prezenta u rečniku)	odluči ti	slizala
slizati	-ati/-eti (obrazac NEPOZNAT: nema oblika prezenta u rečniku)	odluči ti	slizalo
slizati	-ati/-eti (obrazac NEPOZNAT: nema oblika prezenta u rečniku)	odluči ti	slizali
slizati	-ati/-eti (obrazac NEPOZNAT: nema oblika prezenta u rečniku)	odluči ti	slizale
sloviti	-iti	visoka	slovim
sloviti	-iti	visoka	sloviš
sloviti	-iti	visoka	slovimo
sloviti	-iti	visoka	slovite
sloviti	-iti	visoka	slove
sloviti	-iti	visoka	slovilo
sloviti	-iti	visoka	slovile
sluditi	-iti	visoka	sludim
sluditi	-iti	visoka	sludiš
sluditi	-iti	visoka	sludimo
sluditi	-iti	visoka	sludite
sluditi	-iti	visoka	slude
sluditi	-iti	visoka	sludio
sluditi	-iti	visoka	sludila
sluditi	-iti	visoka	sludilo
sluditi	-iti	visoka	sludili
sluditi	-iti	visoka	sludile
sludovati	-ovati	visoka	sludujem
sludovati	-ovati	visoka	sluduješ
sludovati	-ovati	visoka	sluduje
sludovati	-ovati	visoka	sludujemo
sludovati	-ovati	visoka	sludujete
sludovati	-ovati	visoka	sluduju
sludovati	-ovati	visoka	sludovalo
sludovati	-ovati	visoka	sludovali
sludovati	-ovati	visoka	sludovale
sludovati	-ovati	visoka	sluduj
sludovati	-ovati	visoka	sludujte
službovati	-ovati	visoka	službujem
službovati	-ovati	visoka	službuješ
službovati	-ovati	visoka	službujemo
službovati	-ovati	visoka	službujete
službovati	-ovati	visoka	službuju
službovati	-ovati	visoka	službovalo
službovati	-ovati	visoka	službovale
službovati	-ovati	visoka	službuj
službovati	-ovati	visoka	službujte
smandrljati	-ati/-eti (obrazac -am, pročitan iz rečnika)	visoka	smandrljaš
smandrljati	-ati/-eti (obrazac -am, pročitan iz rečnika)	visoka	smandrlja
smandrljati	-ati/-eti (obrazac -am, pročitan iz rečnika)	visoka	smandrljamo
smandrljati	-ati/-eti (obrazac -am, pročitan iz rečnika)	visoka	smandrljate
smandrljati	-ati/-eti (obrazac -am, pročitan iz rečnika)	visoka	smandrljaju
smandrljati	-ati/-eti (obrazac -am, pročitan iz rečnika)	visoka	smandrljaj
smandrljati	-ati/-eti (obrazac -am, pročitan iz rečnika)	visoka	smandrljajte
smandrljati	-ati/-eti (obrazac -am, pročitan iz rečnika)	visoka	smandrljala
smandrljati	-ati/-eti (obrazac -am, pročitan iz rečnika)	visoka	smandrljalo
smandrljati	-ati/-eti (obrazac -am, pročitan iz rečnika)	visoka	smandrljali
smandrljati	-ati/-eti (obrazac -am, pročitan iz rečnika)	visoka	smandrljale
smazati	-ati/-eti (obrazac -pal, pročitan iz rečnika)	visoka	smažeš
smazati	-ati/-eti (obrazac -pal, pročitan iz rečnika)	visoka	smažemo
smazati	-ati/-eti (obrazac -pal, pročitan iz rečnika)	visoka	smažete
smazati	-ati/-eti (obrazac -pal, pročitan iz rečnika)	visoka	smažu
smazati	-ati/-eti (obrazac -pal, pročitan iz rečnika)	visoka	smaži
smazati	-ati/-eti (obrazac -pal, pročitan iz rečnika)	visoka	smažite
smazati	-ati/-eti (obrazac -pal, pročitan iz rečnika)	visoka	smazalo
smazati	-ati/-eti (obrazac -pal, pročitan iz rečnika)	visoka	smazale
smejuljiti	-iti	visoka	smejuljim
smejuljiti	-iti	visoka	smejuljiš
smejuljiti	-iti	visoka	smejulji
smejuljiti	-iti	visoka	smejuljimo
smejuljiti	-iti	visoka	smejuljite
smejuljiti	-iti	visoka	smejulje
smejuljiti	-iti	visoka	smejuljila
smejuljiti	-iti	visoka	smejuljilo
smejuljiti	-iti	visoka	smejuljili
smejuljiti	-iti	visoka	smejuljile
smekšavati	-ati/-eti (obrazac NEPOZNAT: nema oblika prezenta u rečniku)	odluči ti	smekšavala
smekšavati	-ati/-eti (obrazac NEPOZNAT: nema oblika prezenta u rečniku)	odluči ti	smekšavalo
smekšavati	-ati/-eti (obrazac NEPOZNAT: nema oblika prezenta u rečniku)	odluči ti	smekšavali
smekšavati	-ati/-eti (obrazac NEPOZNAT: nema oblika prezenta u rečniku)	odluči ti	smekšavale
smežurati	-ati/-eti (obrazac NEPOZNAT: nema oblika prezenta u rečniku)	odluči ti	smežurala
smežurati	-ati/-eti (obrazac NEPOZNAT: nema oblika prezenta u rečniku)	odluči ti	smežuralo
smežurati	-ati/-eti (obrazac NEPOZNAT: nema oblika prezenta u rečniku)	odluči ti	smežurale
smijati	-ati/-eti (obrazac NEPOZNAT: nema oblika prezenta u rečniku)	odluči ti	smijala
smijati	-ati/-eti (obrazac NEPOZNAT: nema oblika prezenta u rečniku)	odluči ti	smijalo
smijati	-ati/-eti (obrazac NEPOZNAT: nema oblika prezenta u rečniku)	odluči ti	smijale
smiješiti	-iti	visoka	smiješim
smiješiti	-iti	visoka	smiješiš
smiješiti	-iti	visoka	smiješi
smiješiti	-iti	visoka	smiješimo
smiješiti	-iti	visoka	smiješite
smiješiti	-iti	visoka	smiješe
smiješiti	-iti	visoka	smiješio
smiješiti	-iti	visoka	smiješila
smiješiti	-iti	visoka	smiješilo
smiješiti	-iti	visoka	smiješili
smiješiti	-iti	visoka	smiješile
smlaviti	-iti	visoka	smlavim
smlaviti	-iti	visoka	smlaviš
smlaviti	-iti	visoka	smlavimo
smlaviti	-iti	visoka	smlavite
smlaviti	-iti	visoka	smlave
smlaviti	-iti	visoka	smlavila
smlaviti	-iti	visoka	smlavilo
smlaviti	-iti	visoka	smlavili
smlaviti	-iti	visoka	smlavile
smotriti	-iti	visoka	smotrim
smotriti	-iti	visoka	smotriš
smotriti	-iti	visoka	smotrite
smotriti	-iti	visoka	smotrila
smotriti	-iti	visoka	smotrilo
smotriti	-iti	visoka	smotrili
smotriti	-iti	visoka	smotrile
smočiti	-iti	visoka	smočim
smočiti	-iti	visoka	smočimo
smočiti	-iti	visoka	smočite
smočiti	-iti	visoka	smoče
smočiti	-iti	visoka	smočilo
smočiti	-iti	visoka	smočili
smočiti	-iti	visoka	smočile
smračiti	-iti	visoka	smračim
smračiti	-iti	visoka	smračiš
smračiti	-iti	visoka	smračimo
smračiti	-iti	visoka	smračite
smračiti	-iti	visoka	smrače
smračiti	-iti	visoka	smračila
smračiti	-iti	visoka	smračili
smračiti	-iti	visoka	smračile
smučati	-ati/-eti (obrazac NEPOZNAT: nema oblika prezenta u rečniku)	odluči ti	smučao
smučati	-ati/-eti (obrazac NEPOZNAT: nema oblika prezenta u rečniku)	odluči ti	smučala
smučati	-ati/-eti (obrazac NEPOZNAT: nema oblika prezenta u rečniku)	odluči ti	smučalo
smučati	-ati/-eti (obrazac NEPOZNAT: nema oblika prezenta u rečniku)	odluči ti	smučali
smučati	-ati/-eti (obrazac NEPOZNAT: nema oblika prezenta u rečniku)	odluči ti	smučale
sneveseliti	-iti	visoka	sneveselim
sneveseliti	-iti	visoka	sneveseliš
sneveseliti	-iti	visoka	sneveselimo
sneveseliti	-iti	visoka	sneveselite
sneveseliti	-iti	visoka	snevesele
sneveseliti	-iti	visoka	sneveselila
sneveseliti	-iti	visoka	sneveselilo
sneveseliti	-iti	visoka	sneveselili
sneveseliti	-iti	visoka	sneveselile
snužditi	-iti	visoka	snuždim
snužditi	-iti	visoka	snuždiš
snužditi	-iti	visoka	snuždimo
snužditi	-iti	visoka	snuždite
snužditi	-iti	visoka	snužde
snužditi	-iti	visoka	snuždili
snužditi	-iti	visoka	snuždile
sokoliti	-iti	visoka	sokolim
sokoliti	-iti	visoka	sokoliš
sokoliti	-iti	visoka	sokolimo
sokoliti	-iti	visoka	sokolite
sokoliti	-iti	visoka	sokolila
sokoliti	-iti	visoka	sokolilo
sokoliti	-iti	visoka	sokolile
sondirati	-irati	visoka	sondiram
sondirati	-irati	visoka	sondiraš
sondirati	-irati	visoka	sondiramo
sondirati	-irati	visoka	sondirate
sondirati	-irati	visoka	sondirao
sondirati	-irati	visoka	sondirala
sondirati	-irati	visoka	sondiralo
sondirati	-irati	visoka	sondirali
sondirati	-irati	visoka	sondirale
sondirati	-irati	visoka	sondiraj
sondirati	-irati	visoka	sondirajte
soptati	-ati/-eti (obrazac NEPOZNAT: nema oblika prezenta u rečniku)	odluči ti	soptala
soptati	-ati/-eti (obrazac NEPOZNAT: nema oblika prezenta u rečniku)	odluči ti	soptalo
soptati	-ati/-eti (obrazac NEPOZNAT: nema oblika prezenta u rečniku)	odluči ti	soptali
soptati	-ati/-eti (obrazac NEPOZNAT: nema oblika prezenta u rečniku)	odluči ti	soptale
specijalizovati	-ovati	visoka	specijalizujem
specijalizovati	-ovati	visoka	specijalizuješ
specijalizovati	-ovati	visoka	specijalizuje
specijalizovati	-ovati	visoka	specijalizujemo
specijalizovati	-ovati	visoka	specijalizujete
specijalizovati	-ovati	visoka	specijalizuju
specijalizovati	-ovati	visoka	specijalizovalo
specijalizovati	-ovati	visoka	specijalizovale
specijalizovati	-ovati	visoka	specijalizuj
specijalizovati	-ovati	visoka	specijalizujte
spekulisati	-ati/-eti (obrazac -pal, pročitan iz rečnika)	visoka	spekulišeš
spekulisati	-ati/-eti (obrazac -pal, pročitan iz rečnika)	visoka	spekulišemo
spekulisati	-ati/-eti (obrazac -pal, pročitan iz rečnika)	visoka	spekulišete
spekulisati	-ati/-eti (obrazac -pal, pročitan iz rečnika)	visoka	spekuliši
spekulisati	-ati/-eti (obrazac -pal, pročitan iz rečnika)	visoka	spekulišite
spekulisati	-ati/-eti (obrazac -pal, pročitan iz rečnika)	visoka	spekulisala
spekulisati	-ati/-eti (obrazac -pal, pročitan iz rečnika)	visoka	spekulisalo
spekulisati	-ati/-eti (obrazac -pal, pročitan iz rečnika)	visoka	spekulisali
spekulisati	-ati/-eti (obrazac -pal, pročitan iz rečnika)	visoka	spekulisale
spetljati	-ati/-eti (obrazac -am, pročitan iz rečnika)	visoka	spetlja
spetljati	-ati/-eti (obrazac -am, pročitan iz rečnika)	visoka	spetljamo
spetljati	-ati/-eti (obrazac -am, pročitan iz rečnika)	visoka	spetljate
spetljati	-ati/-eti (obrazac -am, pročitan iz rečnika)	visoka	spetljaju
spetljati	-ati/-eti (obrazac -am, pročitan iz rečnika)	visoka	spetljaj
spetljati	-ati/-eti (obrazac -am, pročitan iz rečnika)	visoka	spetljajte
spetljati	-ati/-eti (obrazac -am, pročitan iz rečnika)	visoka	spetljalo
spetljati	-ati/-eti (obrazac -am, pročitan iz rečnika)	visoka	spetljale
spevati	-ati/-eti (obrazac NEPOZNAT: nema oblika prezenta u rečniku)	odluči ti	spevala
spevati	-ati/-eti (obrazac NEPOZNAT: nema oblika prezenta u rečniku)	odluči ti	spevalo
spevati	-ati/-eti (obrazac NEPOZNAT: nema oblika prezenta u rečniku)	odluči ti	spevali
spečaliti	-iti	visoka	spečalim
spečaliti	-iti	visoka	spečališ
spečaliti	-iti	visoka	spečali
spečaliti	-iti	visoka	spečalimo
spečaliti	-iti	visoka	spečalite
spečaliti	-iti	visoka	spečale
spečaliti	-iti	visoka	spečalila
spečaliti	-iti	visoka	spečalilo
spečaliti	-iti	visoka	spečalili
spečaliti	-iti	visoka	spečalile
spirati	-irati	visoka	spiram
spirati	-irati	visoka	spiraš
spirati	-irati	visoka	spira
spirati	-irati	visoka	spiramo
spirati	-irati	visoka	spirate
spirati	-irati	visoka	spiralo
spirati	-irati	visoka	spiraj
spirati	-irati	visoka	spirajte
splavariti	-iti	visoka	splavarim
splavariti	-iti	visoka	splavariš
splavariti	-iti	visoka	splavari
splavariti	-iti	visoka	splavarimo
splavariti	-iti	visoka	splavarite
splavariti	-iti	visoka	splavare
splavariti	-iti	visoka	splavarila
splavariti	-iti	visoka	splavarilo
splavariti	-iti	visoka	splavarili
splavariti	-iti	visoka	splavarile
spljeskati	-ati/-eti (obrazac NEPOZNAT: nema oblika prezenta u rečniku)	odluči ti	spljeskala
spljeskati	-ati/-eti (obrazac NEPOZNAT: nema oblika prezenta u rečniku)	odluči ti	spljeskalo
spljeskati	-ati/-eti (obrazac NEPOZNAT: nema oblika prezenta u rečniku)	odluči ti	spljeskali
spljeskati	-ati/-eti (obrazac NEPOZNAT: nema oblika prezenta u rečniku)	odluči ti	spljeskale
spljoštiti	-iti	visoka	spljoštim
spljoštiti	-iti	visoka	spljoštiš
spljoštiti	-iti	visoka	spljoštimo
spljoštiti	-iti	visoka	spljošte
spljoštiti	-iti	visoka	spljoštila
spljoštiti	-iti	visoka	spljoštilo
spljoštiti	-iti	visoka	spljoštili
spljoštiti	-iti	visoka	spljoštile
spopadati	-ati/-eti (obrazac -am, pročitan iz rečnika)	visoka	spopadam
spopadati	-ati/-eti (obrazac -am, pročitan iz rečnika)	visoka	spopadamo
spopadati	-ati/-eti (obrazac -am, pročitan iz rečnika)	visoka	spopadate
spopadati	-ati/-eti (obrazac -am, pročitan iz rečnika)	visoka	spopadaj
spopadati	-ati/-eti (obrazac -am, pročitan iz rečnika)	visoka	spopadajte
spopadati	-ati/-eti (obrazac -am, pročitan iz rečnika)	visoka	spopadalo
spopadati	-ati/-eti (obrazac -am, pročitan iz rečnika)	visoka	spopadali
spopadati	-ati/-eti (obrazac -am, pročitan iz rečnika)	visoka	spopadale
sporazumeti	-eti	proveri	sporazumim
sporazumeti	-eti	proveri	sporazumiš
sporazumeti	-eti	proveri	sporazumimo
sporazumeti	-eti	proveri	sporazumite
sporazumeti	-eti	proveri	sporazumela
sporazumeti	-eti	proveri	sporazumelo
sporazumeti	-eti	proveri	sporazumele
sporečkati	-ati/-eti (obrazac NEPOZNAT: nema oblika prezenta u rečniku)	odluči ti	sporečkala
sporečkati	-ati/-eti (obrazac NEPOZNAT: nema oblika prezenta u rečniku)	odluči ti	sporečkalo
sporečkati	-ati/-eti (obrazac NEPOZNAT: nema oblika prezenta u rečniku)	odluči ti	sporečkale
sprati	-ati/-eti (obrazac -am, pročitan iz rečnika)	visoka	spraš
sprati	-ati/-eti (obrazac -am, pročitan iz rečnika)	visoka	spra
sprati	-ati/-eti (obrazac -am, pročitan iz rečnika)	visoka	spramo
sprati	-ati/-eti (obrazac -am, pročitan iz rečnika)	visoka	sprate
sprati	-ati/-eti (obrazac -am, pročitan iz rečnika)	visoka	spraju
sprati	-ati/-eti (obrazac -am, pročitan iz rečnika)	visoka	spraj
sprati	-ati/-eti (obrazac -am, pročitan iz rečnika)	visoka	sprajte
sprati	-ati/-eti (obrazac -am, pročitan iz rečnika)	visoka	spralo
srastati	-ati/-eti (obrazac NEPOZNAT: nema oblika prezenta u rečniku)	odluči ti	srastala
srastati	-ati/-eti (obrazac NEPOZNAT: nema oblika prezenta u rečniku)	odluči ti	srastalo
srastati	-ati/-eti (obrazac NEPOZNAT: nema oblika prezenta u rečniku)	odluči ti	srastali
srastati	-ati/-eti (obrazac NEPOZNAT: nema oblika prezenta u rečniku)	odluči ti	srastale
sračunati	-ati/-eti (obrazac NEPOZNAT: nema oblika prezenta u rečniku)	odluči ti	sračunala
sračunati	-ati/-eti (obrazac NEPOZNAT: nema oblika prezenta u rečniku)	odluči ti	sračunalo
sračunati	-ati/-eti (obrazac NEPOZNAT: nema oblika prezenta u rečniku)	odluči ti	sračunale
srbovati	-ovati	visoka	srbujem
srbovati	-ovati	visoka	srbuješ
srbovati	-ovati	visoka	srbujete
srbovati	-ovati	visoka	srbovao
srbovati	-ovati	visoka	srbovala
srbovati	-ovati	visoka	srbovali
srbovati	-ovati	visoka	srbovale
srbovati	-ovati	visoka	srbuj
srbovati	-ovati	visoka	srbujte
sricati	-ati/-eti (obrazac -pal, pročitan iz rečnika)	visoka	sričeš
sricati	-ati/-eti (obrazac -pal, pročitan iz rečnika)	visoka	sričemo
sricati	-ati/-eti (obrazac -pal, pročitan iz rečnika)	visoka	sričete
sricati	-ati/-eti (obrazac -pal, pročitan iz rečnika)	visoka	sriči
sricati	-ati/-eti (obrazac -pal, pročitan iz rečnika)	visoka	sričite
sricati	-ati/-eti (obrazac -pal, pročitan iz rečnika)	visoka	sricala
sricati	-ati/-eti (obrazac -pal, pročitan iz rečnika)	visoka	sricalo
sricati	-ati/-eti (obrazac -pal, pročitan iz rečnika)	visoka	sricale
srozavati	-ati/-eti (obrazac NEPOZNAT: nema oblika prezenta u rečniku)	odluči ti	srozavala
srozavati	-ati/-eti (obrazac NEPOZNAT: nema oblika prezenta u rečniku)	odluči ti	srozavali
srozavati	-ati/-eti (obrazac NEPOZNAT: nema oblika prezenta u rečniku)	odluči ti	srozavale
stanoviti	-iti	visoka	stanovim
stanoviti	-iti	visoka	stanoviš
stanoviti	-iti	visoka	stanovimo
stanoviti	-iti	visoka	stanovio
stanoviti	-iti	visoka	stanovila
stanoviti	-iti	visoka	stanovilo
stanoviti	-iti	visoka	stanovili
stanoviti	-iti	visoka	stanovile
startati	-ati/-eti (obrazac NEPOZNAT: nema oblika prezenta u rečniku)	odluči ti	startao
startati	-ati/-eti (obrazac NEPOZNAT: nema oblika prezenta u rečniku)	odluči ti	startala
startati	-ati/-eti (obrazac NEPOZNAT: nema oblika prezenta u rečniku)	odluči ti	startalo
startati	-ati/-eti (obrazac NEPOZNAT: nema oblika prezenta u rečniku)	odluči ti	startali
startati	-ati/-eti (obrazac NEPOZNAT: nema oblika prezenta u rečniku)	odluči ti	startale
stasiti	-iti	visoka	stasim
stasiti	-iti	visoka	stasiš
stasiti	-iti	visoka	stasi
stasiti	-iti	visoka	stasimo
stasiti	-iti	visoka	stase
stasiti	-iti	visoka	stasio
stasiti	-iti	visoka	stasila
stasiti	-iti	visoka	stasilo
stasiti	-iti	visoka	stasili
stasiti	-iti	visoka	stasile
stažirati	-irati	visoka	stažiramo
stažirati	-irati	visoka	stažirate
stažirati	-irati	visoka	stažiraju
stažirati	-irati	visoka	stažiralo
stažirati	-irati	visoka	stažirali
stažirati	-irati	visoka	stažirale
stažirati	-irati	visoka	stažiraj
stažirati	-irati	visoka	stažirajte
sterati	-ati/-eti (obrazac NEPOZNAT: nema oblika prezenta u rečniku)	odluči ti	sterao
sterati	-ati/-eti (obrazac NEPOZNAT: nema oblika prezenta u rečniku)	odluči ti	sterala
sterati	-ati/-eti (obrazac NEPOZNAT: nema oblika prezenta u rečniku)	odluči ti	steralo
sterati	-ati/-eti (obrazac NEPOZNAT: nema oblika prezenta u rečniku)	odluči ti	sterali
sterati	-ati/-eti (obrazac NEPOZNAT: nema oblika prezenta u rečniku)	odluči ti	sterale
stilizovati	-ovati	visoka	stilizujem
stilizovati	-ovati	visoka	stilizuješ
stilizovati	-ovati	visoka	stilizujemo
stilizovati	-ovati	visoka	stilizujete
stilizovati	-ovati	visoka	stilizovala
stilizovati	-ovati	visoka	stilizovalo
stilizovati	-ovati	visoka	stilizovali
stilizovati	-ovati	visoka	stilizovale
stilizovati	-ovati	visoka	stilizuj
stilizovati	-ovati	visoka	stilizujte
stipendirati	-irati	visoka	stipendiram
stipendirati	-irati	visoka	stipendiraš
stipendirati	-irati	visoka	stipendiramo
stipendirati	-irati	visoka	stipendirate
stipendirati	-irati	visoka	stipendiraju
stipendirati	-irati	visoka	stipendirao
stipendirati	-irati	visoka	stipendirala
stipendirati	-irati	visoka	stipendiralo
stipendirati	-irati	visoka	stipendirali
stipendirati	-irati	visoka	stipendirale
stipendirati	-irati	visoka	stipendiraj
stipendirati	-irati	visoka	stipendirajte
stornirati	-irati	visoka	storniram
stornirati	-irati	visoka	storniraš
stornirati	-irati	visoka	storniramo
stornirati	-irati	visoka	stornirate
stornirati	-irati	visoka	stornirao
stornirati	-irati	visoka	stornirala
stornirati	-irati	visoka	storniralo
stornirati	-irati	visoka	stornirali
stornirati	-irati	visoka	stornirale
stornirati	-irati	visoka	storniraj
stornirati	-irati	visoka	stornirajte
strahoviti	-iti	visoka	strahovim
strahoviti	-iti	visoka	strahoviš
strahoviti	-iti	visoka	strahovimo
strahoviti	-iti	visoka	strahovio
strahoviti	-iti	visoka	strahovila
strahoviti	-iti	visoka	strahovilo
strahoviti	-iti	visoka	strahovili
strahoviti	-iti	visoka	strahovile
straćiti	-iti	visoka	straćim
straćiti	-iti	visoka	straćiš
straćiti	-iti	visoka	straći
straćiti	-iti	visoka	straćimo
straćiti	-iti	visoka	straćite
straćiti	-iti	visoka	straće
straćiti	-iti	visoka	straćila
straćiti	-iti	visoka	straćilo
straćiti	-iti	visoka	straćile
strefiti	-iti	visoka	strefim
strefiti	-iti	visoka	strefiš
strefiti	-iti	visoka	strefimo
strefiti	-iti	visoka	strefite
strefiti	-iti	visoka	strefe
strefiti	-iti	visoka	strefilo
strefiti	-iti	visoka	strefili
strefiti	-iti	visoka	strefile
stresati	-ati/-eti (obrazac NEPOZNAT: protivrečni oblici: am/em)	odluči ti	stresalo
stresati	-ati/-eti (obrazac NEPOZNAT: protivrečni oblici: am/em)	odluči ti	stresali
stresati	-ati/-eti (obrazac NEPOZNAT: protivrečni oblici: am/em)	odluči ti	stresale
strgnuti	-nuti	visoka	strgnem
strgnuti	-nuti	visoka	strgneš
strgnuti	-nuti	visoka	strgnemo
strgnuti	-nuti	visoka	strgnete
strgnuti	-nuti	visoka	strgnu
strgnuti	-nuti	visoka	strgnula
strgnuti	-nuti	visoka	strgnulo
strgnuti	-nuti	visoka	strgnuli
strgnuti	-nuti	visoka	strgnule
strgnuti	-nuti	visoka	strgni
strgnuti	-nuti	visoka	strgnite
strmeknuti	-nuti	visoka	strmeknem
strmeknuti	-nuti	visoka	strmekneš
strmeknuti	-nuti	visoka	strmekne
strmeknuti	-nuti	visoka	strmeknemo
strmeknuti	-nuti	visoka	strmeknete
strmeknuti	-nuti	visoka	strmeknu
strmeknuti	-nuti	visoka	strmeknula
strmeknuti	-nuti	visoka	strmeknulo
strmeknuti	-nuti	visoka	strmeknuli
strmeknuti	-nuti	visoka	strmeknule
strmeknuti	-nuti	visoka	strmekni
strmeknuti	-nuti	visoka	strmeknite
strmoglaviti	-iti	visoka	strmoglavim
strmoglaviti	-iti	visoka	strmoglaviš
strmoglaviti	-iti	visoka	strmoglavimo
strmoglaviti	-iti	visoka	strmoglavite
strmoglaviti	-iti	visoka	strmoglavila
strmoglaviti	-iti	visoka	strmoglavilo
strmoglaviti	-iti	visoka	strmoglavili
strmoglaviti	-iti	visoka	strmoglavile
stropoštati	-ati/-eti (obrazac -am, pročitan iz rečnika)	visoka	stropoštaš
stropoštati	-ati/-eti (obrazac -am, pročitan iz rečnika)	visoka	stropoštamo
stropoštati	-ati/-eti (obrazac -am, pročitan iz rečnika)	visoka	stropoštate
stropoštati	-ati/-eti (obrazac -am, pročitan iz rečnika)	visoka	stropoštaju
stropoštati	-ati/-eti (obrazac -am, pročitan iz rečnika)	visoka	stropoštaj
stropoštati	-ati/-eti (obrazac -am, pročitan iz rečnika)	visoka	stropoštajte
stropoštati	-ati/-eti (obrazac -am, pročitan iz rečnika)	visoka	stropoštala
stropoštati	-ati/-eti (obrazac -am, pročitan iz rečnika)	visoka	stropoštalo
stropoštati	-ati/-eti (obrazac -am, pročitan iz rečnika)	visoka	stropoštali
stropoštati	-ati/-eti (obrazac -am, pročitan iz rečnika)	visoka	stropoštale
strovaliti	-iti	visoka	strovalim
strovaliti	-iti	visoka	strovališ
strovaliti	-iti	visoka	strovalimo
strovaliti	-iti	visoka	strovalite
strovaliti	-iti	visoka	strovalila
strovaliti	-iti	visoka	strovalilo
strovaliti	-iti	visoka	strovalili
strovaliti	-iti	visoka	strovalile
strugnuti	-nuti	visoka	strugnem
strugnuti	-nuti	visoka	strugneš
strugnuti	-nuti	visoka	strugnemo
strugnuti	-nuti	visoka	strugnete
strugnuti	-nuti	visoka	strugnula
strugnuti	-nuti	visoka	strugnuli
strugnuti	-nuti	visoka	strugnule
strugnuti	-nuti	visoka	strugni
strugnuti	-nuti	visoka	strugnite
stucati	-ati/-eti (obrazac -pal, pročitan iz rečnika)	visoka	stučemo
stucati	-ati/-eti (obrazac -pal, pročitan iz rečnika)	visoka	stučete
stucati	-ati/-eti (obrazac -pal, pročitan iz rečnika)	visoka	stuču
stucati	-ati/-eti (obrazac -pal, pročitan iz rečnika)	visoka	stuči
stucati	-ati/-eti (obrazac -pal, pročitan iz rečnika)	visoka	stučite
stucati	-ati/-eti (obrazac -pal, pročitan iz rečnika)	visoka	stucala
stucati	-ati/-eti (obrazac -pal, pročitan iz rečnika)	visoka	stucalo
stucati	-ati/-eti (obrazac -pal, pročitan iz rečnika)	visoka	stucale
stuštiti	-iti	visoka	stuštim
stuštiti	-iti	visoka	stuštiš
stuštiti	-iti	visoka	stuštimo
stuštiti	-iti	visoka	stuštite
stuštiti	-iti	visoka	stušte
stuštiti	-iti	visoka	stuštila
stuštiti	-iti	visoka	stuštilo
stuštiti	-iti	visoka	stuštili
stuštiti	-iti	visoka	stuštile
stvrdnuti	-nuti	visoka	stvrdnem
stvrdnuti	-nuti	visoka	stvrdneš
stvrdnuti	-nuti	visoka	stvrdnemo
stvrdnuti	-nuti	visoka	stvrdnete
stvrdnuti	-nuti	visoka	stvrdnulo
stvrdnuti	-nuti	visoka	stvrdnuli
stvrdnuti	-nuti	visoka	stvrdnule
stvrdnuti	-nuti	visoka	stvrdni
stvrdnuti	-nuti	visoka	stvrdnite
sudjelovati	-ovati	visoka	sudjelujem
sudjelovati	-ovati	visoka	sudjeluješ
sudjelovati	-ovati	visoka	sudjeluje
sudjelovati	-ovati	visoka	sudjelujemo
sudjelovati	-ovati	visoka	sudjelujete
sudjelovati	-ovati	visoka	sudjeluju
sudjelovati	-ovati	visoka	sudjelovala
sudjelovati	-ovati	visoka	sudjelovalo
sudjelovati	-ovati	visoka	sudjelovali
sudjelovati	-ovati	visoka	sudjelovale
sudjelovati	-ovati	visoka	sudjeluj
sudjelovati	-ovati	visoka	sudjelujte
suflirati	-irati	visoka	sufliram
suflirati	-irati	visoka	sufliraš
suflirati	-irati	visoka	sufliramo
suflirati	-irati	visoka	suflirate
suflirati	-irati	visoka	sufliraju
suflirati	-irati	visoka	suflirao
suflirati	-irati	visoka	suflirala
suflirati	-irati	visoka	sufliralo
suflirati	-irati	visoka	suflirali
suflirati	-irati	visoka	suflirale
suflirati	-irati	visoka	sufliraj
suflirati	-irati	visoka	suflirajte
sukati	-ati/-eti (obrazac NEPOZNAT: nema oblika prezenta u rečniku)	odluči ti	sukala
sukati	-ati/-eti (obrazac NEPOZNAT: nema oblika prezenta u rečniku)	odluči ti	sukalo
sukati	-ati/-eti (obrazac NEPOZNAT: nema oblika prezenta u rečniku)	odluči ti	sukali
sukati	-ati/-eti (obrazac NEPOZNAT: nema oblika prezenta u rečniku)	odluči ti	sukale
suknuti	-nuti	visoka	suknem
suknuti	-nuti	visoka	sukneš
suknuti	-nuti	visoka	suknemo
suknuti	-nuti	visoka	suknete
suknuti	-nuti	visoka	suknula
suknuti	-nuti	visoka	suknulo
suknuti	-nuti	visoka	suknuli
suknuti	-nuti	visoka	suknule
suknuti	-nuti	visoka	sukni
suknuti	-nuti	visoka	suknite
suljati	-ati/-eti (obrazac -am, pročitan iz rečnika)	visoka	suljaš
suljati	-ati/-eti (obrazac -am, pročitan iz rečnika)	visoka	sulja
suljati	-ati/-eti (obrazac -am, pročitan iz rečnika)	visoka	suljamo
suljati	-ati/-eti (obrazac -am, pročitan iz rečnika)	visoka	suljate
suljati	-ati/-eti (obrazac -am, pročitan iz rečnika)	visoka	suljaju
suljati	-ati/-eti (obrazac -am, pročitan iz rečnika)	visoka	suljaj
suljati	-ati/-eti (obrazac -am, pročitan iz rečnika)	visoka	suljajte
suljati	-ati/-eti (obrazac -am, pročitan iz rečnika)	visoka	suljalo
suljati	-ati/-eti (obrazac -am, pročitan iz rečnika)	visoka	suljali
suljati	-ati/-eti (obrazac -am, pročitan iz rečnika)	visoka	suljale
surfati	-ati/-eti (obrazac -am, pročitan iz rečnika)	visoka	surfamo
surfati	-ati/-eti (obrazac -am, pročitan iz rečnika)	visoka	surfate
surfati	-ati/-eti (obrazac -am, pročitan iz rečnika)	visoka	surfaju
surfati	-ati/-eti (obrazac -am, pročitan iz rečnika)	visoka	surfaj
surfati	-ati/-eti (obrazac -am, pročitan iz rečnika)	visoka	surfajte
surfati	-ati/-eti (obrazac -am, pročitan iz rečnika)	visoka	surfala
surfati	-ati/-eti (obrazac -am, pročitan iz rečnika)	visoka	surfalo
surfati	-ati/-eti (obrazac -am, pročitan iz rečnika)	visoka	surfali
surfati	-ati/-eti (obrazac -am, pročitan iz rečnika)	visoka	surfale
susprezati	-ati/-eti (obrazac NEPOZNAT: nema oblika prezenta u rečniku)	odluči ti	susprezala
susprezati	-ati/-eti (obrazac NEPOZNAT: nema oblika prezenta u rečniku)	odluči ti	susprezalo
susprezati	-ati/-eti (obrazac NEPOZNAT: nema oblika prezenta u rečniku)	odluči ti	susprezali
susprezati	-ati/-eti (obrazac NEPOZNAT: nema oblika prezenta u rečniku)	odluči ti	susprezale
suvati	-ati/-eti (obrazac -im, pročitan iz rečnika)	visoka	suviš
suvati	-ati/-eti (obrazac -im, pročitan iz rečnika)	visoka	suvimo
suvati	-ati/-eti (obrazac -im, pročitan iz rečnika)	visoka	suvite
suvati	-ati/-eti (obrazac -im, pročitan iz rečnika)	visoka	suvao
suvati	-ati/-eti (obrazac -im, pročitan iz rečnika)	visoka	suvala
suvati	-ati/-eti (obrazac -im, pročitan iz rečnika)	visoka	suvalo
suvati	-ati/-eti (obrazac -im, pročitan iz rečnika)	visoka	suvali
suvati	-ati/-eti (obrazac -im, pročitan iz rečnika)	visoka	suvale
svadbovati	-ovati	visoka	svadbujem
svadbovati	-ovati	visoka	svadbuješ
svadbovati	-ovati	visoka	svadbujemo
svadbovati	-ovati	visoka	svadbujete
svadbovati	-ovati	visoka	svadbuju
svadbovati	-ovati	visoka	svadbovao
svadbovati	-ovati	visoka	svadbovala
svadbovati	-ovati	visoka	svadbovali
svadbovati	-ovati	visoka	svadbovale
svadbovati	-ovati	visoka	svadbuj
svadbovati	-ovati	visoka	svadbujte
svaljati	-ati/-eti (obrazac NEPOZNAT: nema oblika prezenta u rečniku)	odluči ti	svaljala
svaljati	-ati/-eti (obrazac NEPOZNAT: nema oblika prezenta u rečniku)	odluči ti	svaljalo
svaljati	-ati/-eti (obrazac NEPOZNAT: nema oblika prezenta u rečniku)	odluči ti	svaljali
svaljati	-ati/-eti (obrazac NEPOZNAT: nema oblika prezenta u rečniku)	odluči ti	svaljale
svetovati	-ovati	visoka	svetujem
svetovati	-ovati	visoka	svetuješ
svetovati	-ovati	visoka	svetuje
svetovati	-ovati	visoka	svetujemo
svetovati	-ovati	visoka	svetujete
svetovati	-ovati	visoka	svetuju
svetovati	-ovati	visoka	svetovala
svetovati	-ovati	visoka	svetovalo
svetovati	-ovati	visoka	svetovale
svetovati	-ovati	visoka	svetuj
svetovati	-ovati	visoka	svetujte
svirnuti	-nuti	visoka	svirneš
svirnuti	-nuti	visoka	svirnemo
svirnuti	-nuti	visoka	svirnete
svirnuti	-nuti	visoka	svirnu
svirnuti	-nuti	visoka	svirnuo
svirnuti	-nuti	visoka	svirnula
svirnuti	-nuti	visoka	svirnulo
svirnuti	-nuti	visoka	svirnuli
svirnuti	-nuti	visoka	svirnule
svirnuti	-nuti	visoka	svirnite
svisnuti	-nuti	visoka	svisnem
svisnuti	-nuti	visoka	svisneš
svisnuti	-nuti	visoka	svisnemo
svisnuti	-nuti	visoka	svisnete
svisnuti	-nuti	visoka	svisnula
svisnuti	-nuti	visoka	svisnulo
svisnuti	-nuti	visoka	svisnuli
svisnuti	-nuti	visoka	svisnule
svisnuti	-nuti	visoka	svisni
svisnuti	-nuti	visoka	svisnite
svladati	-ati/-eti (obrazac NEPOZNAT: nema oblika prezenta u rečniku)	odluči ti	svladala
svladati	-ati/-eti (obrazac NEPOZNAT: nema oblika prezenta u rečniku)	odluči ti	svladalo
svladati	-ati/-eti (obrazac NEPOZNAT: nema oblika prezenta u rečniku)	odluči ti	svladali
svladati	-ati/-eti (obrazac NEPOZNAT: nema oblika prezenta u rečniku)	odluči ti	svladale
svrgavati	-ati/-eti (obrazac NEPOZNAT: nema oblika prezenta u rečniku)	odluči ti	svrgavala
svrgavati	-ati/-eti (obrazac NEPOZNAT: nema oblika prezenta u rečniku)	odluči ti	svrgavalo
svrgavati	-ati/-eti (obrazac NEPOZNAT: nema oblika prezenta u rečniku)	odluči ti	svrgavale
tamnovati	-ovati	visoka	tamnujem
tamnovati	-ovati	visoka	tamnuješ
tamnovati	-ovati	visoka	tamnujemo
tamnovati	-ovati	visoka	tamnujete
tamnovati	-ovati	visoka	tamnuju
tamnovati	-ovati	visoka	tamnovala
tamnovati	-ovati	visoka	tamnovalo
tamnovati	-ovati	visoka	tamnovale
tamnovati	-ovati	visoka	tamnuj
tamnovati	-ovati	visoka	tamnujte
teliti	-iti	visoka	telim
teliti	-iti	visoka	teli
teliti	-iti	visoka	telimo
teliti	-iti	visoka	telite
teliti	-iti	visoka	telilo
teliti	-iti	visoka	telili
teliti	-iti	visoka	telile
tempirati	-irati	visoka	tempiram
tempirati	-irati	visoka	tempiraš
tempirati	-irati	visoka	tempira
tempirati	-irati	visoka	tempiramo
tempirati	-irati	visoka	tempirate
tempirati	-irati	visoka	tempiraju
tempirati	-irati	visoka	tempirala
tempirati	-irati	visoka	tempiralo
tempirati	-irati	visoka	tempirali
tempirati	-irati	visoka	tempirale
tempirati	-irati	visoka	tempiraj
tempirati	-irati	visoka	tempirajte
tereti	-eti	proveri	terim
tereti	-eti	proveri	teriš
tereti	-eti	proveri	teri
tereti	-eti	proveri	terimo
tereti	-eti	proveri	terite
tereti	-eti	proveri	tere
tereti	-eti	proveri	tereo
tereti	-eti	proveri	terela
tereti	-eti	proveri	terelo
tereti	-eti	proveri	tereli
tereti	-eti	proveri	terele
tesati	-ati/-eti (obrazac NEPOZNAT: nema oblika prezenta u rečniku)	odluči ti	tesala
tesati	-ati/-eti (obrazac NEPOZNAT: nema oblika prezenta u rečniku)	odluči ti	tesalo
tesati	-ati/-eti (obrazac NEPOZNAT: nema oblika prezenta u rečniku)	odluči ti	tesali
testerisati	-ati/-eti (obrazac NEPOZNAT: nema oblika prezenta u rečniku)	odluči ti	testerisala
testerisati	-ati/-eti (obrazac NEPOZNAT: nema oblika prezenta u rečniku)	odluči ti	testerisalo
testerisati	-ati/-eti (obrazac NEPOZNAT: nema oblika prezenta u rečniku)	odluči ti	testerisali
testerisati	-ati/-eti (obrazac NEPOZNAT: nema oblika prezenta u rečniku)	odluči ti	testerisale
tetošiti	-iti	visoka	tetoši
tetošiti	-iti	visoka	tetošimo
tetošiti	-iti	visoka	tetošite
tetošiti	-iti	visoka	tetošio
tetošiti	-iti	visoka	tetošila
tetošiti	-iti	visoka	tetošilo
tetošiti	-iti	visoka	tetošili
teškati	-ati/-eti (obrazac NEPOZNAT: protivrečni oblici: am/im)	odluči ti	teškao
teškati	-ati/-eti (obrazac NEPOZNAT: protivrečni oblici: am/im)	odluči ti	teškala
teškati	-ati/-eti (obrazac NEPOZNAT: protivrečni oblici: am/im)	odluči ti	teškalo
teškati	-ati/-eti (obrazac NEPOZNAT: protivrečni oblici: am/im)	odluči ti	teškali
teškati	-ati/-eti (obrazac NEPOZNAT: protivrečni oblici: am/im)	odluči ti	teškale
tipkati	-ati/-eti (obrazac NEPOZNAT: nema oblika prezenta u rečniku)	odluči ti	tipkala
tipkati	-ati/-eti (obrazac NEPOZNAT: nema oblika prezenta u rečniku)	odluči ti	tipkalo
tipkati	-ati/-eti (obrazac NEPOZNAT: nema oblika prezenta u rečniku)	odluči ti	tipkali
tipkati	-ati/-eti (obrazac NEPOZNAT: nema oblika prezenta u rečniku)	odluči ti	tipkale
tipovati	-ovati	visoka	tipuješ
tipovati	-ovati	visoka	tipuje
tipovati	-ovati	visoka	tipujemo
tipovati	-ovati	visoka	tipujete
tipovati	-ovati	visoka	tipuju
tipovati	-ovati	visoka	tipovala
tipovati	-ovati	visoka	tipovalo
tipovati	-ovati	visoka	tipovale
tipovati	-ovati	visoka	tipuj
tipovati	-ovati	visoka	tipujte
tiranisati	-ati/-eti (obrazac NEPOZNAT: nema oblika prezenta u rečniku)	odluči ti	tiranisala
tiranisati	-ati/-eti (obrazac NEPOZNAT: nema oblika prezenta u rečniku)	odluči ti	tiranisalo
tiranisati	-ati/-eti (obrazac NEPOZNAT: nema oblika prezenta u rečniku)	odluči ti	tiranisali
tiranisati	-ati/-eti (obrazac NEPOZNAT: nema oblika prezenta u rečniku)	odluči ti	tiranisale
tiskati	-ati/-eti (obrazac NEPOZNAT: nema oblika prezenta u rečniku)	odluči ti	tiskala
tiskati	-ati/-eti (obrazac NEPOZNAT: nema oblika prezenta u rečniku)	odluči ti	tiskalo
tiskati	-ati/-eti (obrazac NEPOZNAT: nema oblika prezenta u rečniku)	odluči ti	tiskali
tiskati	-ati/-eti (obrazac NEPOZNAT: nema oblika prezenta u rečniku)	odluči ti	tiskale
titlovati	-ovati	visoka	titlujem
titlovati	-ovati	visoka	titluješ
titlovati	-ovati	visoka	titluje
titlovati	-ovati	visoka	titlujemo
titlovati	-ovati	visoka	titlujete
titlovati	-ovati	visoka	titlovala
titlovati	-ovati	visoka	titlovalo
titlovati	-ovati	visoka	titlovali
titlovati	-ovati	visoka	titlovale
titlovati	-ovati	visoka	titluj
titlovati	-ovati	visoka	titlujte
titulisati	-ati/-eti (obrazac NEPOZNAT: nema oblika prezenta u rečniku)	odluči ti	titulisala
titulisati	-ati/-eti (obrazac NEPOZNAT: nema oblika prezenta u rečniku)	odluči ti	titulisalo
titulisati	-ati/-eti (obrazac NEPOZNAT: nema oblika prezenta u rečniku)	odluči ti	titulisali
titulisati	-ati/-eti (obrazac NEPOZNAT: nema oblika prezenta u rečniku)	odluči ti	titulisale
topliti	-iti	visoka	topliš
topliti	-iti	visoka	toplimo
topliti	-iti	visoka	toplite
topliti	-iti	visoka	toplio
topliti	-iti	visoka	toplila
topliti	-iti	visoka	toplilo
topliti	-iti	visoka	toplili
topliti	-iti	visoka	toplile
toviti	-iti	visoka	tovim
toviti	-iti	visoka	toviš
toviti	-iti	visoka	tovi
toviti	-iti	visoka	tovimo
toviti	-iti	visoka	tovite
toviti	-iti	visoka	tove
toviti	-iti	visoka	tovila
toviti	-iti	visoka	tovilo
toviti	-iti	visoka	tovile
transkribovati	-ovati	visoka	transkribujem
transkribovati	-ovati	visoka	transkribuješ
transkribovati	-ovati	visoka	transkribujemo
transkribovati	-ovati	visoka	transkribujete
transkribovati	-ovati	visoka	transkribuju
transkribovati	-ovati	visoka	transkribovao
transkribovati	-ovati	visoka	transkribovala
transkribovati	-ovati	visoka	transkribovalo
transkribovati	-ovati	visoka	transkribovali
transkribovati	-ovati	visoka	transkribovale
transkribovati	-ovati	visoka	transkribuj
transkribovati	-ovati	visoka	transkribujte
trapati	-ati/-eti (obrazac NEPOZNAT: nema oblika prezenta u rečniku)	odluči ti	trapao
trapati	-ati/-eti (obrazac NEPOZNAT: nema oblika prezenta u rečniku)	odluči ti	trapala
trapati	-ati/-eti (obrazac NEPOZNAT: nema oblika prezenta u rečniku)	odluči ti	trapalo
trapati	-ati/-eti (obrazac NEPOZNAT: nema oblika prezenta u rečniku)	odluči ti	trapali
trapati	-ati/-eti (obrazac NEPOZNAT: nema oblika prezenta u rečniku)	odluči ti	trapale
trasirati	-irati	visoka	trasiram
trasirati	-irati	visoka	trasiraš
trasirati	-irati	visoka	trasiramo
trasirati	-irati	visoka	trasirate
trasirati	-irati	visoka	trasiralo
trasirati	-irati	visoka	trasirale
trasirati	-irati	visoka	trasiraj
trasirati	-irati	visoka	trasirajte
travnati	-ati/-eti (obrazac -im, pročitan iz rečnika)	visoka	travniš
travnati	-ati/-eti (obrazac -im, pročitan iz rečnika)	visoka	travnimo
travnati	-ati/-eti (obrazac -im, pročitan iz rečnika)	visoka	travnite
travnati	-ati/-eti (obrazac -im, pročitan iz rečnika)	visoka	travnao
travnati	-ati/-eti (obrazac -im, pročitan iz rečnika)	visoka	travnala
travnati	-ati/-eti (obrazac -im, pročitan iz rečnika)	visoka	travnalo
travnati	-ati/-eti (obrazac -im, pročitan iz rečnika)	visoka	travnali
travnati	-ati/-eti (obrazac -im, pročitan iz rečnika)	visoka	travnale
tračati	-ati/-eti (obrazac -em, pročitan iz rečnika)	visoka	tračeš
tračati	-ati/-eti (obrazac -em, pročitan iz rečnika)	visoka	trače
tračati	-ati/-eti (obrazac -em, pročitan iz rečnika)	visoka	tračemo
tračati	-ati/-eti (obrazac -em, pročitan iz rečnika)	visoka	tračete
tračati	-ati/-eti (obrazac -em, pročitan iz rečnika)	visoka	traču
tračati	-ati/-eti (obrazac -em, pročitan iz rečnika)	visoka	trači
tračati	-ati/-eti (obrazac -em, pročitan iz rečnika)	visoka	tračite
tračati	-ati/-eti (obrazac -em, pročitan iz rečnika)	visoka	tračao
tračati	-ati/-eti (obrazac -em, pročitan iz rečnika)	visoka	tračala
tračati	-ati/-eti (obrazac -em, pročitan iz rečnika)	visoka	tračalo
tračati	-ati/-eti (obrazac -em, pročitan iz rečnika)	visoka	tračale
trebiti	-iti	visoka	trebim
trebiti	-iti	visoka	trebiš
trebiti	-iti	visoka	trebi
trebiti	-iti	visoka	trebimo
trebiti	-iti	visoka	trebe
trebiti	-iti	visoka	trebio
trebiti	-iti	visoka	trebila
trebiti	-iti	visoka	trebilo
trebiti	-iti	visoka	trebile
trenuti	-nuti	visoka	treneš
trenuti	-nuti	visoka	trene
trenuti	-nuti	visoka	trenemo
trenuti	-nuti	visoka	trenete
trenuti	-nuti	visoka	trenulo
trenuti	-nuti	visoka	trenuli
trenuti	-nuti	visoka	trenule
trenuti	-nuti	visoka	treni
trenuti	-nuti	visoka	trenite
treskati	-ati/-eti (obrazac NEPOZNAT: nema oblika prezenta u rečniku)	odluči ti	treskala
treskati	-ati/-eti (obrazac NEPOZNAT: nema oblika prezenta u rečniku)	odluči ti	treskalo
treskati	-ati/-eti (obrazac NEPOZNAT: nema oblika prezenta u rečniku)	odluči ti	treskali
treskati	-ati/-eti (obrazac NEPOZNAT: nema oblika prezenta u rečniku)	odluči ti	treskale
trgati	-ati/-eti (obrazac NEPOZNAT: nema oblika prezenta u rečniku)	odluči ti	trgala
trgati	-ati/-eti (obrazac NEPOZNAT: nema oblika prezenta u rečniku)	odluči ti	trgalo
trgati	-ati/-eti (obrazac NEPOZNAT: nema oblika prezenta u rečniku)	odluči ti	trgale
trijumfovati	-ovati	visoka	trijumfujem
trijumfovati	-ovati	visoka	trijumfuješ
trijumfovati	-ovati	visoka	trijumfujemo
trijumfovati	-ovati	visoka	trijumfujete
trijumfovati	-ovati	visoka	trijumfovalo
trijumfovati	-ovati	visoka	trijumfovali
trijumfovati	-ovati	visoka	trijumfovale
trijumfovati	-ovati	visoka	trijumfuj
trijumfovati	-ovati	visoka	trijumfujte
trnoviti	-iti	visoka	trnoviš
trnoviti	-iti	visoka	trnovimo
trnoviti	-iti	visoka	trnovite
trnoviti	-iti	visoka	trnovio
trnoviti	-iti	visoka	trnovila
trnoviti	-iti	visoka	trnovilo
trnoviti	-iti	visoka	trnovili
trnoviti	-iti	visoka	trnovile
truniti	-iti	visoka	trunim
truniti	-iti	visoka	truniš
truniti	-iti	visoka	trunimo
truniti	-iti	visoka	trunio
truniti	-iti	visoka	trunila
truniti	-iti	visoka	trunilo
truniti	-iti	visoka	trunile
trućati	-ati/-eti (obrazac -am, pročitan iz rečnika)	visoka	trućam
trućati	-ati/-eti (obrazac -am, pročitan iz rečnika)	visoka	truća
trućati	-ati/-eti (obrazac -am, pročitan iz rečnika)	visoka	trućamo
trućati	-ati/-eti (obrazac -am, pročitan iz rečnika)	visoka	trućate
trućati	-ati/-eti (obrazac -am, pročitan iz rečnika)	visoka	trućaju
trućati	-ati/-eti (obrazac -am, pročitan iz rečnika)	visoka	trućaj
trućati	-ati/-eti (obrazac -am, pročitan iz rečnika)	visoka	trućajte
trućati	-ati/-eti (obrazac -am, pročitan iz rečnika)	visoka	trućala
trućati	-ati/-eti (obrazac -am, pročitan iz rečnika)	visoka	trućalo
trućati	-ati/-eti (obrazac -am, pročitan iz rečnika)	visoka	trućali
trućati	-ati/-eti (obrazac -am, pročitan iz rečnika)	visoka	trućale
tuckati	-ati/-eti (obrazac NEPOZNAT: nema oblika prezenta u rečniku)	odluči ti	tuckala
tuckati	-ati/-eti (obrazac NEPOZNAT: nema oblika prezenta u rečniku)	odluči ti	tuckalo
tuckati	-ati/-eti (obrazac NEPOZNAT: nema oblika prezenta u rečniku)	odluči ti	tuckali
tuckati	-ati/-eti (obrazac NEPOZNAT: nema oblika prezenta u rečniku)	odluči ti	tuckale
tulumariti	-iti	visoka	tulumarim
tulumariti	-iti	visoka	tulumariš
tulumariti	-iti	visoka	tulumarimo
tulumariti	-iti	visoka	tulumarite
tulumariti	-iti	visoka	tulumare
tulumariti	-iti	visoka	tulumarilo
tulumariti	-iti	visoka	tulumarile
turati	-ati/-eti (obrazac -im, pročitan iz rečnika)	visoka	turiš
turati	-ati/-eti (obrazac -im, pročitan iz rečnika)	visoka	turite
turati	-ati/-eti (obrazac -im, pročitan iz rečnika)	visoka	turao
turati	-ati/-eti (obrazac -im, pročitan iz rečnika)	visoka	turala
turati	-ati/-eti (obrazac -im, pročitan iz rečnika)	visoka	turalo
turati	-ati/-eti (obrazac -im, pročitan iz rečnika)	visoka	turali
turati	-ati/-eti (obrazac -im, pročitan iz rečnika)	visoka	turale
tutnjiti	-iti	visoka	tutnjim
tutnjiti	-iti	visoka	tutnjiš
tutnjiti	-iti	visoka	tutnjimo
tutnjiti	-iti	visoka	tutnjite
tutnjiti	-iti	visoka	tutnjio
tutnjiti	-iti	visoka	tutnjila
tutnjiti	-iti	visoka	tutnjilo
tutnjiti	-iti	visoka	tutnjili
tutnjiti	-iti	visoka	tutnjile
tutnuti	-nuti	visoka	tutnem
tutnuti	-nuti	visoka	tutnemo
tutnuti	-nuti	visoka	tutnete
tutnuti	-nuti	visoka	tutnulo
tutnuti	-nuti	visoka	tutnuli
tutnuti	-nuti	visoka	tutnule
tutnuti	-nuti	visoka	tutni
tutnuti	-nuti	visoka	tutnite
tuviti	-iti	visoka	tuviš
tuviti	-iti	visoka	tuvi
tuviti	-iti	visoka	tuvimo
tuviti	-iti	visoka	tuvite
tuviti	-iti	visoka	tuve
tuviti	-iti	visoka	tuvio
tuviti	-iti	visoka	tuvilo
tuviti	-iti	visoka	tuvili
tuviti	-iti	visoka	tuvile
tvitovati	-ovati	visoka	tvituješ
tvitovati	-ovati	visoka	tvitujemo
tvitovati	-ovati	visoka	tvitujete
tvitovati	-ovati	visoka	tvitovalo
tvitovati	-ovati	visoka	tvitovali
tvitovati	-ovati	visoka	tvitovale
tvitovati	-ovati	visoka	tvituj
tvitovati	-ovati	visoka	tvitujte
ucmekati	-ati/-eti (obrazac NEPOZNAT: nema oblika prezenta u rečniku)	odluči ti	ucmekala
ucmekati	-ati/-eti (obrazac NEPOZNAT: nema oblika prezenta u rečniku)	odluči ti	ucmekalo
ucmekati	-ati/-eti (obrazac NEPOZNAT: nema oblika prezenta u rečniku)	odluči ti	ucmekali
ucmekati	-ati/-eti (obrazac NEPOZNAT: nema oblika prezenta u rečniku)	odluči ti	ucmekale
ucveliti	-iti	visoka	ucvelim
ucveliti	-iti	visoka	ucveliš
ucveliti	-iti	visoka	ucvelimo
ucveliti	-iti	visoka	ucvelite
ucveliti	-iti	visoka	ucvele
ucveliti	-iti	visoka	ucvelila
ucveliti	-iti	visoka	ucvelilo
ucveliti	-iti	visoka	ucvelile
udaljivati	-ati/-eti (obrazac NEPOZNAT: nema oblika prezenta u rečniku)	odluči ti	udaljivala
udaljivati	-ati/-eti (obrazac NEPOZNAT: nema oblika prezenta u rečniku)	odluči ti	udaljivalo
udaljivati	-ati/-eti (obrazac NEPOZNAT: nema oblika prezenta u rečniku)	odluči ti	udaljivali
udaljivati	-ati/-eti (obrazac NEPOZNAT: nema oblika prezenta u rečniku)	odluči ti	udaljivale
udiviti	-iti	visoka	udivim
udiviti	-iti	visoka	udiviš
udiviti	-iti	visoka	udivimo
udiviti	-iti	visoka	udivite
udiviti	-iti	visoka	udive
udiviti	-iti	visoka	udivila
udiviti	-iti	visoka	udivilo
udiviti	-iti	visoka	udivili
udiviti	-iti	visoka	udivile
udovoljavati	-ati/-eti (obrazac -am, pročitan iz rečnika)	visoka	udovoljavamo
udovoljavati	-ati/-eti (obrazac -am, pročitan iz rečnika)	visoka	udovoljavate
udovoljavati	-ati/-eti (obrazac -am, pročitan iz rečnika)	visoka	udovoljavaj
udovoljavati	-ati/-eti (obrazac -am, pročitan iz rečnika)	visoka	udovoljavajte
udovoljavati	-ati/-eti (obrazac -am, pročitan iz rečnika)	visoka	udovoljavala
udovoljavati	-ati/-eti (obrazac -am, pročitan iz rečnika)	visoka	udovoljavalo
udovoljavati	-ati/-eti (obrazac -am, pročitan iz rečnika)	visoka	udovoljavali
udovoljavati	-ati/-eti (obrazac -am, pročitan iz rečnika)	visoka	udovoljavale
udrobiti	-iti	visoka	udrobim
udrobiti	-iti	visoka	udrobiš
udrobiti	-iti	visoka	udrobimo
udrobiti	-iti	visoka	udrobite
udrobiti	-iti	visoka	udrobe
udrobiti	-iti	visoka	udrobila
udrobiti	-iti	visoka	udrobilo
udrobiti	-iti	visoka	udrobili
udrobiti	-iti	visoka	udrobile
udubljivati	-ati/-eti (obrazac NEPOZNAT: nema oblika prezenta u rečniku)	odluči ti	udubljivala
udubljivati	-ati/-eti (obrazac NEPOZNAT: nema oblika prezenta u rečniku)	odluči ti	udubljivalo
udubljivati	-ati/-eti (obrazac NEPOZNAT: nema oblika prezenta u rečniku)	odluči ti	udubljivale
udvojiti	-iti	visoka	udvojim
udvojiti	-iti	visoka	udvojiš
udvojiti	-iti	visoka	udvojimo
udvojiti	-iti	visoka	udvojite
udvojiti	-iti	visoka	udvojila
udvojiti	-iti	visoka	udvojilo
udvojiti	-iti	visoka	udvojili
udvojiti	-iti	visoka	udvojile
ufitiljiti	-iti	visoka	ufitiljim
ufitiljiti	-iti	visoka	ufitiljiš
ufitiljiti	-iti	visoka	ufitilji
ufitiljiti	-iti	visoka	ufitiljimo
ufitiljiti	-iti	visoka	ufitiljite
ufitiljiti	-iti	visoka	ufitilje
ufitiljiti	-iti	visoka	ufitiljila
ufitiljiti	-iti	visoka	ufitiljilo
ufitiljiti	-iti	visoka	ufitiljili
ufitiljiti	-iti	visoka	ufitiljile
uganuti	-nuti	visoka	uganem
uganuti	-nuti	visoka	ugane
uganuti	-nuti	visoka	uganemo
uganuti	-nuti	visoka	uganete
uganuti	-nuti	visoka	uganu
uganuti	-nuti	visoka	uganulo
uganuti	-nuti	visoka	uganule
uganuti	-nuti	visoka	ugani
uganuti	-nuti	visoka	uganite
ugnjaviti	-iti	visoka	ugnjavim
ugnjaviti	-iti	visoka	ugnjaviš
ugnjaviti	-iti	visoka	ugnjavi
ugnjaviti	-iti	visoka	ugnjavimo
ugnjaviti	-iti	visoka	ugnjavite
ugnjaviti	-iti	visoka	ugnjave
ugnjaviti	-iti	visoka	ugnjavila
ugnjaviti	-iti	visoka	ugnjavilo
ugnjaviti	-iti	visoka	ugnjavili
ugnjaviti	-iti	visoka	ugnjavile
ugošćavati	-ati/-eti (obrazac NEPOZNAT: nema oblika prezenta u rečniku)	odluči ti	ugošćavala
ugošćavati	-ati/-eti (obrazac NEPOZNAT: nema oblika prezenta u rečniku)	odluči ti	ugošćavalo
ugošćavati	-ati/-eti (obrazac NEPOZNAT: nema oblika prezenta u rečniku)	odluči ti	ugošćavale
ugravirati	-irati	visoka	ugraviram
ugravirati	-irati	visoka	ugraviraš
ugravirati	-irati	visoka	ugravira
ugravirati	-irati	visoka	ugraviramo
ugravirati	-irati	visoka	ugravirate
ugravirati	-irati	visoka	ugraviraju
ugravirati	-irati	visoka	ugravirala
ugravirati	-irati	visoka	ugraviralo
ugravirati	-irati	visoka	ugravirali
ugravirati	-irati	visoka	ugravirale
ugravirati	-irati	visoka	ugraviraj
ugravirati	-irati	visoka	ugravirajte
ugrijati	-ati/-eti (obrazac -em, pročitan iz rečnika)	visoka	ugriješ
ugrijati	-ati/-eti (obrazac -em, pročitan iz rečnika)	visoka	ugrijemo
ugrijati	-ati/-eti (obrazac -em, pročitan iz rečnika)	visoka	ugrijete
ugrijati	-ati/-eti (obrazac -em, pročitan iz rečnika)	visoka	ugriju
ugrijati	-ati/-eti (obrazac -em, pročitan iz rečnika)	visoka	ugriji
ugrijati	-ati/-eti (obrazac -em, pročitan iz rečnika)	visoka	ugrijite
ugrijati	-ati/-eti (obrazac -em, pročitan iz rečnika)	visoka	ugrijala
ugrijati	-ati/-eti (obrazac -em, pročitan iz rečnika)	visoka	ugrijalo
ugrijati	-ati/-eti (obrazac -em, pročitan iz rečnika)	visoka	ugrijali
ugrijati	-ati/-eti (obrazac -em, pročitan iz rečnika)	visoka	ugrijale
uhljebiti	-iti	visoka	uhljebim
uhljebiti	-iti	visoka	uhljebiš
uhljebiti	-iti	visoka	uhljebi
uhljebiti	-iti	visoka	uhljebimo
uhljebiti	-iti	visoka	uhljebite
uhljebiti	-iti	visoka	uhljebe
uhljebiti	-iti	visoka	uhljebila
uhljebiti	-iti	visoka	uhljebilo
uhljebiti	-iti	visoka	uhljebili
uhljebiti	-iti	visoka	uhljebile
uhraniti	-iti	visoka	uhranim
uhraniti	-iti	visoka	uhraniš
uhraniti	-iti	visoka	uhrani
uhraniti	-iti	visoka	uhranite
uhraniti	-iti	visoka	uhrane
uhraniti	-iti	visoka	uhranila
uhraniti	-iti	visoka	uhranilo
uhraniti	-iti	visoka	uhranile
ujdurisati	-ati/-eti (obrazac -pal, pročitan iz rečnika)	visoka	ujdurišem
ujdurisati	-ati/-eti (obrazac -pal, pročitan iz rečnika)	visoka	ujdurišemo
ujdurisati	-ati/-eti (obrazac -pal, pročitan iz rečnika)	visoka	ujdurišete
ujdurisati	-ati/-eti (obrazac -pal, pročitan iz rečnika)	visoka	ujdurišu
ujdurisati	-ati/-eti (obrazac -pal, pročitan iz rečnika)	visoka	ujduriši
ujdurisati	-ati/-eti (obrazac -pal, pročitan iz rečnika)	visoka	ujdurišite
ujdurisati	-ati/-eti (obrazac -pal, pročitan iz rečnika)	visoka	ujdurisala
ujdurisati	-ati/-eti (obrazac -pal, pročitan iz rečnika)	visoka	ujdurisalo
ujdurisati	-ati/-eti (obrazac -pal, pročitan iz rečnika)	visoka	ujdurisali
ujdurisati	-ati/-eti (obrazac -pal, pročitan iz rečnika)	visoka	ujdurisale
ujedinjavati	-ati/-eti (obrazac NEPOZNAT: nema oblika prezenta u rečniku)	odluči ti	ujedinjavala
ujedinjavati	-ati/-eti (obrazac NEPOZNAT: nema oblika prezenta u rečniku)	odluči ti	ujedinjavalo
ujedinjavati	-ati/-eti (obrazac NEPOZNAT: nema oblika prezenta u rečniku)	odluči ti	ujedinjavali
ujedinjavati	-ati/-eti (obrazac NEPOZNAT: nema oblika prezenta u rečniku)	odluči ti	ujedinjavale
ukiseliti	-iti	visoka	ukiselim
ukiseliti	-iti	visoka	ukiseliš
ukiseliti	-iti	visoka	ukiselimo
ukiseliti	-iti	visoka	ukiselite
ukiseliti	-iti	visoka	ukiselila
ukiseliti	-iti	visoka	ukiselili
ukiseliti	-iti	visoka	ukiselile
uklesati	-ati/-eti (obrazac NEPOZNAT: nema oblika prezenta u rečniku)	odluči ti	uklesala
uklesati	-ati/-eti (obrazac NEPOZNAT: nema oblika prezenta u rečniku)	odluči ti	uklesalo
uklesati	-ati/-eti (obrazac NEPOZNAT: nema oblika prezenta u rečniku)	odluči ti	uklesale
ukleti	-eti	proveri	uklim
ukleti	-eti	proveri	ukliš
ukleti	-eti	proveri	ukli
ukleti	-eti	proveri	uklimo
ukleti	-eti	proveri	uklite
ukleti	-eti	proveri	ukle
ukleti	-eti	proveri	uklelo
ukleti	-eti	proveri	ukleli
ukokati	-ati/-eti (obrazac NEPOZNAT: nema oblika prezenta u rečniku)	odluči ti	ukokala
ukokati	-ati/-eti (obrazac NEPOZNAT: nema oblika prezenta u rečniku)	odluči ti	ukokalo
ukokati	-ati/-eti (obrazac NEPOZNAT: nema oblika prezenta u rečniku)	odluči ti	ukokale
ukopavati	-ati/-eti (obrazac -am, pročitan iz rečnika)	visoka	ukopavamo
ukopavati	-ati/-eti (obrazac -am, pročitan iz rečnika)	visoka	ukopavate
ukopavati	-ati/-eti (obrazac -am, pročitan iz rečnika)	visoka	ukopavaj
ukopavati	-ati/-eti (obrazac -am, pročitan iz rečnika)	visoka	ukopavajte
ukopavati	-ati/-eti (obrazac -am, pročitan iz rečnika)	visoka	ukopavao
ukopavati	-ati/-eti (obrazac -am, pročitan iz rečnika)	visoka	ukopavalo
ukopavati	-ati/-eti (obrazac -am, pročitan iz rečnika)	visoka	ukopavali
ukopavati	-ati/-eti (obrazac -am, pročitan iz rečnika)	visoka	ukopavale
ukopistiti	-iti	visoka	ukopistim
ukopistiti	-iti	visoka	ukopistiš
ukopistiti	-iti	visoka	ukopisti
ukopistiti	-iti	visoka	ukopistimo
ukopistiti	-iti	visoka	ukopistite
ukopistiti	-iti	visoka	ukopiste
ukopistiti	-iti	visoka	ukopistila
ukopistiti	-iti	visoka	ukopistilo
ukopistiti	-iti	visoka	ukopistili
ukopistiti	-iti	visoka	ukopistile
ukopčati	-ati/-eti (obrazac NEPOZNAT: nema oblika prezenta u rečniku)	odluči ti	ukopčala
ukopčati	-ati/-eti (obrazac NEPOZNAT: nema oblika prezenta u rečniku)	odluči ti	ukopčalo
ukopčati	-ati/-eti (obrazac NEPOZNAT: nema oblika prezenta u rečniku)	odluči ti	ukopčali
ukopčati	-ati/-eti (obrazac NEPOZNAT: nema oblika prezenta u rečniku)	odluči ti	ukopčale
ukoravati	-ati/-eti (obrazac NEPOZNAT: nema oblika prezenta u rečniku)	odluči ti	ukoravala
ukoravati	-ati/-eti (obrazac NEPOZNAT: nema oblika prezenta u rečniku)	odluči ti	ukoravalo
ukoravati	-ati/-eti (obrazac NEPOZNAT: nema oblika prezenta u rečniku)	odluči ti	ukoravali
ukoravati	-ati/-eti (obrazac NEPOZNAT: nema oblika prezenta u rečniku)	odluči ti	ukoravale
ukoričiti	-iti	visoka	ukoričim
ukoričiti	-iti	visoka	ukoričiš
ukoričiti	-iti	visoka	ukoriči
ukoričiti	-iti	visoka	ukoričimo
ukoričiti	-iti	visoka	ukoričite
ukoričiti	-iti	visoka	ukoriče
ukoričiti	-iti	visoka	ukoričila
ukoričiti	-iti	visoka	ukoričilo
ukoričiti	-iti	visoka	ukoričili
ukoričiti	-iti	visoka	ukoričile
ukovati	-ovati	visoka	ukujem
ukovati	-ovati	visoka	ukuje
ukovati	-ovati	visoka	ukujemo
ukovati	-ovati	visoka	ukujete
ukovati	-ovati	visoka	ukuju
ukovati	-ovati	visoka	ukovala
ukovati	-ovati	visoka	ukovalo
ukovati	-ovati	visoka	ukovali
ukovati	-ovati	visoka	ukovale
ukovati	-ovati	visoka	ukuj
ukovati	-ovati	visoka	ukujte
ulagivati	-ati/-eti (obrazac NEPOZNAT: nema oblika prezenta u rečniku)	odluči ti	ulagivala
ulagivati	-ati/-eti (obrazac NEPOZNAT: nema oblika prezenta u rečniku)	odluči ti	ulagivalo
ulagivati	-ati/-eti (obrazac NEPOZNAT: nema oblika prezenta u rečniku)	odluči ti	ulagivali
ulagivati	-ati/-eti (obrazac NEPOZNAT: nema oblika prezenta u rečniku)	odluči ti	ulagivale
ulepiti	-iti	visoka	ulepim
ulepiti	-iti	visoka	ulepiš
ulepiti	-iti	visoka	ulepi
ulepiti	-iti	visoka	ulepimo
ulepiti	-iti	visoka	ulepite
ulepiti	-iti	visoka	ulepe
ulepiti	-iti	visoka	ulepila
ulepiti	-iti	visoka	ulepilo
ulepiti	-iti	visoka	ulepili
ulepiti	-iti	visoka	ulepile
ulizivati	-ati/-eti (obrazac NEPOZNAT: nema oblika prezenta u rečniku)	odluči ti	ulizivala
ulizivati	-ati/-eti (obrazac NEPOZNAT: nema oblika prezenta u rečniku)	odluči ti	ulizivalo
ulizivati	-ati/-eti (obrazac NEPOZNAT: nema oblika prezenta u rečniku)	odluči ti	ulizivale
uljuljati	-ati/-eti (obrazac -am, pročitan iz rečnika)	visoka	uljuljaš
uljuljati	-ati/-eti (obrazac -am, pročitan iz rečnika)	visoka	uljulja
uljuljati	-ati/-eti (obrazac -am, pročitan iz rečnika)	visoka	uljuljamo
uljuljati	-ati/-eti (obrazac -am, pročitan iz rečnika)	visoka	uljuljate
uljuljati	-ati/-eti (obrazac -am, pročitan iz rečnika)	visoka	uljuljaju
uljuljati	-ati/-eti (obrazac -am, pročitan iz rečnika)	visoka	uljuljaj
uljuljati	-ati/-eti (obrazac -am, pročitan iz rečnika)	visoka	uljuljajte
uljuljati	-ati/-eti (obrazac -am, pročitan iz rečnika)	visoka	uljuljao
uljuljati	-ati/-eti (obrazac -am, pročitan iz rečnika)	visoka	uljuljala
uljuljati	-ati/-eti (obrazac -am, pročitan iz rečnika)	visoka	uljuljalo
uljuljati	-ati/-eti (obrazac -am, pročitan iz rečnika)	visoka	uljuljali
uljuljati	-ati/-eti (obrazac -am, pročitan iz rečnika)	visoka	uljuljale
uljuljkati	-ati/-eti (obrazac NEPOZNAT: nema oblika prezenta u rečniku)	odluči ti	uljuljkala
uljuljkati	-ati/-eti (obrazac NEPOZNAT: nema oblika prezenta u rečniku)	odluči ti	uljuljkalo
uljuljkati	-ati/-eti (obrazac NEPOZNAT: nema oblika prezenta u rečniku)	odluči ti	uljuljkali
uljuljkati	-ati/-eti (obrazac NEPOZNAT: nema oblika prezenta u rečniku)	odluči ti	uljuljkale
ulogoriti	-iti	visoka	ulogorim
ulogoriti	-iti	visoka	ulogoriš
ulogoriti	-iti	visoka	ulogorite
ulogoriti	-iti	visoka	ulogore
ulogoriti	-iti	visoka	ulogorila
ulogoriti	-iti	visoka	ulogorilo
ulogoriti	-iti	visoka	ulogorile
ulubiti	-iti	visoka	ulubim
ulubiti	-iti	visoka	ulubiš
ulubiti	-iti	visoka	ulubi
ulubiti	-iti	visoka	ulubimo
ulubiti	-iti	visoka	ulubite
ulubiti	-iti	visoka	ulube
ulubiti	-iti	visoka	ulubila
ulubiti	-iti	visoka	ulubilo
ulubiti	-iti	visoka	ulubili
ulubiti	-iti	visoka	ulubile
umaknuti	-nuti	visoka	umaknete
umaknuti	-nuti	visoka	umaknuo
umaknuti	-nuti	visoka	umaknula
umaknuti	-nuti	visoka	umaknulo
umaknuti	-nuti	visoka	umaknuli
umaknuti	-nuti	visoka	umaknule
umaknuti	-nuti	visoka	umakni
umaknuti	-nuti	visoka	umaknite
umaliti	-iti	visoka	umalim
umaliti	-iti	visoka	umališ
umaliti	-iti	visoka	umalimo
umaliti	-iti	visoka	umalite
umaliti	-iti	visoka	umale
umaliti	-iti	visoka	umalila
umaliti	-iti	visoka	umalilo
umaliti	-iti	visoka	umalili
umaliti	-iti	visoka	umalile
umeriti	-iti	visoka	umerim
umeriti	-iti	visoka	umeriš
umeriti	-iti	visoka	umerimo
umeriti	-iti	visoka	umerite
umeriti	-iti	visoka	umerila
umeriti	-iti	visoka	umerilo
umeriti	-iti	visoka	umerile
umilostiviti	-iti	visoka	umilostivim
umilostiviti	-iti	visoka	umilostiviš
umilostiviti	-iti	visoka	umilostivimo
umilostiviti	-iti	visoka	umilostivite
umilostiviti	-iti	visoka	umilostivilo
umilostiviti	-iti	visoka	umilostivili
umilostiviti	-iti	visoka	umilostivile
umirati	-irati	visoka	umiram
umirati	-irati	visoka	umiraš
umirati	-irati	visoka	umira
umirati	-irati	visoka	umiramo
umirati	-irati	visoka	umirate
umirati	-irati	visoka	umiraju
umirati	-irati	visoka	umiraj
umirati	-irati	visoka	umirajte
umlatiti	-iti	visoka	umlatim
umlatiti	-iti	visoka	umlatiš
umlatiti	-iti	visoka	umlatimo
umlatiti	-iti	visoka	umlatite
umlatiti	-iti	visoka	umlatila
umlatiti	-iti	visoka	umlatilo
umlatiti	-iti	visoka	umlatili
umlatiti	-iti	visoka	umlatile
umokriti	-iti	visoka	umokrim
umokriti	-iti	visoka	umokriš
umokriti	-iti	visoka	umokri
umokriti	-iti	visoka	umokrimo
umokriti	-iti	visoka	umokrite
umokriti	-iti	visoka	umokre
umokriti	-iti	visoka	umokrilo
umokriti	-iti	visoka	umokrili
umokriti	-iti	visoka	umokrile
umovati	-ovati	visoka	umujem
umovati	-ovati	visoka	umujemo
umovati	-ovati	visoka	umujete
umovati	-ovati	visoka	umovala
umovati	-ovati	visoka	umovalo
umovati	-ovati	visoka	umovali
umovati	-ovati	visoka	umovale
umovati	-ovati	visoka	umujte
unapređivati	-ati/-eti (obrazac NEPOZNAT: nema oblika prezenta u rečniku)	odluči ti	unapređivala
unapređivati	-ati/-eti (obrazac NEPOZNAT: nema oblika prezenta u rečniku)	odluči ti	unapređivalo
unapređivati	-ati/-eti (obrazac NEPOZNAT: nema oblika prezenta u rečniku)	odluči ti	unapređivali
unapređivati	-ati/-eti (obrazac NEPOZNAT: nema oblika prezenta u rečniku)	odluči ti	unapređivale
unezveriti	-iti	visoka	unezverim
unezveriti	-iti	visoka	unezveriš
unezveriti	-iti	visoka	unezveri
unezveriti	-iti	visoka	unezverimo
unezveriti	-iti	visoka	unezverite
unezveriti	-iti	visoka	unezvere
unezveriti	-iti	visoka	unezverila
unezveriti	-iti	visoka	unezverilo
unezveriti	-iti	visoka	unezverili
unezveriti	-iti	visoka	unezverile
unovačiti	-iti	visoka	unovačim
unovačiti	-iti	visoka	unovačiš
unovačiti	-iti	visoka	unovači
unovačiti	-iti	visoka	unovačimo
unovačiti	-iti	visoka	unovačite
unovačiti	-iti	visoka	unovače
unovačiti	-iti	visoka	unovačila
unovačiti	-iti	visoka	unovačilo
unovačiti	-iti	visoka	unovačile
uobličavati	-ati/-eti (obrazac NEPOZNAT: nema oblika prezenta u rečniku)	odluči ti	uobličavala
uobličavati	-ati/-eti (obrazac NEPOZNAT: nema oblika prezenta u rečniku)	odluči ti	uobličavali
uobličavati	-ati/-eti (obrazac NEPOZNAT: nema oblika prezenta u rečniku)	odluči ti	uobličavale
uobražavati	-ati/-eti (obrazac -am, pročitan iz rečnika)	visoka	uobražavamo
uobražavati	-ati/-eti (obrazac -am, pročitan iz rečnika)	visoka	uobražavate
uobražavati	-ati/-eti (obrazac -am, pročitan iz rečnika)	visoka	uobražavaju
uobražavati	-ati/-eti (obrazac -am, pročitan iz rečnika)	visoka	uobražavaj
uobražavati	-ati/-eti (obrazac -am, pročitan iz rečnika)	visoka	uobražavajte
uobražavati	-ati/-eti (obrazac -am, pročitan iz rečnika)	visoka	uobražavala
uobražavati	-ati/-eti (obrazac -am, pročitan iz rečnika)	visoka	uobražavalo
uobražavati	-ati/-eti (obrazac -am, pročitan iz rečnika)	visoka	uobražavali
uobražavati	-ati/-eti (obrazac -am, pročitan iz rečnika)	visoka	uobražavale
uopštavati	-ati/-eti (obrazac NEPOZNAT: nema oblika prezenta u rečniku)	odluči ti	uopštavala
uopštavati	-ati/-eti (obrazac NEPOZNAT: nema oblika prezenta u rečniku)	odluči ti	uopštavalo
uopštavati	-ati/-eti (obrazac NEPOZNAT: nema oblika prezenta u rečniku)	odluči ti	uopštavali
uopštavati	-ati/-eti (obrazac NEPOZNAT: nema oblika prezenta u rečniku)	odluči ti	uopštavale
uortačiti	-iti	visoka	uortačim
uortačiti	-iti	visoka	uortačiš
uortačiti	-iti	visoka	uortači
uortačiti	-iti	visoka	uortačite
uortačiti	-iti	visoka	uortače
uortačiti	-iti	visoka	uortačila
uortačiti	-iti	visoka	uortačilo
uortačiti	-iti	visoka	uortačili
uortačiti	-iti	visoka	uortačile
upiljiti	-iti	visoka	upiljim
upiljiti	-iti	visoka	upiljiš
upiljiti	-iti	visoka	upiljimo
upiljiti	-iti	visoka	upiljite
upiljiti	-iti	visoka	upilje
upiljiti	-iti	visoka	upiljila
upiljiti	-iti	visoka	upiljilo
upiljiti	-iti	visoka	upiljili
upiljiti	-iti	visoka	upiljile
upirati	-irati	visoka	upiram
upirati	-irati	visoka	upiraš
upirati	-irati	visoka	upira
upirati	-irati	visoka	upiramo
upirati	-irati	visoka	upirate
upirati	-irati	visoka	upiraju
upirati	-irati	visoka	upirale
upirati	-irati	visoka	upiraj
upirati	-irati	visoka	upirajte
uplati	-ati/-eti (obrazac NEPOZNAT: nema oblika prezenta u rečniku)	odluči ti	uplao
uplati	-ati/-eti (obrazac NEPOZNAT: nema oblika prezenta u rečniku)	odluči ti	uplala
uplati	-ati/-eti (obrazac NEPOZNAT: nema oblika prezenta u rečniku)	odluči ti	uplalo
uplati	-ati/-eti (obrazac NEPOZNAT: nema oblika prezenta u rečniku)	odluči ti	uplali
uplati	-ati/-eti (obrazac NEPOZNAT: nema oblika prezenta u rečniku)	odluči ti	uplale
upletati	-ati/-eti (obrazac NEPOZNAT: protivrečni oblici: em/pal)	odluči ti	upletala
upletati	-ati/-eti (obrazac NEPOZNAT: protivrečni oblici: em/pal)	odluči ti	upletalo
upletati	-ati/-eti (obrazac NEPOZNAT: protivrečni oblici: em/pal)	odluči ti	upletali
upletati	-ati/-eti (obrazac NEPOZNAT: protivrečni oblici: em/pal)	odluči ti	upletale
upredati	-ati/-eti (obrazac NEPOZNAT: nema oblika prezenta u rečniku)	odluči ti	upredala
upredati	-ati/-eti (obrazac NEPOZNAT: nema oblika prezenta u rečniku)	odluči ti	upredalo
upredati	-ati/-eti (obrazac NEPOZNAT: nema oblika prezenta u rečniku)	odluči ti	upredali
upredati	-ati/-eti (obrazac NEPOZNAT: nema oblika prezenta u rečniku)	odluči ti	upredale
upreti	-eti	proveri	uprim
upreti	-eti	proveri	upriš
upreti	-eti	proveri	uprimo
upreti	-eti	proveri	upreo
upreti	-eti	proveri	uprela
upreti	-eti	proveri	uprelo
upreti	-eti	proveri	upreli
upreti	-eti	proveri	uprele
uprtiti	-iti	visoka	uprtiš
uprtiti	-iti	visoka	uprti
uprtiti	-iti	visoka	uprtimo
uprtiti	-iti	visoka	uprtite
uprtiti	-iti	visoka	uprtilo
uprtiti	-iti	visoka	uprtili
uprtiti	-iti	visoka	uprtile
upuzati	-ati/-eti (obrazac NEPOZNAT: nema oblika prezenta u rečniku)	odluči ti	upuzala
upuzati	-ati/-eti (obrazac NEPOZNAT: nema oblika prezenta u rečniku)	odluči ti	upuzalo
upuzati	-ati/-eti (obrazac NEPOZNAT: nema oblika prezenta u rečniku)	odluči ti	upuzali
upuzati	-ati/-eti (obrazac NEPOZNAT: nema oblika prezenta u rečniku)	odluči ti	upuzale
uramiti	-iti	visoka	uramiš
uramiti	-iti	visoka	urami
uramiti	-iti	visoka	uramimo
uramiti	-iti	visoka	uramite
uramiti	-iti	visoka	urame
uramiti	-iti	visoka	uramilo
uramiti	-iti	visoka	uramili
uramiti	-iti	visoka	uramile
uraniti	-iti	visoka	uranim
uraniti	-iti	visoka	uraniš
uraniti	-iti	visoka	uranimo
uraniti	-iti	visoka	uranite
uraniti	-iti	visoka	urane
uraniti	-iti	visoka	uranilo
uraniti	-iti	visoka	uranile
uranjati	-ati/-eti (obrazac NEPOZNAT: nema oblika prezenta u rečniku)	odluči ti	uranjala
uranjati	-ati/-eti (obrazac NEPOZNAT: nema oblika prezenta u rečniku)	odluči ti	uranjalo
uranjati	-ati/-eti (obrazac NEPOZNAT: nema oblika prezenta u rečniku)	odluči ti	uranjali
uranjati	-ati/-eti (obrazac NEPOZNAT: nema oblika prezenta u rečniku)	odluči ti	uranjale
urbanizovati	-ovati	visoka	urbanizujem
urbanizovati	-ovati	visoka	urbanizuješ
urbanizovati	-ovati	visoka	urbanizujemo
urbanizovati	-ovati	visoka	urbanizujete
urbanizovati	-ovati	visoka	urbanizovao
urbanizovati	-ovati	visoka	urbanizovala
urbanizovati	-ovati	visoka	urbanizovalo
urbanizovati	-ovati	visoka	urbanizovali
urbanizovati	-ovati	visoka	urbanizovale
urbanizovati	-ovati	visoka	urbanizuj
urbanizovati	-ovati	visoka	urbanizujte
urgirati	-irati	visoka	urgiraš
urgirati	-irati	visoka	urgiramo
urgirati	-irati	visoka	urgirate
urgirati	-irati	visoka	urgiraju
urgirati	-irati	visoka	urgirala
urgirati	-irati	visoka	urgiralo
urgirati	-irati	visoka	urgirale
urgirati	-irati	visoka	urgiraj
urgirati	-irati	visoka	urgirajte
urlikati	-ati/-eti (obrazac NEPOZNAT: nema oblika prezenta u rečniku)	odluči ti	urlikala
urlikati	-ati/-eti (obrazac NEPOZNAT: nema oblika prezenta u rečniku)	odluči ti	urlikalo
urlikati	-ati/-eti (obrazac NEPOZNAT: nema oblika prezenta u rečniku)	odluči ti	urlikale
usahnuti	-nuti	visoka	usahnem
usahnuti	-nuti	visoka	usahneš
usahnuti	-nuti	visoka	usahnemo
usahnuti	-nuti	visoka	usahnete
usahnuti	-nuti	visoka	usahnulo
usahnuti	-nuti	visoka	usahnuli
usahnuti	-nuti	visoka	usahni
usahnuti	-nuti	visoka	usahnite
usecati	-ati/-eti (obrazac -am, pročitan iz rečnika)	visoka	usecaš
usecati	-ati/-eti (obrazac -am, pročitan iz rečnika)	visoka	usecamo
usecati	-ati/-eti (obrazac -am, pročitan iz rečnika)	visoka	usecate
usecati	-ati/-eti (obrazac -am, pročitan iz rečnika)	visoka	usecaj
usecati	-ati/-eti (obrazac -am, pročitan iz rečnika)	visoka	usecajte
usecati	-ati/-eti (obrazac -am, pročitan iz rečnika)	visoka	usecao
usecati	-ati/-eti (obrazac -am, pročitan iz rečnika)	visoka	usecala
usecati	-ati/-eti (obrazac -am, pročitan iz rečnika)	visoka	usecalo
usecati	-ati/-eti (obrazac -am, pročitan iz rečnika)	visoka	usecali
usecati	-ati/-eti (obrazac -am, pročitan iz rečnika)	visoka	usecale
useknuti	-nuti	visoka	useknem
useknuti	-nuti	visoka	usekneš
useknuti	-nuti	visoka	usekne
useknuti	-nuti	visoka	useknemo
useknuti	-nuti	visoka	useknete
useknuti	-nuti	visoka	useknula
useknuti	-nuti	visoka	useknulo
useknuti	-nuti	visoka	useknuli
useknuti	-nuti	visoka	useknule
useknuti	-nuti	visoka	usekni
useknuti	-nuti	visoka	useknite
ushteti	-eti	proveri	ushtim
ushteti	-eti	proveri	ushtiš
ushteti	-eti	proveri	ushti
ushteti	-eti	proveri	ushtimo
ushteti	-eti	proveri	ushtite
ushteti	-eti	proveri	ushtelo
ushteti	-eti	proveri	ushtele
usiniti	-iti	visoka	usinim
usiniti	-iti	visoka	usiniš
usiniti	-iti	visoka	usini
usiniti	-iti	visoka	usinimo
usiniti	-iti	visoka	usinite
usiniti	-iti	visoka	usine
usiniti	-iti	visoka	usinila
usiniti	-iti	visoka	usinilo
usiniti	-iti	visoka	usinili
usiniti	-iti	visoka	usinile
uskipeti	-eti	proveri	uskipim
uskipeti	-eti	proveri	uskipiš
uskipeti	-eti	proveri	uskipimo
uskipeti	-eti	proveri	uskipite
uskipeti	-eti	proveri	uskipela
uskipeti	-eti	proveri	uskipeli
uskipeti	-eti	proveri	uskipele
uskliknuti	-nuti	visoka	uskliknem
uskliknuti	-nuti	visoka	usklikneš
uskliknuti	-nuti	visoka	uskliknemo
uskliknuti	-nuti	visoka	uskliknete
uskliknuti	-nuti	visoka	uskliknulo
uskliknuti	-nuti	visoka	uskliknuli
uskliknuti	-nuti	visoka	uskliknule
uskliknuti	-nuti	visoka	usklikni
uskraćivati	-ati/-eti (obrazac NEPOZNAT: nema oblika prezenta u rečniku)	odluči ti	uskraćivala
uskraćivati	-ati/-eti (obrazac NEPOZNAT: nema oblika prezenta u rečniku)	odluči ti	uskraćivalo
uskraćivati	-ati/-eti (obrazac NEPOZNAT: nema oblika prezenta u rečniku)	odluči ti	uskraćivali
uskraćivati	-ati/-eti (obrazac NEPOZNAT: nema oblika prezenta u rečniku)	odluči ti	uskraćivale
usplamteti	-eti	proveri	usplamtim
usplamteti	-eti	proveri	usplamtiš
usplamteti	-eti	proveri	usplamtimo
usplamteti	-eti	proveri	usplamtite
usplamteti	-eti	proveri	usplamte
usplamteti	-eti	proveri	usplamtela
usplamteti	-eti	proveri	usplamtelo
usplamteti	-eti	proveri	usplamteli
uspostavljati	-ati/-eti (obrazac -am, pročitan iz rečnika)	visoka	uspostavljate
uspostavljati	-ati/-eti (obrazac -am, pročitan iz rečnika)	visoka	uspostavljaj
uspostavljati	-ati/-eti (obrazac -am, pročitan iz rečnika)	visoka	uspostavljajte
uspostavljati	-ati/-eti (obrazac -am, pročitan iz rečnika)	visoka	uspostavljao
uspostavljati	-ati/-eti (obrazac -am, pročitan iz rečnika)	visoka	uspostavljala
uspostavljati	-ati/-eti (obrazac -am, pročitan iz rečnika)	visoka	uspostavljalo
uspostavljati	-ati/-eti (obrazac -am, pročitan iz rečnika)	visoka	uspostavljali
uspostavljati	-ati/-eti (obrazac -am, pročitan iz rečnika)	visoka	uspostavljale
uspuzati	-ati/-eti (obrazac NEPOZNAT: nema oblika prezenta u rečniku)	odluči ti	uspuzala
uspuzati	-ati/-eti (obrazac NEPOZNAT: nema oblika prezenta u rečniku)	odluči ti	uspuzalo
uspuzati	-ati/-eti (obrazac NEPOZNAT: nema oblika prezenta u rečniku)	odluči ti	uspuzali
uspuzati	-ati/-eti (obrazac NEPOZNAT: nema oblika prezenta u rečniku)	odluči ti	uspuzale
ustavljati	-ati/-eti (obrazac NEPOZNAT: nema oblika prezenta u rečniku)	odluči ti	ustavljalo
ustavljati	-ati/-eti (obrazac NEPOZNAT: nema oblika prezenta u rečniku)	odluči ti	ustavljali
ustavljati	-ati/-eti (obrazac NEPOZNAT: nema oblika prezenta u rečniku)	odluči ti	ustavljale
utažiti	-iti	visoka	utažim
utažiti	-iti	visoka	utažiš
utažiti	-iti	visoka	utaži
utažiti	-iti	visoka	utažimo
utažiti	-iti	visoka	utažite
utažiti	-iti	visoka	utaže
utažiti	-iti	visoka	utažila
utažiti	-iti	visoka	utažilo
utažiti	-iti	visoka	utažili
utažiti	-iti	visoka	utažile
utirati	-irati	visoka	utiram
utirati	-irati	visoka	utiraš
utirati	-irati	visoka	utira
utirati	-irati	visoka	utiramo
utirati	-irati	visoka	utirate
utirati	-irati	visoka	utiraju
utirati	-irati	visoka	utirala
utirati	-irati	visoka	utirale
utirati	-irati	visoka	utiraj
utirati	-irati	visoka	utirajte
utkati	-ati/-eti (obrazac NEPOZNAT: nema oblika prezenta u rečniku)	odluči ti	utkalo
utkati	-ati/-eti (obrazac NEPOZNAT: nema oblika prezenta u rečniku)	odluči ti	utkali
utkati	-ati/-eti (obrazac NEPOZNAT: nema oblika prezenta u rečniku)	odluči ti	utkale
utopljavati	-ati/-eti (obrazac -am, pročitan iz rečnika)	visoka	utopljavaš
utopljavati	-ati/-eti (obrazac -am, pročitan iz rečnika)	visoka	utopljavamo
utopljavati	-ati/-eti (obrazac -am, pročitan iz rečnika)	visoka	utopljavate
utopljavati	-ati/-eti (obrazac -am, pročitan iz rečnika)	visoka	utopljavaju
utopljavati	-ati/-eti (obrazac -am, pročitan iz rečnika)	visoka	utopljavaj
utopljavati	-ati/-eti (obrazac -am, pročitan iz rečnika)	visoka	utopljavajte
utopljavati	-ati/-eti (obrazac -am, pročitan iz rečnika)	visoka	utopljavao
utopljavati	-ati/-eti (obrazac -am, pročitan iz rečnika)	visoka	utopljavalo
utopljavati	-ati/-eti (obrazac -am, pročitan iz rečnika)	visoka	utopljavali
utopljavati	-ati/-eti (obrazac -am, pročitan iz rečnika)	visoka	utopljavale
utovarivati	-ati/-eti (obrazac NEPOZNAT: nema oblika prezenta u rečniku)	odluči ti	utovarivala
utovarivati	-ati/-eti (obrazac NEPOZNAT: nema oblika prezenta u rečniku)	odluči ti	utovarivalo
utovarivati	-ati/-eti (obrazac NEPOZNAT: nema oblika prezenta u rečniku)	odluči ti	utovarivali
utovarivati	-ati/-eti (obrazac NEPOZNAT: nema oblika prezenta u rečniku)	odluči ti	utovarivale
utrapiti	-iti	visoka	utrapim
utrapiti	-iti	visoka	utrapiš
utrapiti	-iti	visoka	utrapimo
utrapiti	-iti	visoka	utrapite
utrapiti	-iti	visoka	utrape
utrapiti	-iti	visoka	utrapilo
utrapiti	-iti	visoka	utrapili
utrapiti	-iti	visoka	utrapile
utucati	-ati/-eti (obrazac NEPOZNAT: protivrečni oblici: am/pal)	odluči ti	utucao
utucati	-ati/-eti (obrazac NEPOZNAT: protivrečni oblici: am/pal)	odluči ti	utucala
utucati	-ati/-eti (obrazac NEPOZNAT: protivrečni oblici: am/pal)	odluči ti	utucalo
utucati	-ati/-eti (obrazac NEPOZNAT: protivrečni oblici: am/pal)	odluči ti	utucali
utucati	-ati/-eti (obrazac NEPOZNAT: protivrečni oblici: am/pal)	odluči ti	utucale
utuliti	-iti	visoka	utulim
utuliti	-iti	visoka	utuliš
utuliti	-iti	visoka	utulimo
utuliti	-iti	visoka	utulite
utuliti	-iti	visoka	utulila
utuliti	-iti	visoka	utulili
utuliti	-iti	visoka	utulile
uturiti	-iti	visoka	uturim
uturiti	-iti	visoka	uturiš
uturiti	-iti	visoka	uturi
uturiti	-iti	visoka	uturimo
uturiti	-iti	visoka	uturite
uturiti	-iti	visoka	uture
uturiti	-iti	visoka	uturilo
uturiti	-iti	visoka	uturili
uturiti	-iti	visoka	uturile
uveličavati	-ati/-eti (obrazac NEPOZNAT: nema oblika prezenta u rečniku)	odluči ti	uveličavala
uveličavati	-ati/-eti (obrazac NEPOZNAT: nema oblika prezenta u rečniku)	odluči ti	uveličavalo
uveličavati	-ati/-eti (obrazac NEPOZNAT: nema oblika prezenta u rečniku)	odluči ti	uveličavali
uveličavati	-ati/-eti (obrazac NEPOZNAT: nema oblika prezenta u rečniku)	odluči ti	uveličavale
uveseljavati	-ati/-eti (obrazac NEPOZNAT: nema oblika prezenta u rečniku)	odluči ti	uveseljavala
uveseljavati	-ati/-eti (obrazac NEPOZNAT: nema oblika prezenta u rečniku)	odluči ti	uveseljavalo
uveseljavati	-ati/-eti (obrazac NEPOZNAT: nema oblika prezenta u rečniku)	odluči ti	uveseljavali
uveseljavati	-ati/-eti (obrazac NEPOZNAT: nema oblika prezenta u rečniku)	odluči ti	uveseljavale
uveštiti	-iti	visoka	uveštim
uveštiti	-iti	visoka	uveštiš
uveštiti	-iti	visoka	uvešti
uveštiti	-iti	visoka	uveštimo
uveštiti	-iti	visoka	uveštite
uveštiti	-iti	visoka	uvešte
uveštiti	-iti	visoka	uveštila
uveštiti	-iti	visoka	uveštilo
uveštiti	-iti	visoka	uveštili
uveštiti	-iti	visoka	uveštile
uvirati	-irati	visoka	uviram
uvirati	-irati	visoka	uviraš
uvirati	-irati	visoka	uvira
uvirati	-irati	visoka	uviramo
uvirati	-irati	visoka	uvirate
uvirati	-irati	visoka	uviraju
uvirati	-irati	visoka	uvirala
uvirati	-irati	visoka	uviralo
uvirati	-irati	visoka	uvirali
uvirati	-irati	visoka	uvirale
uvirati	-irati	visoka	uviraj
uvirati	-irati	visoka	uvirajte
uvrati	-ati/-eti (obrazac NEPOZNAT: nema oblika prezenta u rečniku)	odluči ti	uvrao
uvrati	-ati/-eti (obrazac NEPOZNAT: nema oblika prezenta u rečniku)	odluči ti	uvrala
uvrati	-ati/-eti (obrazac NEPOZNAT: nema oblika prezenta u rečniku)	odluči ti	uvralo
uvrati	-ati/-eti (obrazac NEPOZNAT: nema oblika prezenta u rečniku)	odluči ti	uvrali
uvrati	-ati/-eti (obrazac NEPOZNAT: nema oblika prezenta u rečniku)	odluči ti	uvrale
uvratiti	-iti	visoka	uvratiš
uvratiti	-iti	visoka	uvratimo
uvratiti	-iti	visoka	uvratite
uvratiti	-iti	visoka	uvrate
uvratiti	-iti	visoka	uvratio
uvratiti	-iti	visoka	uvratila
uvratiti	-iti	visoka	uvratilo
uvratiti	-iti	visoka	uvratile
uvraćati	-ati/-eti (obrazac NEPOZNAT: nema oblika prezenta u rečniku)	odluči ti	uvraćala
uvraćati	-ati/-eti (obrazac NEPOZNAT: nema oblika prezenta u rečniku)	odluči ti	uvraćalo
uvraćati	-ati/-eti (obrazac NEPOZNAT: nema oblika prezenta u rečniku)	odluči ti	uvraćali
uvraćati	-ati/-eti (obrazac NEPOZNAT: nema oblika prezenta u rečniku)	odluči ti	uvraćale
uvrebati	-ati/-eti (obrazac NEPOZNAT: nema oblika prezenta u rečniku)	odluči ti	uvrebala
uvrebati	-ati/-eti (obrazac NEPOZNAT: nema oblika prezenta u rečniku)	odluči ti	uvrebalo
uvrebati	-ati/-eti (obrazac NEPOZNAT: nema oblika prezenta u rečniku)	odluči ti	uvrebali
uvrebati	-ati/-eti (obrazac NEPOZNAT: nema oblika prezenta u rečniku)	odluči ti	uvrebale
uvreti	-eti	proveri	uvrim
uvreti	-eti	proveri	uvriš
uvreti	-eti	proveri	uvrimo
uvreti	-eti	proveri	uvrite
uvreti	-eti	proveri	uvre
uvreti	-eti	proveri	uvreo
uvreti	-eti	proveri	uvrela
uvreti	-eti	proveri	uvrelo
uvreti	-eti	proveri	uvreli
uvreti	-eti	proveri	uvrele
uvrnuti	-nuti	visoka	uvrnem
uvrnuti	-nuti	visoka	uvrneš
uvrnuti	-nuti	visoka	uvrnemo
uvrnuti	-nuti	visoka	uvrnete
uvrnuti	-nuti	visoka	uvrnu
uvrnuti	-nuti	visoka	uvrnulo
uvrnuti	-nuti	visoka	uvrnuli
uvrnuti	-nuti	visoka	uvrnule
uvrnuti	-nuti	visoka	uvrnite
uvrteti	-eti	proveri	uvrtim
uvrteti	-eti	proveri	uvrtiš
uvrteti	-eti	proveri	uvrti
uvrteti	-eti	proveri	uvrtite
uvrteti	-eti	proveri	uvrtelo
uvrteti	-eti	proveri	uvrteli
uvrteti	-eti	proveri	uvrtele
uvrtiti	-iti	visoka	uvrtim
uvrtiti	-iti	visoka	uvrtiš
uvrtiti	-iti	visoka	uvrti
uvrtiti	-iti	visoka	uvrtite
uvrtiti	-iti	visoka	uvrtilo
uvrtiti	-iti	visoka	uvrtili
uvrtiti	-iti	visoka	uvrtile
uzabrati	-ati/-eti (obrazac NEPOZNAT: nema oblika prezenta u rečniku)	odluči ti	uzabrala
uzabrati	-ati/-eti (obrazac NEPOZNAT: nema oblika prezenta u rečniku)	odluči ti	uzabrali
uzabrati	-ati/-eti (obrazac NEPOZNAT: nema oblika prezenta u rečniku)	odluči ti	uzabrale
uzbrati	-ati/-eti (obrazac NEPOZNAT: nema oblika prezenta u rečniku)	odluči ti	uzbrala
uzbrati	-ati/-eti (obrazac NEPOZNAT: nema oblika prezenta u rečniku)	odluči ti	uzbralo
uzbrati	-ati/-eti (obrazac NEPOZNAT: nema oblika prezenta u rečniku)	odluči ti	uzbrali
uzbrati	-ati/-eti (obrazac NEPOZNAT: nema oblika prezenta u rečniku)	odluči ti	uzbrale
uzletati	-ati/-eti (obrazac NEPOZNAT: protivrečni oblici: im/pal)	odluči ti	uzletao
uzletati	-ati/-eti (obrazac NEPOZNAT: protivrečni oblici: im/pal)	odluči ti	uzletalo
uzletati	-ati/-eti (obrazac NEPOZNAT: protivrečni oblici: im/pal)	odluči ti	uzletali
uzletati	-ati/-eti (obrazac NEPOZNAT: protivrečni oblici: im/pal)	odluči ti	uzletale
uzmaknuti	-nuti	visoka	uzmakneš
uzmaknuti	-nuti	visoka	uzmaknemo
uzmaknuti	-nuti	visoka	uzmaknete
uzmaknuti	-nuti	visoka	uzmaknu
uzmaknuti	-nuti	visoka	uzmaknuo
uzmaknuti	-nuti	visoka	uzmaknula
uzmaknuti	-nuti	visoka	uzmaknulo
uzmaknuti	-nuti	visoka	uzmaknule
uzmaknuti	-nuti	visoka	uzmaknite
uznapredovati	-ovati	visoka	uznapredujem
uznapredovati	-ovati	visoka	uznapreduješ
uznapredovati	-ovati	visoka	uznapreduje
uznapredovati	-ovati	visoka	uznapredujemo
uznapredovati	-ovati	visoka	uznapredujete
uznapredovati	-ovati	visoka	uznapreduju
uznapredovati	-ovati	visoka	uznapredovale
uznapredovati	-ovati	visoka	uznapreduj
uznapredovati	-ovati	visoka	uznapredujte
uzneti	-eti	proveri	uznim
uzneti	-eti	proveri	uzniš
uzneti	-eti	proveri	uzni
uzneti	-eti	proveri	uznimo
uzneti	-eti	proveri	uznite
uzneti	-eti	proveri	uzne
uzneti	-eti	proveri	uznele
uzoriti	-iti	visoka	uzorim
uzoriti	-iti	visoka	uzoriš
uzoriti	-iti	visoka	uzorimo
uzoriti	-iti	visoka	uzorio
uzoriti	-iti	visoka	uzorila
uzoriti	-iti	visoka	uzorilo
uzoriti	-iti	visoka	uzorili
uzoriti	-iti	visoka	uzorile
uzreti	-eti	proveri	uzrim
uzreti	-eti	proveri	uzriš
uzreti	-eti	proveri	uzri
uzreti	-eti	proveri	uzrimo
uzreti	-eti	proveri	uzrite
uzreti	-eti	proveri	uzrela
uzreti	-eti	proveri	uzreli
uzreti	-eti	proveri	uzrele
uzvrdati	-ati/-eti (obrazac NEPOZNAT: nema oblika prezenta u rečniku)	odluči ti	uzvrdala
uzvrdati	-ati/-eti (obrazac NEPOZNAT: nema oblika prezenta u rečniku)	odluči ti	uzvrdalo
uzvrdati	-ati/-eti (obrazac NEPOZNAT: nema oblika prezenta u rečniku)	odluči ti	uzvrdali
uzvrdati	-ati/-eti (obrazac NEPOZNAT: nema oblika prezenta u rečniku)	odluči ti	uzvrdale
uzvrpoljiti	-iti	visoka	uzvrpoljim
uzvrpoljiti	-iti	visoka	uzvrpoljiš
uzvrpoljiti	-iti	visoka	uzvrpoljimo
uzvrpoljiti	-iti	visoka	uzvrpoljite
uzvrpoljiti	-iti	visoka	uzvrpolje
uzvrpoljiti	-iti	visoka	uzvrpoljilo
uzvrpoljiti	-iti	visoka	uzvrpoljili
uzvrpoljiti	-iti	visoka	uzvrpoljile
učauriti	-iti	visoka	učaurim
učauriti	-iti	visoka	učauriš
učauriti	-iti	visoka	učauri
učauriti	-iti	visoka	učaurimo
učauriti	-iti	visoka	učaurite
učauriti	-iti	visoka	učaure
učauriti	-iti	visoka	učaurila
učauriti	-iti	visoka	učaurilo
učauriti	-iti	visoka	učaurili
učauriti	-iti	visoka	učaurile
učitavati	-ati/-eti (obrazac -am, pročitan iz rečnika)	visoka	učitavaš
učitavati	-ati/-eti (obrazac -am, pročitan iz rečnika)	visoka	učitavamo
učitavati	-ati/-eti (obrazac -am, pročitan iz rečnika)	visoka	učitavajte
učitavati	-ati/-eti (obrazac -am, pročitan iz rečnika)	visoka	učitavao
učitavati	-ati/-eti (obrazac -am, pročitan iz rečnika)	visoka	učitavala
učitavati	-ati/-eti (obrazac -am, pročitan iz rečnika)	visoka	učitavalo
učitavati	-ati/-eti (obrazac -am, pročitan iz rečnika)	visoka	učitavali
učitavati	-ati/-eti (obrazac -am, pročitan iz rečnika)	visoka	učitavale
ušančiti	-iti	visoka	ušančim
ušančiti	-iti	visoka	ušančiš
ušančiti	-iti	visoka	ušanči
ušančiti	-iti	visoka	ušančimo
ušančiti	-iti	visoka	ušančite
ušančiti	-iti	visoka	ušanče
ušančiti	-iti	visoka	ušančila
ušančiti	-iti	visoka	ušančilo
ušančiti	-iti	visoka	ušančile
ušeprtljiti	-iti	visoka	ušeprtljim
ušeprtljiti	-iti	visoka	ušeprtljiš
ušeprtljiti	-iti	visoka	ušeprtlji
ušeprtljiti	-iti	visoka	ušeprtljimo
ušeprtljiti	-iti	visoka	ušeprtljite
ušeprtljiti	-iti	visoka	ušeprtlje
ušeprtljiti	-iti	visoka	ušeprtljio
ušeprtljiti	-iti	visoka	ušeprtljila
ušeprtljiti	-iti	visoka	ušeprtljilo
ušeprtljiti	-iti	visoka	ušeprtljili
ušeprtljiti	-iti	visoka	ušeprtljile
ušiljiti	-iti	visoka	ušiljim
ušiljiti	-iti	visoka	ušiljiš
ušiljiti	-iti	visoka	ušilji
ušiljiti	-iti	visoka	ušiljimo
ušiljiti	-iti	visoka	ušiljite
ušiljiti	-iti	visoka	ušilje
ušiljiti	-iti	visoka	ušiljila
ušiljiti	-iti	visoka	ušiljilo
ušiljiti	-iti	visoka	ušiljili
ušiljiti	-iti	visoka	ušiljile
ušinuti	-nuti	visoka	ušinem
ušinuti	-nuti	visoka	ušineš
ušinuti	-nuti	visoka	ušine
ušinuti	-nuti	visoka	ušinemo
ušinuti	-nuti	visoka	ušinete
ušinuti	-nuti	visoka	ušinu
ušinuti	-nuti	visoka	ušinula
ušinuti	-nuti	visoka	ušinulo
ušinuti	-nuti	visoka	ušinuli
ušinuti	-nuti	visoka	ušinule
ušinuti	-nuti	visoka	ušini
ušinuti	-nuti	visoka	ušinite
uškopiti	-iti	visoka	uškopim
uškopiti	-iti	visoka	uškopiš
uškopiti	-iti	visoka	uškopimo
uškopiti	-iti	visoka	uškopite
uškopiti	-iti	visoka	uškope
uškopiti	-iti	visoka	uškopila
uškopiti	-iti	visoka	uškopilo
uškopiti	-iti	visoka	uškopile
ušmrkati	-ati/-eti (obrazac NEPOZNAT: nema oblika prezenta u rečniku)	odluči ti	ušmrkala
ušmrkati	-ati/-eti (obrazac NEPOZNAT: nema oblika prezenta u rečniku)	odluči ti	ušmrkalo
ušmrkati	-ati/-eti (obrazac NEPOZNAT: nema oblika prezenta u rečniku)	odluči ti	ušmrkali
ušmrkati	-ati/-eti (obrazac NEPOZNAT: nema oblika prezenta u rečniku)	odluči ti	ušmrkale
uštipnuti	-nuti	visoka	uštipnem
uštipnuti	-nuti	visoka	uštipneš
uštipnuti	-nuti	visoka	uštipne
uštipnuti	-nuti	visoka	uštipnemo
uštipnuti	-nuti	visoka	uštipnete
uštipnuti	-nuti	visoka	uštipnu
uštipnuti	-nuti	visoka	uštipnula
uštipnuti	-nuti	visoka	uštipnulo
uštipnuti	-nuti	visoka	uštipnuli
uštipnuti	-nuti	visoka	uštipnule
uštipnuti	-nuti	visoka	uštipnite
uželeti	-eti	proveri	uželim
uželeti	-eti	proveri	uželiš
uželeti	-eti	proveri	uželi
uželeti	-eti	proveri	uželimo
uželeti	-eti	proveri	užele
uželeti	-eti	proveri	uželelo
uželeti	-eti	proveri	uželele
uživljavati	-ati/-eti (obrazac -am, pročitan iz rečnika)	visoka	uživljavaš
uživljavati	-ati/-eti (obrazac -am, pročitan iz rečnika)	visoka	uživljavamo
uživljavati	-ati/-eti (obrazac -am, pročitan iz rečnika)	visoka	uživljavate
uživljavati	-ati/-eti (obrazac -am, pročitan iz rečnika)	visoka	uživljavaju
uživljavati	-ati/-eti (obrazac -am, pročitan iz rečnika)	visoka	uživljavaj
uživljavati	-ati/-eti (obrazac -am, pročitan iz rečnika)	visoka	uživljavajte
uživljavati	-ati/-eti (obrazac -am, pročitan iz rečnika)	visoka	uživljavao
uživljavati	-ati/-eti (obrazac -am, pročitan iz rečnika)	visoka	uživljavalo
uživljavati	-ati/-eti (obrazac -am, pročitan iz rečnika)	visoka	uživljavali
uživljavati	-ati/-eti (obrazac -am, pročitan iz rečnika)	visoka	uživljavale
vajkati	-ati/-eti (obrazac NEPOZNAT: nema oblika prezenta u rečniku)	odluči ti	vajkalo
vajkati	-ati/-eti (obrazac NEPOZNAT: nema oblika prezenta u rečniku)	odluči ti	vajkali
vajkati	-ati/-eti (obrazac NEPOZNAT: nema oblika prezenta u rečniku)	odluči ti	vajkale
vakcinisati	-ati/-eti (obrazac NEPOZNAT: nema oblika prezenta u rečniku)	odluči ti	vakcinisala
vakcinisati	-ati/-eti (obrazac NEPOZNAT: nema oblika prezenta u rečniku)	odluči ti	vakcinisalo
vakcinisati	-ati/-eti (obrazac NEPOZNAT: nema oblika prezenta u rečniku)	odluči ti	vakcinisale
varakati	-ati/-eti (obrazac -am, pročitan iz rečnika)	visoka	varakaš
varakati	-ati/-eti (obrazac -am, pročitan iz rečnika)	visoka	varakate
varakati	-ati/-eti (obrazac -am, pročitan iz rečnika)	visoka	varakaju
varakati	-ati/-eti (obrazac -am, pročitan iz rečnika)	visoka	varakaj
varakati	-ati/-eti (obrazac -am, pročitan iz rečnika)	visoka	varakajte
varakati	-ati/-eti (obrazac -am, pročitan iz rečnika)	visoka	varakao
varakati	-ati/-eti (obrazac -am, pročitan iz rečnika)	visoka	varakala
varakati	-ati/-eti (obrazac -am, pročitan iz rečnika)	visoka	varakalo
varakati	-ati/-eti (obrazac -am, pročitan iz rečnika)	visoka	varakali
varakati	-ati/-eti (obrazac -am, pročitan iz rečnika)	visoka	varakale
vaskrsavati	-ati/-eti (obrazac NEPOZNAT: nema oblika prezenta u rečniku)	odluči ti	vaskrsavala
vaskrsavati	-ati/-eti (obrazac NEPOZNAT: nema oblika prezenta u rečniku)	odluči ti	vaskrsavalo
vaskrsavati	-ati/-eti (obrazac NEPOZNAT: nema oblika prezenta u rečniku)	odluči ti	vaskrsavali
vaskrsavati	-ati/-eti (obrazac NEPOZNAT: nema oblika prezenta u rečniku)	odluči ti	vaskrsavale
vatati	-ati/-eti (obrazac -am, pročitan iz rečnika)	visoka	vatam
vatati	-ati/-eti (obrazac -am, pročitan iz rečnika)	visoka	vatamo
vatati	-ati/-eti (obrazac -am, pročitan iz rečnika)	visoka	vatate
vatati	-ati/-eti (obrazac -am, pročitan iz rečnika)	visoka	vataju
vatati	-ati/-eti (obrazac -am, pročitan iz rečnika)	visoka	vataj
vatati	-ati/-eti (obrazac -am, pročitan iz rečnika)	visoka	vatajte
vatati	-ati/-eti (obrazac -am, pročitan iz rečnika)	visoka	vatala
vatati	-ati/-eti (obrazac -am, pročitan iz rečnika)	visoka	vatalo
vatati	-ati/-eti (obrazac -am, pročitan iz rečnika)	visoka	vatali
vatati	-ati/-eti (obrazac -am, pročitan iz rečnika)	visoka	vatale
vegetirati	-irati	visoka	vegetiram
vegetirati	-irati	visoka	vegetiramo
vegetirati	-irati	visoka	vegetirate
vegetirati	-irati	visoka	vegetiraju
vegetirati	-irati	visoka	vegetirao
vegetirati	-irati	visoka	vegetirala
vegetirati	-irati	visoka	vegetiralo
vegetirati	-irati	visoka	vegetirali
vegetirati	-irati	visoka	vegetirale
vegetirati	-irati	visoka	vegetiraj
vegetirati	-irati	visoka	vegetirajte
vejati	-ati/-eti (obrazac NEPOZNAT: nema oblika prezenta u rečniku)	odluči ti	vejala
vejati	-ati/-eti (obrazac NEPOZNAT: nema oblika prezenta u rečniku)	odluči ti	vejali
vejati	-ati/-eti (obrazac NEPOZNAT: nema oblika prezenta u rečniku)	odluči ti	vejale
verifikovati	-ovati	visoka	verifikujem
verifikovati	-ovati	visoka	verifikuješ
verifikovati	-ovati	visoka	verifikujemo
verifikovati	-ovati	visoka	verifikujete
verifikovati	-ovati	visoka	verifikovao
verifikovati	-ovati	visoka	verifikovala
verifikovati	-ovati	visoka	verifikovalo
verifikovati	-ovati	visoka	verifikovali
verifikovati	-ovati	visoka	verifikovale
verifikovati	-ovati	visoka	verifikuj
verifikovati	-ovati	visoka	verifikujte
vibrirati	-irati	visoka	vibriramo
vibrirati	-irati	visoka	vibrirate
vibrirati	-irati	visoka	vibrirala
vibrirati	-irati	visoka	vibriralo
vibrirati	-irati	visoka	vibrirali
vibrirati	-irati	visoka	vibrirale
vibrirati	-irati	visoka	vibriraj
vibrirati	-irati	visoka	vibrirajte
vidati	-ati/-eti (obrazac NEPOZNAT: protivrečni oblici: am/im)	odluči ti	vidao
vidati	-ati/-eti (obrazac NEPOZNAT: protivrečni oblici: am/im)	odluči ti	vidalo
vidati	-ati/-eti (obrazac NEPOZNAT: protivrečni oblici: am/im)	odluči ti	vidale
vinuti	-nuti	visoka	vinem
vinuti	-nuti	visoka	vine
vinuti	-nuti	visoka	vinemo
vinuti	-nuti	visoka	vinete
vinuti	-nuti	visoka	vinulo
vinuti	-nuti	visoka	vinuli
vinuti	-nuti	visoka	vinule
vinuti	-nuti	visoka	vini
vinuti	-nuti	visoka	vinite
viseti	-eti	proveri	visite
viseti	-eti	proveri	vise
viseti	-eti	proveri	viseo
viseti	-eti	proveri	visela
viseti	-eti	proveri	viselo
viseti	-eti	proveri	viseli
viseti	-eti	proveri	visele
vizirati	-irati	visoka	viziram
vizirati	-irati	visoka	viziraš
vizirati	-irati	visoka	viziramo
vizirati	-irati	visoka	vizirate
vizirati	-irati	visoka	viziraju
vizirati	-irati	visoka	vizirao
vizirati	-irati	visoka	vizirala
vizirati	-irati	visoka	viziralo
vizirati	-irati	visoka	vizirali
vizirati	-irati	visoka	vizirale
vizirati	-irati	visoka	viziraj
vizirati	-irati	visoka	vizirajte
vizitirati	-irati	visoka	vizitiram
vizitirati	-irati	visoka	vizitiraš
vizitirati	-irati	visoka	vizitiramo
vizitirati	-irati	visoka	vizitirate
vizitirati	-irati	visoka	vizitiraju
vizitirati	-irati	visoka	vizitirao
vizitirati	-irati	visoka	vizitirala
vizitirati	-irati	visoka	vizitiralo
vizitirati	-irati	visoka	vizitirali
vizitirati	-irati	visoka	vizitirale
vizitirati	-irati	visoka	vizitiraj
vizitirati	-irati	visoka	vizitirajte
viđeti	-eti	proveri	viđim
viđeti	-eti	proveri	viđiš
viđeti	-eti	proveri	viđi
viđeti	-eti	proveri	viđimo
viđeti	-eti	proveri	viđite
viđeti	-eti	proveri	viđelo
viđeti	-eti	proveri	viđele
vladeti	-eti	proveri	vladim
vladeti	-eti	proveri	vladiš
vladeti	-eti	proveri	vladimo
vladeti	-eti	proveri	vladite
vladeti	-eti	proveri	vladeo
vladeti	-eti	proveri	vladela
vladeti	-eti	proveri	vladelo
vladeti	-eti	proveri	vladeli
vladeti	-eti	proveri	vladele
vlažiti	-iti	visoka	vlažim
vlažiti	-iti	visoka	vlažiš
vlažiti	-iti	visoka	vlažimo
vlažiti	-iti	visoka	vlažite
vlažiti	-iti	visoka	vlažilo
vlažiti	-iti	visoka	vlažili
vlažiti	-iti	visoka	vlažile
vrdati	-ati/-eti (obrazac -am, pročitan iz rečnika)	visoka	vrda
vrdati	-ati/-eti (obrazac -am, pročitan iz rečnika)	visoka	vrdamo
vrdati	-ati/-eti (obrazac -am, pročitan iz rečnika)	visoka	vrdate
vrdati	-ati/-eti (obrazac -am, pročitan iz rečnika)	visoka	vrdaju
vrdati	-ati/-eti (obrazac -am, pročitan iz rečnika)	visoka	vrdajte
vrdati	-ati/-eti (obrazac -am, pročitan iz rečnika)	visoka	vrdao
vrdati	-ati/-eti (obrazac -am, pročitan iz rečnika)	visoka	vrdalo
vrdati	-ati/-eti (obrazac -am, pročitan iz rečnika)	visoka	vrdali
vrdati	-ati/-eti (obrazac -am, pročitan iz rečnika)	visoka	vrdale
vrečati	-ati/-eti (obrazac NEPOZNAT: nema oblika prezenta u rečniku)	odluči ti	vrečala
vrečati	-ati/-eti (obrazac NEPOZNAT: nema oblika prezenta u rečniku)	odluči ti	vrečalo
vrečati	-ati/-eti (obrazac NEPOZNAT: nema oblika prezenta u rečniku)	odluči ti	vrečali
vrečati	-ati/-eti (obrazac NEPOZNAT: nema oblika prezenta u rečniku)	odluči ti	vrečale
vrijediti	-iti	visoka	vrijedim
vrijediti	-iti	visoka	vrijediš
vrijediti	-iti	visoka	vrijedi
vrijediti	-iti	visoka	vrijedimo
vrijediti	-iti	visoka	vrijedite
vrijediti	-iti	visoka	vrijede
vrijediti	-iti	visoka	vrijedile
vristati	-ati/-eti (obrazac NEPOZNAT: nema oblika prezenta u rečniku)	odluči ti	vristala
vristati	-ati/-eti (obrazac NEPOZNAT: nema oblika prezenta u rečniku)	odluči ti	vristalo
vristati	-ati/-eti (obrazac NEPOZNAT: nema oblika prezenta u rečniku)	odluči ti	vristali
vristati	-ati/-eti (obrazac NEPOZNAT: nema oblika prezenta u rečniku)	odluči ti	vristale
vrleti	-eti	proveri	vrliš
vrleti	-eti	proveri	vrlimo
vrleti	-eti	proveri	vrlite
vrleti	-eti	proveri	vrleo
vrleti	-eti	proveri	vrlela
vrleti	-eti	proveri	vrlelo
vrleti	-eti	proveri	vrleli
vrleti	-eti	proveri	vrlele
vrljati	-ati/-eti (obrazac NEPOZNAT: nema oblika prezenta u rečniku)	odluči ti	vrljala
vrljati	-ati/-eti (obrazac NEPOZNAT: nema oblika prezenta u rečniku)	odluči ti	vrljalo
vrljati	-ati/-eti (obrazac NEPOZNAT: nema oblika prezenta u rečniku)	odluči ti	vrljali
vrljati	-ati/-eti (obrazac NEPOZNAT: nema oblika prezenta u rečniku)	odluči ti	vrljale
vrnuti	-nuti	visoka	vrnemo
vrnuti	-nuti	visoka	vrnete
vrnuti	-nuti	visoka	vrnula
vrnuti	-nuti	visoka	vrnulo
vrnuti	-nuti	visoka	vrnuli
vrnuti	-nuti	visoka	vrnule
vrnuti	-nuti	visoka	vrni
vrnuti	-nuti	visoka	vrnite
vrzati	-ati/-eti (obrazac NEPOZNAT: nema oblika prezenta u rečniku)	odluči ti	vrzala
vrzati	-ati/-eti (obrazac NEPOZNAT: nema oblika prezenta u rečniku)	odluči ti	vrzalo
vrzati	-ati/-eti (obrazac NEPOZNAT: nema oblika prezenta u rečniku)	odluči ti	vrzali
vrzati	-ati/-eti (obrazac NEPOZNAT: nema oblika prezenta u rečniku)	odluči ti	vrzale
vrčati	-ati/-eti (obrazac -em, pročitan iz rečnika)	visoka	vrčeš
vrčati	-ati/-eti (obrazac -em, pročitan iz rečnika)	visoka	vrče
vrčati	-ati/-eti (obrazac -em, pročitan iz rečnika)	visoka	vrčemo
vrčati	-ati/-eti (obrazac -em, pročitan iz rečnika)	visoka	vrčete
vrčati	-ati/-eti (obrazac -em, pročitan iz rečnika)	visoka	vrču
vrčati	-ati/-eti (obrazac -em, pročitan iz rečnika)	visoka	vrči
vrčati	-ati/-eti (obrazac -em, pročitan iz rečnika)	visoka	vrčite
vrčati	-ati/-eti (obrazac -em, pročitan iz rečnika)	visoka	vrčao
vrčati	-ati/-eti (obrazac -em, pročitan iz rečnika)	visoka	vrčala
vrčati	-ati/-eti (obrazac -em, pročitan iz rečnika)	visoka	vrčalo
vrčati	-ati/-eti (obrazac -em, pročitan iz rečnika)	visoka	vrčali
vrčati	-ati/-eti (obrazac -em, pročitan iz rečnika)	visoka	vrčale
vucarati	-ati/-eti (obrazac -am, pročitan iz rečnika)	visoka	vucaram
vucarati	-ati/-eti (obrazac -am, pročitan iz rečnika)	visoka	vucaramo
vucarati	-ati/-eti (obrazac -am, pročitan iz rečnika)	visoka	vucarate
vucarati	-ati/-eti (obrazac -am, pročitan iz rečnika)	visoka	vucaraj
vucarati	-ati/-eti (obrazac -am, pročitan iz rečnika)	visoka	vucarajte
vucarati	-ati/-eti (obrazac -am, pročitan iz rečnika)	visoka	vucaralo
vucarati	-ati/-eti (obrazac -am, pročitan iz rečnika)	visoka	vucarali
vucarati	-ati/-eti (obrazac -am, pročitan iz rečnika)	visoka	vucarale
vučeti	-eti	proveri	vučim
vučeti	-eti	proveri	vučiš
vučeti	-eti	proveri	vučimo
vučeti	-eti	proveri	vučite
vučeti	-eti	proveri	vučeo
vučeti	-eti	proveri	vučela
vučeti	-eti	proveri	vučelo
vučeti	-eti	proveri	vučeli
vučeti	-eti	proveri	vučele
zabarikadirati	-irati	visoka	zabarikadiram
zabarikadirati	-irati	visoka	zabarikadiraš
zabarikadirati	-irati	visoka	zabarikadira
zabarikadirati	-irati	visoka	zabarikadirate
zabarikadirati	-irati	visoka	zabarikadiraju
zabarikadirati	-irati	visoka	zabarikadiralo
zabarikadirati	-irati	visoka	zabarikadirale
zabarikadirati	-irati	visoka	zabarikadiraj
zabataliti	-iti	visoka	zabatalim
zabataliti	-iti	visoka	zabatališ
zabataliti	-iti	visoka	zabatali
zabataliti	-iti	visoka	zabatalimo
zabataliti	-iti	visoka	zabatalite
zabataliti	-iti	visoka	zabatale
zabataliti	-iti	visoka	zabatalila
zabataliti	-iti	visoka	zabatalilo
zabataliti	-iti	visoka	zabatalili
zabataliti	-iti	visoka	zabatalile
zabati	-ati/-eti (obrazac NEPOZNAT: nema oblika prezenta u rečniku)	odluči ti	zabao
zabati	-ati/-eti (obrazac NEPOZNAT: nema oblika prezenta u rečniku)	odluči ti	zabala
zabati	-ati/-eti (obrazac NEPOZNAT: nema oblika prezenta u rečniku)	odluči ti	zabalo
zabati	-ati/-eti (obrazac NEPOZNAT: nema oblika prezenta u rečniku)	odluči ti	zabali
zabati	-ati/-eti (obrazac NEPOZNAT: nema oblika prezenta u rečniku)	odluči ti	zabale
zabašuriti	-iti	visoka	zabašuriš
zabašuriti	-iti	visoka	zabašurimo
zabašuriti	-iti	visoka	zabašurite
zabašuriti	-iti	visoka	zabašurio
zabašuriti	-iti	visoka	zabašurila
zabašuriti	-iti	visoka	zabašurilo
zabašuriti	-iti	visoka	zabašurile
zabeliti	-iti	visoka	zabelim
zabeliti	-iti	visoka	zabeliš
zabeliti	-iti	visoka	zabelimo
zabeliti	-iti	visoka	zabelite
zabeliti	-iti	visoka	zabelio
zabeliti	-iti	visoka	zabelilo
zabeliti	-iti	visoka	zabelili
zabeliti	-iti	visoka	zabelile
zabezeknuti	-nuti	visoka	zabezeknem
zabezeknuti	-nuti	visoka	zabezekneš
zabezeknuti	-nuti	visoka	zabezeknemo
zabezeknuti	-nuti	visoka	zabezeknete
zabezeknuti	-nuti	visoka	zabezeknulo
zabezeknuti	-nuti	visoka	zabezeknuli
zabezeknuti	-nuti	visoka	zabezeknule
zabezeknuti	-nuti	visoka	zabezekni
zabezeknuti	-nuti	visoka	zabezeknite
zabiberiti	-iti	visoka	zabiberim
zabiberiti	-iti	visoka	zabiberiš
zabiberiti	-iti	visoka	zabiberimo
zabiberiti	-iti	visoka	zabiberite
zabiberiti	-iti	visoka	zabibere
zabiberiti	-iti	visoka	zabiberilo
zabiberiti	-iti	visoka	zabiberili
zabiberiti	-iti	visoka	zabiberile
zabijati	-ati/-eti (obrazac NEPOZNAT: protivrečni oblici: am/em)	odluči ti	zabijala
zabijati	-ati/-eti (obrazac NEPOZNAT: protivrečni oblici: am/em)	odluči ti	zabijalo
zabijati	-ati/-eti (obrazac NEPOZNAT: protivrečni oblici: am/em)	odluči ti	zabijale
zabiti	-iti	visoka	zabim
zabiti	-iti	visoka	zabiš
zabiti	-iti	visoka	zabi
zabiti	-iti	visoka	zabimo
zabiti	-iti	visoka	zabite
zabiti	-iti	visoka	zabe
zabiti	-iti	visoka	zabilo
zabiti	-iti	visoka	zabile
zabraviti	-iti	visoka	zabravim
zabraviti	-iti	visoka	zabraviš
zabraviti	-iti	visoka	zabravi
zabraviti	-iti	visoka	zabravimo
zabraviti	-iti	visoka	zabrave
zabraviti	-iti	visoka	zabravila
zabraviti	-iti	visoka	zabravilo
zabraviti	-iti	visoka	zabravili
zabraviti	-iti	visoka	zabravile
zabrazditi	-iti	visoka	zabrazdim
zabrazditi	-iti	visoka	zabrazdiš
zabrazditi	-iti	visoka	zabrazdi
zabrazditi	-iti	visoka	zabrazdimo
zabrazditi	-iti	visoka	zabrazdite
zabrazditi	-iti	visoka	zabrazdilo
zabrazditi	-iti	visoka	zabrazdili
zabrazditi	-iti	visoka	zabrazdile
zacopati	-ati/-eti (obrazac NEPOZNAT: nema oblika prezenta u rečniku)	odluči ti	zacopalo
zacopati	-ati/-eti (obrazac NEPOZNAT: nema oblika prezenta u rečniku)	odluči ti	zacopali
zacopati	-ati/-eti (obrazac NEPOZNAT: nema oblika prezenta u rečniku)	odluči ti	zacopale
zacrveneti	-eti	proveri	zacrvenim
zacrveneti	-eti	proveri	zacrveniš
zacrveneti	-eti	proveri	zacrvenimo
zacrveneti	-eti	proveri	zacrvenite
zacrveneti	-eti	proveri	zacrvenela
zacrveneti	-eti	proveri	zacrvenelo
zacrveneti	-eti	proveri	zacrveneli
zacrveniti	-iti	visoka	zacrvenim
zacrveniti	-iti	visoka	zacrveniš
zacrveniti	-iti	visoka	zacrvenimo
zacrveniti	-iti	visoka	zacrvenite
zacrveniti	-iti	visoka	zacrvenila
zacrveniti	-iti	visoka	zacrvenilo
zacrveniti	-iti	visoka	zacrvenili
zacrveniti	-iti	visoka	zacrvenile
zacvileti	-eti	proveri	zacvilim
zacvileti	-eti	proveri	zacviliš
zacvileti	-eti	proveri	zacvilimo
zacvileti	-eti	proveri	zacvilite
zacvileti	-eti	proveri	zacvileo
zacvileti	-eti	proveri	zacvilela
zacvileti	-eti	proveri	zacvilelo
zacvileti	-eti	proveri	zacvileli
zacvileti	-eti	proveri	zacvilele
zadahnuti	-nuti	visoka	zadahnem
zadahnuti	-nuti	visoka	zadahnemo
zadahnuti	-nuti	visoka	zadahnete
zadahnuti	-nuti	visoka	zadahnula
zadahnuti	-nuti	visoka	zadahnulo
zadahnuti	-nuti	visoka	zadahnuli
zadahnuti	-nuti	visoka	zadahnule
zadahnuti	-nuti	visoka	zadahni
zadahnuti	-nuti	visoka	zadahnite
zadaniti	-iti	visoka	zadaniš
zadaniti	-iti	visoka	zadanimo
zadaniti	-iti	visoka	zadanite
zadaniti	-iti	visoka	zadanio
zadaniti	-iti	visoka	zadanila
zadaniti	-iti	visoka	zadanilo
zadaniti	-iti	visoka	zadanili
zadaniti	-iti	visoka	zadanile
zadenuti	-nuti	visoka	zadenem
zadenuti	-nuti	visoka	zadeneš
zadenuti	-nuti	visoka	zadenemo
zadenuti	-nuti	visoka	zadenete
zadenuti	-nuti	visoka	zadenula
zadenuti	-nuti	visoka	zadenulo
zadenuti	-nuti	visoka	zadenuli
zadenuti	-nuti	visoka	zadenule
zadenuti	-nuti	visoka	zadenite
zadevati	-ati/-eti (obrazac NEPOZNAT: nema oblika prezenta u rečniku)	odluči ti	zadevala
zadevati	-ati/-eti (obrazac NEPOZNAT: nema oblika prezenta u rečniku)	odluči ti	zadevali
zadevati	-ati/-eti (obrazac NEPOZNAT: nema oblika prezenta u rečniku)	odluči ti	zadevale
zadignuti	-nuti	visoka	zadigneš
zadignuti	-nuti	visoka	zadignemo
zadignuti	-nuti	visoka	zadignete
zadignuti	-nuti	visoka	zadignu
zadignuti	-nuti	visoka	zadignuo
zadignuti	-nuti	visoka	zadignula
zadignuti	-nuti	visoka	zadignulo
zadignuti	-nuti	visoka	zadignuli
zadignuti	-nuti	visoka	zadignule
zadignuti	-nuti	visoka	zadignite
zadihati	-ati/-eti (obrazac NEPOZNAT: nema oblika prezenta u rečniku)	odluči ti	zadihalo
zadihati	-ati/-eti (obrazac NEPOZNAT: nema oblika prezenta u rečniku)	odluči ti	zadihali
zadihati	-ati/-eti (obrazac NEPOZNAT: nema oblika prezenta u rečniku)	odluči ti	zadihale
zadimiti	-iti	visoka	zadimim
zadimiti	-iti	visoka	zadimiš
zadimiti	-iti	visoka	zadimimo
zadimiti	-iti	visoka	zadimite
zadimiti	-iti	visoka	zadimila
zadimiti	-iti	visoka	zadimilo
zadimiti	-iti	visoka	zadimili
zadimiti	-iti	visoka	zadimile
zadivljavati	-ati/-eti (obrazac NEPOZNAT: nema oblika prezenta u rečniku)	odluči ti	zadivljavala
zadivljavati	-ati/-eti (obrazac NEPOZNAT: nema oblika prezenta u rečniku)	odluči ti	zadivljavalo
zadivljavati	-ati/-eti (obrazac NEPOZNAT: nema oblika prezenta u rečniku)	odluči ti	zadivljavali
zadivljavati	-ati/-eti (obrazac NEPOZNAT: nema oblika prezenta u rečniku)	odluči ti	zadivljavale
zadubiti	-iti	visoka	zadubim
zadubiti	-iti	visoka	zadubiš
zadubiti	-iti	visoka	zadubimo
zadubiti	-iti	visoka	zadubite
zadubiti	-iti	visoka	zadube
zadubiti	-iti	visoka	zadubilo
zadubiti	-iti	visoka	zadubili
zadubiti	-iti	visoka	zadubile
zaduvati	-ati/-eti (obrazac NEPOZNAT: nema oblika prezenta u rečniku)	odluči ti	zaduvala
zaduvati	-ati/-eti (obrazac NEPOZNAT: nema oblika prezenta u rečniku)	odluči ti	zaduvalo
zaduvati	-ati/-eti (obrazac NEPOZNAT: nema oblika prezenta u rečniku)	odluči ti	zaduvale
zagasiti	-iti	visoka	zagasimo
zagasiti	-iti	visoka	zagase
zagasiti	-iti	visoka	zagasio
zagasiti	-iti	visoka	zagasila
zagasiti	-iti	visoka	zagasilo
zagasiti	-iti	visoka	zagasili
zagasiti	-iti	visoka	zagasile
zagorčiti	-iti	visoka	zagorčim
zagorčiti	-iti	visoka	zagorčiš
zagorčiti	-iti	visoka	zagorči
zagorčiti	-iti	visoka	zagorčimo
zagorčiti	-iti	visoka	zagorčite
zagorčiti	-iti	visoka	zagorče
zagorčiti	-iti	visoka	zagorčio
zagorčiti	-iti	visoka	zagorčila
zagorčiti	-iti	visoka	zagorčilo
zagorčiti	-iti	visoka	zagorčili
zagorčiti	-iti	visoka	zagorčile
zagovoriti	-iti	visoka	zagovorim
zagovoriti	-iti	visoka	zagovoriš
zagovoriti	-iti	visoka	zagovorimo
zagovoriti	-iti	visoka	zagovorite
zagovoriti	-iti	visoka	zagovore
zagovoriti	-iti	visoka	zagovorila
zagovoriti	-iti	visoka	zagovorilo
zagovoriti	-iti	visoka	zagovorili
zagovoriti	-iti	visoka	zagovorile
zagrabiti	-iti	visoka	zagrabim
zagrabiti	-iti	visoka	zagrabiš
zagrabiti	-iti	visoka	zagrabimo
zagrabiti	-iti	visoka	zagrabite
zagrabiti	-iti	visoka	zagrabilo
zagrabiti	-iti	visoka	zagrabili
zagrabiti	-iti	visoka	zagrabile
zagrcnuti	-nuti	visoka	zagrcnem
zagrcnuti	-nuti	visoka	zagrcneš
zagrcnuti	-nuti	visoka	zagrcnemo
zagrcnuti	-nuti	visoka	zagrcnete
zagrcnuti	-nuti	visoka	zagrcnulo
zagrcnuti	-nuti	visoka	zagrcnule
zagrcnuti	-nuti	visoka	zagrcni
zagrcnuti	-nuti	visoka	zagrcnite
zagrijati	-ati/-eti (obrazac -em, pročitan iz rečnika)	visoka	zagrijem
zagrijati	-ati/-eti (obrazac -em, pročitan iz rečnika)	visoka	zagrijemo
zagrijati	-ati/-eti (obrazac -em, pročitan iz rečnika)	visoka	zagrijete
zagrijati	-ati/-eti (obrazac -em, pročitan iz rečnika)	visoka	zagriji
zagrijati	-ati/-eti (obrazac -em, pročitan iz rečnika)	visoka	zagrijite
zagrijati	-ati/-eti (obrazac -em, pročitan iz rečnika)	visoka	zagrijala
zagrijati	-ati/-eti (obrazac -em, pročitan iz rečnika)	visoka	zagrijalo
zagrijati	-ati/-eti (obrazac -em, pročitan iz rečnika)	visoka	zagrijali
zagrijati	-ati/-eti (obrazac -em, pročitan iz rečnika)	visoka	zagrijale
zagustiti	-iti	visoka	zagustim
zagustiti	-iti	visoka	zagustiš
zagustiti	-iti	visoka	zagustimo
zagustiti	-iti	visoka	zagustite
zagustiti	-iti	visoka	zaguste
zagustiti	-iti	visoka	zagustila
zagustiti	-iti	visoka	zagustili
zagustiti	-iti	visoka	zagustile
zagušiti	-iti	visoka	zagušim
zagušiti	-iti	visoka	zagušiš
zagušiti	-iti	visoka	zagušimo
zagušiti	-iti	visoka	zagušite
zagušiti	-iti	visoka	zaguše
zagušiti	-iti	visoka	zagušilo
zagušiti	-iti	visoka	zagušile
zaintačiti	-iti	visoka	zaintačim
zaintačiti	-iti	visoka	zaintačiš
zaintačiti	-iti	visoka	zaintačimo
zaintačiti	-iti	visoka	zaintačite
zaintačiti	-iti	visoka	zaintače
zaintačiti	-iti	visoka	zaintačilo
zaintačiti	-iti	visoka	zaintačili
zaintačiti	-iti	visoka	zaintačile
zaiskati	-ati/-eti (obrazac NEPOZNAT: nema oblika prezenta u rečniku)	odluči ti	zaiskalo
zaiskati	-ati/-eti (obrazac NEPOZNAT: nema oblika prezenta u rečniku)	odluči ti	zaiskali
zaiskati	-ati/-eti (obrazac NEPOZNAT: nema oblika prezenta u rečniku)	odluči ti	zaiskale
zajašiti	-iti	visoka	zajašim
zajašiti	-iti	visoka	zajašiš
zajašiti	-iti	visoka	zajašimo
zajašiti	-iti	visoka	zajašio
zajašiti	-iti	visoka	zajašila
zajašiti	-iti	visoka	zajašilo
zajašiti	-iti	visoka	zajašili
zajašiti	-iti	visoka	zajašile
zajecati	-ati/-eti (obrazac NEPOZNAT: nema oblika prezenta u rečniku)	odluči ti	zajecalo
zajecati	-ati/-eti (obrazac NEPOZNAT: nema oblika prezenta u rečniku)	odluči ti	zajecali
zajecati	-ati/-eti (obrazac NEPOZNAT: nema oblika prezenta u rečniku)	odluči ti	zajecale
zajedati	-ati/-eti (obrazac NEPOZNAT: nema oblika prezenta u rečniku)	odluči ti	zajedala
zajedati	-ati/-eti (obrazac NEPOZNAT: nema oblika prezenta u rečniku)	odluči ti	zajedalo
zajedati	-ati/-eti (obrazac NEPOZNAT: nema oblika prezenta u rečniku)	odluči ti	zajedali
zajedati	-ati/-eti (obrazac NEPOZNAT: nema oblika prezenta u rečniku)	odluči ti	zajedale
zajemčiti	-iti	visoka	zajemčim
zajemčiti	-iti	visoka	zajemčiš
zajemčiti	-iti	visoka	zajemčimo
zajemčiti	-iti	visoka	zajemčite
zajemčiti	-iti	visoka	zajemče
zajemčiti	-iti	visoka	zajemčila
zajemčiti	-iti	visoka	zajemčilo
zajemčiti	-iti	visoka	zajemčili
zajemčiti	-iti	visoka	zajemčile
zakašljati	-ati/-eti (obrazac NEPOZNAT: nema oblika prezenta u rečniku)	odluči ti	zakašljala
zakašljati	-ati/-eti (obrazac NEPOZNAT: nema oblika prezenta u rečniku)	odluči ti	zakašljalo
zakašljati	-ati/-eti (obrazac NEPOZNAT: nema oblika prezenta u rečniku)	odluči ti	zakašljali
zakašljati	-ati/-eti (obrazac NEPOZNAT: nema oblika prezenta u rečniku)	odluči ti	zakašljale
zakerati	-ati/-eti (obrazac -am, pročitan iz rečnika)	visoka	zakera
zakerati	-ati/-eti (obrazac -am, pročitan iz rečnika)	visoka	zakeramo
zakerati	-ati/-eti (obrazac -am, pročitan iz rečnika)	visoka	zakerate
zakerati	-ati/-eti (obrazac -am, pročitan iz rečnika)	visoka	zakeraj
zakerati	-ati/-eti (obrazac -am, pročitan iz rečnika)	visoka	zakerajte
zakerati	-ati/-eti (obrazac -am, pročitan iz rečnika)	visoka	zakerao
zakerati	-ati/-eti (obrazac -am, pročitan iz rečnika)	visoka	zakerali
zakerati	-ati/-eti (obrazac -am, pročitan iz rečnika)	visoka	zakerale
zakinuti	-nuti	visoka	zakinem
zakinuti	-nuti	visoka	zakinemo
zakinuti	-nuti	visoka	zakinete
zakinuti	-nuti	visoka	zakinu
zakinuti	-nuti	visoka	zakinulo
zakinuti	-nuti	visoka	zakinule
zakinuti	-nuti	visoka	zakini
zakinuti	-nuti	visoka	zakinite
zaklapati	-ati/-eti (obrazac -am, pročitan iz rečnika)	visoka	zaklapaš
zaklapati	-ati/-eti (obrazac -am, pročitan iz rečnika)	visoka	zaklapamo
zaklapati	-ati/-eti (obrazac -am, pročitan iz rečnika)	visoka	zaklapate
zaklapati	-ati/-eti (obrazac -am, pročitan iz rečnika)	visoka	zaklapaj
zaklapati	-ati/-eti (obrazac -am, pročitan iz rečnika)	visoka	zaklapajte
zaklapati	-ati/-eti (obrazac -am, pročitan iz rečnika)	visoka	zaklapao
zaklapati	-ati/-eti (obrazac -am, pročitan iz rečnika)	visoka	zaklapala
zaklapati	-ati/-eti (obrazac -am, pročitan iz rečnika)	visoka	zaklapalo
zaklapati	-ati/-eti (obrazac -am, pročitan iz rečnika)	visoka	zaklapali
zaklapati	-ati/-eti (obrazac -am, pročitan iz rečnika)	visoka	zaklapale
zaključivati	-ati/-eti (obrazac NEPOZNAT: nema oblika prezenta u rečniku)	odluči ti	zaključivala
zaključivati	-ati/-eti (obrazac NEPOZNAT: nema oblika prezenta u rečniku)	odluči ti	zaključivalo
zaključivati	-ati/-eti (obrazac NEPOZNAT: nema oblika prezenta u rečniku)	odluči ti	zaključivale
zakopčavati	-ati/-eti (obrazac -am, pročitan iz rečnika)	visoka	zakopčavaš
zakopčavati	-ati/-eti (obrazac -am, pročitan iz rečnika)	visoka	zakopčavamo
zakopčavati	-ati/-eti (obrazac -am, pročitan iz rečnika)	visoka	zakopčavate
zakopčavati	-ati/-eti (obrazac -am, pročitan iz rečnika)	visoka	zakopčavaj
zakopčavati	-ati/-eti (obrazac -am, pročitan iz rečnika)	visoka	zakopčavajte
zakopčavati	-ati/-eti (obrazac -am, pročitan iz rečnika)	visoka	zakopčavao
zakopčavati	-ati/-eti (obrazac -am, pročitan iz rečnika)	visoka	zakopčavala
zakopčavati	-ati/-eti (obrazac -am, pročitan iz rečnika)	visoka	zakopčavalo
zakopčavati	-ati/-eti (obrazac -am, pročitan iz rečnika)	visoka	zakopčavale
zakovati	-ovati	visoka	zakujem
zakovati	-ovati	visoka	zakuješ
zakovati	-ovati	visoka	zakuje
zakovati	-ovati	visoka	zakujemo
zakovati	-ovati	visoka	zakujete
zakovati	-ovati	visoka	zakuju
zakovati	-ovati	visoka	zakovalo
zakovati	-ovati	visoka	zakovale
zakovati	-ovati	visoka	zakuj
zakovati	-ovati	visoka	zakujte
zakovitlati	-ati/-eti (obrazac NEPOZNAT: nema oblika prezenta u rečniku)	odluči ti	zakovitlala
zakovitlati	-ati/-eti (obrazac NEPOZNAT: nema oblika prezenta u rečniku)	odluči ti	zakovitlalo
zakovitlati	-ati/-eti (obrazac NEPOZNAT: nema oblika prezenta u rečniku)	odluči ti	zakovitlali
zakovitlati	-ati/-eti (obrazac NEPOZNAT: nema oblika prezenta u rečniku)	odluči ti	zakovitlale
zakucavati	-ati/-eti (obrazac -am, pročitan iz rečnika)	visoka	zakucavamo
zakucavati	-ati/-eti (obrazac -am, pročitan iz rečnika)	visoka	zakucavate
zakucavati	-ati/-eti (obrazac -am, pročitan iz rečnika)	visoka	zakucavaju
zakucavati	-ati/-eti (obrazac -am, pročitan iz rečnika)	visoka	zakucavaj
zakucavati	-ati/-eti (obrazac -am, pročitan iz rečnika)	visoka	zakucavajte
zakucavati	-ati/-eti (obrazac -am, pročitan iz rečnika)	visoka	zakucavala
zakucavati	-ati/-eti (obrazac -am, pročitan iz rečnika)	visoka	zakucavalo
zakucavati	-ati/-eti (obrazac -am, pročitan iz rečnika)	visoka	zakucavale
zakuniti	-iti	visoka	zakunim
zakuniti	-iti	visoka	zakuniš
zakuniti	-iti	visoka	zakunio
zakuniti	-iti	visoka	zakunila
zakuniti	-iti	visoka	zakunilo
zakuniti	-iti	visoka	zakunili
zakuniti	-iti	visoka	zakunile
zakunjati	-ati/-eti (obrazac -am, pročitan iz rečnika)	visoka	zakunjaš
zakunjati	-ati/-eti (obrazac -am, pročitan iz rečnika)	visoka	zakunja
zakunjati	-ati/-eti (obrazac -am, pročitan iz rečnika)	visoka	zakunjamo
zakunjati	-ati/-eti (obrazac -am, pročitan iz rečnika)	visoka	zakunjate
zakunjati	-ati/-eti (obrazac -am, pročitan iz rečnika)	visoka	zakunjaju
zakunjati	-ati/-eti (obrazac -am, pročitan iz rečnika)	visoka	zakunjaj
zakunjati	-ati/-eti (obrazac -am, pročitan iz rečnika)	visoka	zakunjajte
zakunjati	-ati/-eti (obrazac -am, pročitan iz rečnika)	visoka	zakunjao
zakunjati	-ati/-eti (obrazac -am, pročitan iz rečnika)	visoka	zakunjala
zakunjati	-ati/-eti (obrazac -am, pročitan iz rečnika)	visoka	zakunjalo
zakunjati	-ati/-eti (obrazac -am, pročitan iz rečnika)	visoka	zakunjali
zakunjati	-ati/-eti (obrazac -am, pročitan iz rečnika)	visoka	zakunjale
zaleti	-eti	proveri	zališ
zaleti	-eti	proveri	zali
zaleti	-eti	proveri	zalimo
zaleti	-eti	proveri	zalite
zaleti	-eti	proveri	zale
zaleti	-eti	proveri	zaleo
zaleti	-eti	proveri	zalela
zaleti	-eti	proveri	zalelo
zaleti	-eti	proveri	zaleli
zaleti	-eti	proveri	zalele
zalomiti	-iti	visoka	zalomim
zalomiti	-iti	visoka	zalomiš
zalomiti	-iti	visoka	zalomimo
zalomiti	-iti	visoka	zalomite
zalomiti	-iti	visoka	zalome
zalomiti	-iti	visoka	zalomilo
zalomiti	-iti	visoka	zalomili
zalomiti	-iti	visoka	zalomile
zaluditi	-iti	visoka	zaludim
zaluditi	-iti	visoka	zaludiš
zaluditi	-iti	visoka	zaludimo
zaluditi	-iti	visoka	zaludite
zaluditi	-iti	visoka	zaludila
zaluditi	-iti	visoka	zaludilo
zaluditi	-iti	visoka	zaludili
zaluditi	-iti	visoka	zaludile
zamakati	-ati/-eti (obrazac -pal, pročitan iz rečnika)	visoka	zamačeš
zamakati	-ati/-eti (obrazac -pal, pročitan iz rečnika)	visoka	zamačemo
zamakati	-ati/-eti (obrazac -pal, pročitan iz rečnika)	visoka	zamačete
zamakati	-ati/-eti (obrazac -pal, pročitan iz rečnika)	visoka	zamači
zamakati	-ati/-eti (obrazac -pal, pročitan iz rečnika)	visoka	zamačite
zamakati	-ati/-eti (obrazac -pal, pročitan iz rečnika)	visoka	zamakala
zamakati	-ati/-eti (obrazac -pal, pročitan iz rečnika)	visoka	zamakalo
zamakati	-ati/-eti (obrazac -pal, pročitan iz rečnika)	visoka	zamakali
zamakati	-ati/-eti (obrazac -pal, pročitan iz rečnika)	visoka	zamakale
zamandaliti	-iti	visoka	zamandalim
zamandaliti	-iti	visoka	zamandališ
zamandaliti	-iti	visoka	zamandali
zamandaliti	-iti	visoka	zamandalimo
zamandaliti	-iti	visoka	zamandalite
zamandaliti	-iti	visoka	zamandale
zamandaliti	-iti	visoka	zamandalila
zamandaliti	-iti	visoka	zamandalilo
zamandaliti	-iti	visoka	zamandalili
zamandaliti	-iti	visoka	zamandalile
zamaskirati	-irati	visoka	zamaskiram
zamaskirati	-irati	visoka	zamaskiraš
zamaskirati	-irati	visoka	zamaskiramo
zamaskirati	-irati	visoka	zamaskirate
zamaskirati	-irati	visoka	zamaskiraju
zamaskirati	-irati	visoka	zamaskirala
zamaskirati	-irati	visoka	zamaskiralo
zamaskirati	-irati	visoka	zamaskirali
zamaskirati	-irati	visoka	zamaskirale
zamaskirati	-irati	visoka	zamaskiraj
zamaskirati	-irati	visoka	zamaskirajte
zamešati	-ati/-eti (obrazac NEPOZNAT: nema oblika prezenta u rečniku)	odluči ti	zamešala
zamešati	-ati/-eti (obrazac NEPOZNAT: nema oblika prezenta u rečniku)	odluči ti	zamešalo
zamešati	-ati/-eti (obrazac NEPOZNAT: nema oblika prezenta u rečniku)	odluči ti	zamešali
zamešati	-ati/-eti (obrazac NEPOZNAT: nema oblika prezenta u rečniku)	odluči ti	zamešale
zamicati	-ati/-eti (obrazac NEPOZNAT: nema oblika prezenta u rečniku)	odluči ti	zamicala
zamicati	-ati/-eti (obrazac NEPOZNAT: nema oblika prezenta u rečniku)	odluči ti	zamicalo
zamicati	-ati/-eti (obrazac NEPOZNAT: nema oblika prezenta u rečniku)	odluči ti	zamicale
zamijetiti	-iti	visoka	zamijetim
zamijetiti	-iti	visoka	zamijetiš
zamijetiti	-iti	visoka	zamijeti
zamijetiti	-iti	visoka	zamijetimo
zamijetiti	-iti	visoka	zamijetite
zamijetiti	-iti	visoka	zamijete
zamijetiti	-iti	visoka	zamijetila
zamijetiti	-iti	visoka	zamijetilo
zamijetiti	-iti	visoka	zamijetili
zamijetiti	-iti	visoka	zamijetile
zamilovati	-ovati	visoka	zamilujem
zamilovati	-ovati	visoka	zamiluješ
zamilovati	-ovati	visoka	zamilujemo
zamilovati	-ovati	visoka	zamilujete
zamilovati	-ovati	visoka	zamilovala
zamilovati	-ovati	visoka	zamilovalo
zamilovati	-ovati	visoka	zamilovali
zamilovati	-ovati	visoka	zamilovale
zamilovati	-ovati	visoka	zamiluj
zamilovati	-ovati	visoka	zamilujte
zamiriti	-iti	visoka	zamirim
zamiriti	-iti	visoka	zamiriš
zamiriti	-iti	visoka	zamirimo
zamiriti	-iti	visoka	zamirite
zamiriti	-iti	visoka	zamirio
zamiriti	-iti	visoka	zamirila
zamiriti	-iti	visoka	zamirilo
zamiriti	-iti	visoka	zamirili
zamiriti	-iti	visoka	zamirile
zamočiti	-iti	visoka	zamočiš
zamočiti	-iti	visoka	zamočimo
zamočiti	-iti	visoka	zamoče
zamočiti	-iti	visoka	zamočila
zamočiti	-iti	visoka	zamočilo
zamočiti	-iti	visoka	zamočili
zamočiti	-iti	visoka	zamočile
zamrzavati	-ati/-eti (obrazac NEPOZNAT: nema oblika prezenta u rečniku)	odluči ti	zamrzavala
zamrzavati	-ati/-eti (obrazac NEPOZNAT: nema oblika prezenta u rečniku)	odluči ti	zamrzavalo
zamrzavati	-ati/-eti (obrazac NEPOZNAT: nema oblika prezenta u rečniku)	odluči ti	zamrzavale
zamuckivati	-ati/-eti (obrazac NEPOZNAT: nema oblika prezenta u rečniku)	odluči ti	zamuckivala
zamuckivati	-ati/-eti (obrazac NEPOZNAT: nema oblika prezenta u rečniku)	odluči ti	zamuckivali
zamuckivati	-ati/-eti (obrazac NEPOZNAT: nema oblika prezenta u rečniku)	odluči ti	zamuckivale
zanati	-ati/-eti (obrazac NEPOZNAT: nema oblika prezenta u rečniku)	odluči ti	zanao
zanati	-ati/-eti (obrazac NEPOZNAT: nema oblika prezenta u rečniku)	odluči ti	zanala
zanati	-ati/-eti (obrazac NEPOZNAT: nema oblika prezenta u rečniku)	odluči ti	zanalo
zanati	-ati/-eti (obrazac NEPOZNAT: nema oblika prezenta u rečniku)	odluči ti	zanali
zanati	-ati/-eti (obrazac NEPOZNAT: nema oblika prezenta u rečniku)	odluči ti	zanale
zaneti	-eti	proveri	zanim
zaneti	-eti	proveri	zaniš
zaneti	-eti	proveri	zani
zaneti	-eti	proveri	zanimo
zaneti	-eti	proveri	zanite
zaneti	-eti	proveri	zane
zaneti	-eti	proveri	zanele
zaokrugliti	-iti	visoka	zaokruglim
zaokrugliti	-iti	visoka	zaokrugliš
zaokrugliti	-iti	visoka	zaokrugli
zaokrugliti	-iti	visoka	zaokruglimo
zaokrugliti	-iti	visoka	zaokruglite
zaokrugliti	-iti	visoka	zaokruglila
zaokrugliti	-iti	visoka	zaokruglilo
zaokrugliti	-iti	visoka	zaokruglili
zaoriti	-iti	visoka	zaorim
zaoriti	-iti	visoka	zaoriš
zaoriti	-iti	visoka	zaorimo
zaoriti	-iti	visoka	zaorite
zaoriti	-iti	visoka	zaore
zaoriti	-iti	visoka	zaorio
zaoriti	-iti	visoka	zaorila
zaoriti	-iti	visoka	zaorilo
zaoriti	-iti	visoka	zaorili
zaoštravati	-ati/-eti (obrazac -am, pročitan iz rečnika)	visoka	zaoštravaš
zaoštravati	-ati/-eti (obrazac -am, pročitan iz rečnika)	visoka	zaoštravamo
zaoštravati	-ati/-eti (obrazac -am, pročitan iz rečnika)	visoka	zaoštravate
zaoštravati	-ati/-eti (obrazac -am, pročitan iz rečnika)	visoka	zaoštravaju
zaoštravati	-ati/-eti (obrazac -am, pročitan iz rečnika)	visoka	zaoštravajte
zaoštravati	-ati/-eti (obrazac -am, pročitan iz rečnika)	visoka	zaoštravala
zaoštravati	-ati/-eti (obrazac -am, pročitan iz rečnika)	visoka	zaoštravalo
zaoštravati	-ati/-eti (obrazac -am, pročitan iz rečnika)	visoka	zaoštravali
zaoštravati	-ati/-eti (obrazac -am, pročitan iz rečnika)	visoka	zaoštravale
zapahnuti	-nuti	visoka	zapahnem
zapahnuti	-nuti	visoka	zapahneš
zapahnuti	-nuti	visoka	zapahnemo
zapahnuti	-nuti	visoka	zapahnete
zapahnuti	-nuti	visoka	zapahnulo
zapahnuti	-nuti	visoka	zapahnuli
zapahnuti	-nuti	visoka	zapahnule
zapahnuti	-nuti	visoka	zapahni
zapahnuti	-nuti	visoka	zapahnite
zapapriti	-iti	visoka	zapapriš
zapapriti	-iti	visoka	zapapri
zapapriti	-iti	visoka	zapaprimo
zapapriti	-iti	visoka	zapaprite
zapapriti	-iti	visoka	zapapre
zapapriti	-iti	visoka	zapaprio
zapapriti	-iti	visoka	zapaprila
zapapriti	-iti	visoka	zapaprilo
zapapriti	-iti	visoka	zapaprili
zapapriti	-iti	visoka	zapaprile
zaparati	-ati/-eti (obrazac NEPOZNAT: nema oblika prezenta u rečniku)	odluči ti	zaparalo
zaparati	-ati/-eti (obrazac NEPOZNAT: nema oblika prezenta u rečniku)	odluči ti	zaparali
zaparati	-ati/-eti (obrazac NEPOZNAT: nema oblika prezenta u rečniku)	odluči ti	zaparale
zapeniti	-iti	visoka	zapenim
zapeniti	-iti	visoka	zapeniš
zapeniti	-iti	visoka	zapenimo
zapeniti	-iti	visoka	zapenite
zapeniti	-iti	visoka	zapenilo
zapeniti	-iti	visoka	zapenili
zapeniti	-iti	visoka	zapenile
zapiti	-iti	visoka	zapim
zapiti	-iti	visoka	zapiš
zapiti	-iti	visoka	zapi
zapiti	-iti	visoka	zapimo
zapiti	-iti	visoka	zapite
zapiti	-iti	visoka	zape
zapiti	-iti	visoka	zapila
zapiti	-iti	visoka	zapilo
zapiti	-iti	visoka	zapili
zapiti	-iti	visoka	zapile
zapištati	-ati/-eti (obrazac NEPOZNAT: nema oblika prezenta u rečniku)	odluči ti	zapištala
zapištati	-ati/-eti (obrazac NEPOZNAT: nema oblika prezenta u rečniku)	odluči ti	zapištali
zapištati	-ati/-eti (obrazac NEPOZNAT: nema oblika prezenta u rečniku)	odluči ti	zapištale
zaplivati	-ati/-eti (obrazac -am, pročitan iz rečnika)	visoka	zaplivaš
zaplivati	-ati/-eti (obrazac -am, pročitan iz rečnika)	visoka	zaplivamo
zaplivati	-ati/-eti (obrazac -am, pročitan iz rečnika)	visoka	zaplivate
zaplivati	-ati/-eti (obrazac -am, pročitan iz rečnika)	visoka	zaplivaju
zaplivati	-ati/-eti (obrazac -am, pročitan iz rečnika)	visoka	zaplivaj
zaplivati	-ati/-eti (obrazac -am, pročitan iz rečnika)	visoka	zaplivajte
zaplivati	-ati/-eti (obrazac -am, pročitan iz rečnika)	visoka	zaplivalo
zaplivati	-ati/-eti (obrazac -am, pročitan iz rečnika)	visoka	zaplivale
zapljuskivati	-ati/-eti (obrazac NEPOZNAT: nema oblika prezenta u rečniku)	odluči ti	zapljuskivala
zapljuskivati	-ati/-eti (obrazac NEPOZNAT: nema oblika prezenta u rečniku)	odluči ti	zapljuskivalo
zapljuskivati	-ati/-eti (obrazac NEPOZNAT: nema oblika prezenta u rečniku)	odluči ti	zapljuskivali
zapljuskivati	-ati/-eti (obrazac NEPOZNAT: nema oblika prezenta u rečniku)	odluči ti	zapljuskivale
zapodevati	-ati/-eti (obrazac -am, pročitan iz rečnika)	visoka	zapodevaš
zapodevati	-ati/-eti (obrazac -am, pročitan iz rečnika)	visoka	zapodeva
zapodevati	-ati/-eti (obrazac -am, pročitan iz rečnika)	visoka	zapodevamo
zapodevati	-ati/-eti (obrazac -am, pročitan iz rečnika)	visoka	zapodevate
zapodevati	-ati/-eti (obrazac -am, pročitan iz rečnika)	visoka	zapodevaj
zapodevati	-ati/-eti (obrazac -am, pročitan iz rečnika)	visoka	zapodevajte
zapodevati	-ati/-eti (obrazac -am, pročitan iz rečnika)	visoka	zapodevala
zapodevati	-ati/-eti (obrazac -am, pročitan iz rečnika)	visoka	zapodevalo
zapodevati	-ati/-eti (obrazac -am, pročitan iz rečnika)	visoka	zapodevali
zapodevati	-ati/-eti (obrazac -am, pročitan iz rečnika)	visoka	zapodevale
zapojiti	-iti	visoka	zapojim
zapojiti	-iti	visoka	zapojiš
zapojiti	-iti	visoka	zapoji
zapojiti	-iti	visoka	zapojimo
zapojiti	-iti	visoka	zapojite
zapojiti	-iti	visoka	zapojio
zapojiti	-iti	visoka	zapojila
zapojiti	-iti	visoka	zapojilo
zapojiti	-iti	visoka	zapojili
zapojiti	-iti	visoka	zapojile
zapostavljati	-ati/-eti (obrazac -am, pročitan iz rečnika)	visoka	zapostavljamo
zapostavljati	-ati/-eti (obrazac -am, pročitan iz rečnika)	visoka	zapostavljate
zapostavljati	-ati/-eti (obrazac -am, pročitan iz rečnika)	visoka	zapostavljaj
zapostavljati	-ati/-eti (obrazac -am, pročitan iz rečnika)	visoka	zapostavljajte
zapostavljati	-ati/-eti (obrazac -am, pročitan iz rečnika)	visoka	zapostavljala
zapostavljati	-ati/-eti (obrazac -am, pročitan iz rečnika)	visoka	zapostavljalo
zapostavljati	-ati/-eti (obrazac -am, pročitan iz rečnika)	visoka	zapostavljali
zapostavljati	-ati/-eti (obrazac -am, pročitan iz rečnika)	visoka	zapostavljale
zapovijedati	-ati/-eti (obrazac NEPOZNAT: nema oblika prezenta u rečniku)	odluči ti	zapovijedala
zapovijedati	-ati/-eti (obrazac NEPOZNAT: nema oblika prezenta u rečniku)	odluči ti	zapovijedalo
zapovijedati	-ati/-eti (obrazac NEPOZNAT: nema oblika prezenta u rečniku)	odluči ti	zapovijedali
zapovijedati	-ati/-eti (obrazac NEPOZNAT: nema oblika prezenta u rečniku)	odluči ti	zapovijedale
zapovjediti	-iti	visoka	zapovjedim
zapovjediti	-iti	visoka	zapovjediš
zapovjediti	-iti	visoka	zapovjedimo
zapovjediti	-iti	visoka	zapovjedite
zapovjediti	-iti	visoka	zapovjede
zapovjediti	-iti	visoka	zapovjedila
zapovjediti	-iti	visoka	zapovjedilo
zapovjediti	-iti	visoka	zapovjedili
zapovjediti	-iti	visoka	zapovjedile
zaprašiti	-iti	visoka	zaprašimo
zaprašiti	-iti	visoka	zaprašite
zaprašiti	-iti	visoka	zapraše
zaprašiti	-iti	visoka	zaprašio
zaprašiti	-iti	visoka	zaprašila
zaprašiti	-iti	visoka	zaprašilo
zaprašiti	-iti	visoka	zaprašile
zapričati	-ati/-eti (obrazac NEPOZNAT: nema oblika prezenta u rečniku)	odluči ti	zapričala
zapričati	-ati/-eti (obrazac NEPOZNAT: nema oblika prezenta u rečniku)	odluči ti	zapričalo
zapričati	-ati/-eti (obrazac NEPOZNAT: nema oblika prezenta u rečniku)	odluči ti	zapričale
zapržiti	-iti	visoka	zapržim
zapržiti	-iti	visoka	zapržiš
zapržiti	-iti	visoka	zaprži
zapržiti	-iti	visoka	zapržimo
zapržiti	-iti	visoka	zaprže
zapržiti	-iti	visoka	zapržila
zapržiti	-iti	visoka	zapržilo
zapržiti	-iti	visoka	zapržili
zapržiti	-iti	visoka	zapržile
zarati	-ati/-eti (obrazac NEPOZNAT: nema oblika prezenta u rečniku)	odluči ti	zarao
zarati	-ati/-eti (obrazac NEPOZNAT: nema oblika prezenta u rečniku)	odluči ti	zarala
zarati	-ati/-eti (obrazac NEPOZNAT: nema oblika prezenta u rečniku)	odluči ti	zaralo
zarati	-ati/-eti (obrazac NEPOZNAT: nema oblika prezenta u rečniku)	odluči ti	zarali
zarati	-ati/-eti (obrazac NEPOZNAT: nema oblika prezenta u rečniku)	odluči ti	zarale
zarezati	-ati/-eti (obrazac NEPOZNAT: nema oblika prezenta u rečniku)	odluči ti	zarezala
zarezati	-ati/-eti (obrazac NEPOZNAT: nema oblika prezenta u rečniku)	odluči ti	zarezalo
zarezati	-ati/-eti (obrazac NEPOZNAT: nema oblika prezenta u rečniku)	odluči ti	zarezali
zarezati	-ati/-eti (obrazac NEPOZNAT: nema oblika prezenta u rečniku)	odluči ti	zarezale
zarezivati	-ati/-eti (obrazac NEPOZNAT: nema oblika prezenta u rečniku)	odluči ti	zarezivalo
zarezivati	-ati/-eti (obrazac NEPOZNAT: nema oblika prezenta u rečniku)	odluči ti	zarezivali
zarezivati	-ati/-eti (obrazac NEPOZNAT: nema oblika prezenta u rečniku)	odluči ti	zarezivale
zaridati	-ati/-eti (obrazac -am, pročitan iz rečnika)	visoka	zaridaš
zaridati	-ati/-eti (obrazac -am, pročitan iz rečnika)	visoka	zaridamo
zaridati	-ati/-eti (obrazac -am, pročitan iz rečnika)	visoka	zaridate
zaridati	-ati/-eti (obrazac -am, pročitan iz rečnika)	visoka	zaridaju
zaridati	-ati/-eti (obrazac -am, pročitan iz rečnika)	visoka	zaridaj
zaridati	-ati/-eti (obrazac -am, pročitan iz rečnika)	visoka	zaridao
zaridati	-ati/-eti (obrazac -am, pročitan iz rečnika)	visoka	zaridalo
zaridati	-ati/-eti (obrazac -am, pročitan iz rečnika)	visoka	zaridale
zarumeneti	-eti	proveri	zarumenim
zarumeneti	-eti	proveri	zarumeniš
zarumeneti	-eti	proveri	zarumenimo
zarumeneti	-eti	proveri	zarumenite
zarumeneti	-eti	proveri	zarumeneo
zarumeneti	-eti	proveri	zarumenelo
zarumeneti	-eti	proveri	zarumeneli
zasedeti	-eti	proveri	zasedim
zasedeti	-eti	proveri	zasediš
zasedeti	-eti	proveri	zasedimo
zasedeti	-eti	proveri	zasedite
zasedeti	-eti	proveri	zasedeo
zasedeti	-eti	proveri	zasedela
zasedeti	-eti	proveri	zasedelo
zasedeti	-eti	proveri	zasedeli
zasedeti	-eti	proveri	zasedele
zasejati	-ati/-eti (obrazac NEPOZNAT: nema oblika prezenta u rečniku)	odluči ti	zasejala
zasejati	-ati/-eti (obrazac NEPOZNAT: nema oblika prezenta u rečniku)	odluči ti	zasejalo
zasejati	-ati/-eti (obrazac NEPOZNAT: nema oblika prezenta u rečniku)	odluči ti	zasejale
zasiti	-iti	visoka	zasim
zasiti	-iti	visoka	zasiš
zasiti	-iti	visoka	zasi
zasiti	-iti	visoka	zasimo
zasiti	-iti	visoka	zase
zasiti	-iti	visoka	zasio
zasiti	-iti	visoka	zasila
zasiti	-iti	visoka	zasilo
zasiti	-iti	visoka	zasili
zasiti	-iti	visoka	zasile
zasluživati	-ati/-eti (obrazac NEPOZNAT: nema oblika prezenta u rečniku)	odluči ti	zasluživalo
zasluživati	-ati/-eti (obrazac NEPOZNAT: nema oblika prezenta u rečniku)	odluči ti	zasluživali
zasluživati	-ati/-eti (obrazac NEPOZNAT: nema oblika prezenta u rečniku)	odluči ti	zasluživale
zastenjati	-ati/-eti (obrazac -em, pročitan iz rečnika)	visoka	zastenješ
zastenjati	-ati/-eti (obrazac -em, pročitan iz rečnika)	visoka	zastenjete
zastenjati	-ati/-eti (obrazac -em, pročitan iz rečnika)	visoka	zastenju
zastenjati	-ati/-eti (obrazac -em, pročitan iz rečnika)	visoka	zastenjite
zastenjati	-ati/-eti (obrazac -em, pročitan iz rečnika)	visoka	zastenjala
zastenjati	-ati/-eti (obrazac -em, pročitan iz rečnika)	visoka	zastenjalo
zastenjati	-ati/-eti (obrazac -em, pročitan iz rečnika)	visoka	zastenjali
zastenjati	-ati/-eti (obrazac -em, pročitan iz rečnika)	visoka	zastenjale
zastirati	-irati	visoka	zastiram
zastirati	-irati	visoka	zastiraš
zastirati	-irati	visoka	zastira
zastirati	-irati	visoka	zastiramo
zastirati	-irati	visoka	zastirate
zastirati	-irati	visoka	zastiraju
zastirati	-irati	visoka	zastirala
zastirati	-irati	visoka	zastiralo
zastirati	-irati	visoka	zastirali
zastirati	-irati	visoka	zastirale
zastirati	-irati	visoka	zastiraj
zastirati	-irati	visoka	zastirajte
zastrašivati	-ati/-eti (obrazac NEPOZNAT: nema oblika prezenta u rečniku)	odluči ti	zastrašivala
zastrašivati	-ati/-eti (obrazac NEPOZNAT: nema oblika prezenta u rečniku)	odluči ti	zastrašivalo
zastrašivati	-ati/-eti (obrazac NEPOZNAT: nema oblika prezenta u rečniku)	odluči ti	zastrašivale
zastrepiti	-iti	visoka	zastrepiš
zastrepiti	-iti	visoka	zastrepimo
zastrepiti	-iti	visoka	zastrepite
zastrepiti	-iti	visoka	zastrepila
zastrepiti	-iti	visoka	zastrepilo
zastrepiti	-iti	visoka	zastrepili
zastrepiti	-iti	visoka	zastrepile
zasvetleti	-eti	proveri	zasvetlim
zasvetleti	-eti	proveri	zasvetliš
zasvetleti	-eti	proveri	zasvetlimo
zasvetleti	-eti	proveri	zasvetlite
zasvetleti	-eti	proveri	zasvetlelo
zasvetleti	-eti	proveri	zasvetleli
zasvetleti	-eti	proveri	zasvetlele
zasvetliti	-iti	visoka	zasvetlim
zasvetliti	-iti	visoka	zasvetliš
zasvetliti	-iti	visoka	zasvetlimo
zasvetliti	-iti	visoka	zasvetlite
zasvetliti	-iti	visoka	zasvetlio
zasvetliti	-iti	visoka	zasvetlila
zasvetliti	-iti	visoka	zasvetlilo
zatalasati	-ati/-eti (obrazac NEPOZNAT: nema oblika prezenta u rečniku)	odluči ti	zatalasala
zatalasati	-ati/-eti (obrazac NEPOZNAT: nema oblika prezenta u rečniku)	odluči ti	zatalasalo
zatalasati	-ati/-eti (obrazac NEPOZNAT: nema oblika prezenta u rečniku)	odluči ti	zatalasali
zateturati	-ati/-eti (obrazac NEPOZNAT: nema oblika prezenta u rečniku)	odluči ti	zateturala
zateturati	-ati/-eti (obrazac NEPOZNAT: nema oblika prezenta u rečniku)	odluči ti	zateturalo
zateturati	-ati/-eti (obrazac NEPOZNAT: nema oblika prezenta u rečniku)	odluči ti	zateturali
zateturati	-ati/-eti (obrazac NEPOZNAT: nema oblika prezenta u rečniku)	odluči ti	zateturale
zatirati	-irati	visoka	zatiram
zatirati	-irati	visoka	zatiraš
zatirati	-irati	visoka	zatiramo
zatirati	-irati	visoka	zatirate
zatirati	-irati	visoka	zatiraju
zatirati	-irati	visoka	zatirao
zatirati	-irati	visoka	zatirala
zatirati	-irati	visoka	zatiralo
zatirati	-irati	visoka	zatirale
zatirati	-irati	visoka	zatiraj
zatirati	-irati	visoka	zatirajte
zatisnuti	-nuti	visoka	zatisneš
zatisnuti	-nuti	visoka	zatisnemo
zatisnuti	-nuti	visoka	zatisnete
zatisnuti	-nuti	visoka	zatisnula
zatisnuti	-nuti	visoka	zatisnulo
zatisnuti	-nuti	visoka	zatisnuli
zatisnuti	-nuti	visoka	zatisnule
zatisnuti	-nuti	visoka	zatisni
zatisnuti	-nuti	visoka	zatisnite
zatreperiti	-iti	visoka	zatreperim
zatreperiti	-iti	visoka	zatreperiš
zatreperiti	-iti	visoka	zatreperimo
zatreperiti	-iti	visoka	zatreperite
zatreperiti	-iti	visoka	zatrepere
zatreperiti	-iti	visoka	zatreperilo
zatreperiti	-iti	visoka	zatreperili
zatreperiti	-iti	visoka	zatreperile
zatrčati	-ati/-eti (obrazac NEPOZNAT: nema oblika prezenta u rečniku)	odluči ti	zatrčala
zatrčati	-ati/-eti (obrazac NEPOZNAT: nema oblika prezenta u rečniku)	odluči ti	zatrčalo
zatrčati	-ati/-eti (obrazac NEPOZNAT: nema oblika prezenta u rečniku)	odluči ti	zatrčali
zatrčati	-ati/-eti (obrazac NEPOZNAT: nema oblika prezenta u rečniku)	odluči ti	zatrčale
zatrčavati	-ati/-eti (obrazac -am, pročitan iz rečnika)	visoka	zatrčavaš
zatrčavati	-ati/-eti (obrazac -am, pročitan iz rečnika)	visoka	zatrčava
zatrčavati	-ati/-eti (obrazac -am, pročitan iz rečnika)	visoka	zatrčavamo
zatrčavati	-ati/-eti (obrazac -am, pročitan iz rečnika)	visoka	zatrčavate
zatrčavati	-ati/-eti (obrazac -am, pročitan iz rečnika)	visoka	zatrčavaju
zatrčavati	-ati/-eti (obrazac -am, pročitan iz rečnika)	visoka	zatrčavaj
zatrčavati	-ati/-eti (obrazac -am, pročitan iz rečnika)	visoka	zatrčavajte
zatrčavati	-ati/-eti (obrazac -am, pročitan iz rečnika)	visoka	zatrčavao
zatrčavati	-ati/-eti (obrazac -am, pročitan iz rečnika)	visoka	zatrčavala
zatrčavati	-ati/-eti (obrazac -am, pročitan iz rečnika)	visoka	zatrčavalo
zatrčavati	-ati/-eti (obrazac -am, pročitan iz rečnika)	visoka	zatrčavali
zatrčavati	-ati/-eti (obrazac -am, pročitan iz rečnika)	visoka	zatrčavale
zaturati	-ati/-eti (obrazac NEPOZNAT: nema oblika prezenta u rečniku)	odluči ti	zaturala
zaturati	-ati/-eti (obrazac NEPOZNAT: nema oblika prezenta u rečniku)	odluči ti	zaturalo
zaturati	-ati/-eti (obrazac NEPOZNAT: nema oblika prezenta u rečniku)	odluči ti	zaturale
zaustiti	-iti	visoka	zaustiš
zaustiti	-iti	visoka	zaustimo
zaustiti	-iti	visoka	zaustite
zaustiti	-iti	visoka	zaustila
zaustiti	-iti	visoka	zaustilo
zaustiti	-iti	visoka	zaustili
zaustiti	-iti	visoka	zaustile
zavađati	-ati/-eti (obrazac -am, pročitan iz rečnika)	visoka	zavađam
zavađati	-ati/-eti (obrazac -am, pročitan iz rečnika)	visoka	zavađamo
zavađati	-ati/-eti (obrazac -am, pročitan iz rečnika)	visoka	zavađate
zavađati	-ati/-eti (obrazac -am, pročitan iz rečnika)	visoka	zavađaj
zavađati	-ati/-eti (obrazac -am, pročitan iz rečnika)	visoka	zavađajte
zavađati	-ati/-eti (obrazac -am, pročitan iz rečnika)	visoka	zavađala
zavađati	-ati/-eti (obrazac -am, pročitan iz rečnika)	visoka	zavađalo
zavađati	-ati/-eti (obrazac -am, pročitan iz rečnika)	visoka	zavađale
zavejati	-ati/-eti (obrazac NEPOZNAT: nema oblika prezenta u rečniku)	odluči ti	zavejala
zavejati	-ati/-eti (obrazac NEPOZNAT: nema oblika prezenta u rečniku)	odluči ti	zavejalo
zavejati	-ati/-eti (obrazac NEPOZNAT: nema oblika prezenta u rečniku)	odluči ti	zavejali
zavejati	-ati/-eti (obrazac NEPOZNAT: nema oblika prezenta u rečniku)	odluči ti	zavejale
zavezivati	-ati/-eti (obrazac NEPOZNAT: nema oblika prezenta u rečniku)	odluči ti	zavezivala
zavezivati	-ati/-eti (obrazac NEPOZNAT: nema oblika prezenta u rečniku)	odluči ti	zavezivalo
zavezivati	-ati/-eti (obrazac NEPOZNAT: nema oblika prezenta u rečniku)	odluči ti	zavezivali
zavezivati	-ati/-eti (obrazac NEPOZNAT: nema oblika prezenta u rečniku)	odluči ti	zavezivale
zaveštavati	-ati/-eti (obrazac -am, pročitan iz rečnika)	visoka	zaveštavaš
zaveštavati	-ati/-eti (obrazac -am, pročitan iz rečnika)	visoka	zaveštavamo
zaveštavati	-ati/-eti (obrazac -am, pročitan iz rečnika)	visoka	zaveštavate
zaveštavati	-ati/-eti (obrazac -am, pročitan iz rečnika)	visoka	zaveštavaju
zaveštavati	-ati/-eti (obrazac -am, pročitan iz rečnika)	visoka	zaveštavaj
zaveštavati	-ati/-eti (obrazac -am, pročitan iz rečnika)	visoka	zaveštavajte
zaveštavati	-ati/-eti (obrazac -am, pročitan iz rečnika)	visoka	zaveštavala
zaveštavati	-ati/-eti (obrazac -am, pročitan iz rečnika)	visoka	zaveštavalo
zaveštavati	-ati/-eti (obrazac -am, pročitan iz rečnika)	visoka	zaveštavali
zaveštavati	-ati/-eti (obrazac -am, pročitan iz rečnika)	visoka	zaveštavale
zaviti	-iti	visoka	zavim
zaviti	-iti	visoka	zaviš
zaviti	-iti	visoka	zavi
zaviti	-iti	visoka	zavimo
zaviti	-iti	visoka	zavite
zaviti	-iti	visoka	zave
zaviti	-iti	visoka	zavile
zavrtati	-ati/-eti (obrazac NEPOZNAT: protivrečni oblici: im/pal)	odluči ti	zavrtao
zavrtati	-ati/-eti (obrazac NEPOZNAT: protivrečni oblici: im/pal)	odluči ti	zavrtala
zavrtati	-ati/-eti (obrazac NEPOZNAT: protivrečni oblici: im/pal)	odluči ti	zavrtalo
zavrtati	-ati/-eti (obrazac NEPOZNAT: protivrečni oblici: im/pal)	odluči ti	zavrtali
zazidati	-ati/-eti (obrazac NEPOZNAT: nema oblika prezenta u rečniku)	odluči ti	zazidala
zazidati	-ati/-eti (obrazac NEPOZNAT: nema oblika prezenta u rečniku)	odluči ti	zazidalo
zazidati	-ati/-eti (obrazac NEPOZNAT: nema oblika prezenta u rečniku)	odluči ti	zazidale
zazirati	-irati	visoka	zaziram
zazirati	-irati	visoka	zaziraš
zazirati	-irati	visoka	zazira
zazirati	-irati	visoka	zaziramo
zazirati	-irati	visoka	zazirate
zazirati	-irati	visoka	zaziraju
zazirati	-irati	visoka	zaziraj
zazirati	-irati	visoka	zazirajte
zazvati	-ati/-eti (obrazac NEPOZNAT: nema oblika prezenta u rečniku)	odluči ti	zazvala
zazvati	-ati/-eti (obrazac NEPOZNAT: nema oblika prezenta u rečniku)	odluči ti	zazvalo
zazvati	-ati/-eti (obrazac NEPOZNAT: nema oblika prezenta u rečniku)	odluči ti	zazvale
začamati	-ati/-eti (obrazac NEPOZNAT: nema oblika prezenta u rečniku)	odluči ti	začamala
začamati	-ati/-eti (obrazac NEPOZNAT: nema oblika prezenta u rečniku)	odluči ti	začamalo
začamati	-ati/-eti (obrazac NEPOZNAT: nema oblika prezenta u rečniku)	odluči ti	začamali
začamati	-ati/-eti (obrazac NEPOZNAT: nema oblika prezenta u rečniku)	odluči ti	začamale
začinjati	-ati/-eti (obrazac -em, pročitan iz rečnika)	visoka	začinjem
začinjati	-ati/-eti (obrazac -em, pročitan iz rečnika)	visoka	začinjemo
začinjati	-ati/-eti (obrazac -em, pročitan iz rečnika)	visoka	začinjete
začinjati	-ati/-eti (obrazac -em, pročitan iz rečnika)	visoka	začinji
začinjati	-ati/-eti (obrazac -em, pročitan iz rečnika)	visoka	začinjite
začinjati	-ati/-eti (obrazac -em, pročitan iz rečnika)	visoka	začinjala
začinjati	-ati/-eti (obrazac -em, pročitan iz rečnika)	visoka	začinjalo
začinjati	-ati/-eti (obrazac -em, pročitan iz rečnika)	visoka	začinjale
zašiti	-iti	visoka	zašim
zašiti	-iti	visoka	zašiš
zašiti	-iti	visoka	zaši
zašiti	-iti	visoka	zašimo
zašiti	-iti	visoka	zašite
zašiti	-iti	visoka	zaše
zašiti	-iti	visoka	zašilo
zašiti	-iti	visoka	zašile
zašivati	-ati/-eti (obrazac -am, pročitan iz rečnika)	visoka	zašivaš
zašivati	-ati/-eti (obrazac -am, pročitan iz rečnika)	visoka	zašivamo
zašivati	-ati/-eti (obrazac -am, pročitan iz rečnika)	visoka	zašivate
zašivati	-ati/-eti (obrazac -am, pročitan iz rečnika)	visoka	zašivaju
zašivati	-ati/-eti (obrazac -am, pročitan iz rečnika)	visoka	zašivaj
zašivati	-ati/-eti (obrazac -am, pročitan iz rečnika)	visoka	zašivajte
zašivati	-ati/-eti (obrazac -am, pročitan iz rečnika)	visoka	zašivao
zašivati	-ati/-eti (obrazac -am, pročitan iz rečnika)	visoka	zašivala
zašivati	-ati/-eti (obrazac -am, pročitan iz rečnika)	visoka	zašivalo
zašivati	-ati/-eti (obrazac -am, pročitan iz rečnika)	visoka	zašivali
zašivati	-ati/-eti (obrazac -am, pročitan iz rečnika)	visoka	zašivale
zašrafiti	-iti	visoka	zašrafiš
zašrafiti	-iti	visoka	zašrafi
zašrafiti	-iti	visoka	zašrafimo
zašrafiti	-iti	visoka	zašrafite
zašrafiti	-iti	visoka	zašrafe
zašrafiti	-iti	visoka	zašrafio
zašrafiti	-iti	visoka	zašrafila
zašrafiti	-iti	visoka	zašrafilo
zašrafiti	-iti	visoka	zašrafili
zašrafiti	-iti	visoka	zašrafile
zažmiriti	-iti	visoka	zažmiriš
zažmiriti	-iti	visoka	zažmirite
zažmiriti	-iti	visoka	zažmire
zažmiriti	-iti	visoka	zažmirila
zažmiriti	-iti	visoka	zažmirilo
zažmiriti	-iti	visoka	zažmirili
zažmiriti	-iti	visoka	zažmirile
zbirati	-irati	visoka	zbiram
zbirati	-irati	visoka	zbiraš
zbirati	-irati	visoka	zbiramo
zbirati	-irati	visoka	zbirate
zbirati	-irati	visoka	zbirao
zbirati	-irati	visoka	zbiralo
zbirati	-irati	visoka	zbirale
zbirati	-irati	visoka	zbiraj
zbirati	-irati	visoka	zbirajte
zbratimiti	-iti	visoka	zbratimim
zbratimiti	-iti	visoka	zbratimiš
zbratimiti	-iti	visoka	zbratimimo
zbratimiti	-iti	visoka	zbratimite
zbratimiti	-iti	visoka	zbratime
zbratimiti	-iti	visoka	zbratimila
zbratimiti	-iti	visoka	zbratimilo
zbratimiti	-iti	visoka	zbratimili
zbratimiti	-iti	visoka	zbratimile
zderati	-ati/-eti (obrazac NEPOZNAT: nema oblika prezenta u rečniku)	odluči ti	zderala
zderati	-ati/-eti (obrazac NEPOZNAT: nema oblika prezenta u rečniku)	odluči ti	zderalo
zderati	-ati/-eti (obrazac NEPOZNAT: nema oblika prezenta u rečniku)	odluči ti	zderale
zeleneti	-eti	proveri	zelenimo
zeleneti	-eti	proveri	zelenite
zeleneti	-eti	proveri	zeleneo
zeleneti	-eti	proveri	zelenela
zeleneti	-eti	proveri	zelenelo
zeleneti	-eti	proveri	zeleneli
zeleneti	-eti	proveri	zelenele
zevnuti	-nuti	visoka	zevnem
zevnuti	-nuti	visoka	zevneš
zevnuti	-nuti	visoka	zevnemo
zevnuti	-nuti	visoka	zevnete
zevnuti	-nuti	visoka	zevnulo
zevnuti	-nuti	visoka	zevnuli
zevnuti	-nuti	visoka	zevnule
zevnuti	-nuti	visoka	zevni
zevnuti	-nuti	visoka	zevnite
zgasnuti	-nuti	visoka	zgasnem
zgasnuti	-nuti	visoka	zgasneš
zgasnuti	-nuti	visoka	zgasnemo
zgasnuti	-nuti	visoka	zgasnete
zgasnuti	-nuti	visoka	zgasnulo
zgasnuti	-nuti	visoka	zgasnuli
zgasnuti	-nuti	visoka	zgasnule
zgasnuti	-nuti	visoka	zgasni
zgasnuti	-nuti	visoka	zgasnite
zgledati	-ati/-eti (obrazac NEPOZNAT: nema oblika prezenta u rečniku)	odluči ti	zgledala
zgledati	-ati/-eti (obrazac NEPOZNAT: nema oblika prezenta u rečniku)	odluči ti	zgledalo
zgledati	-ati/-eti (obrazac NEPOZNAT: nema oblika prezenta u rečniku)	odluči ti	zgledale
zgoditi	-iti	visoka	zgodim
zgoditi	-iti	visoka	zgodiš
zgoditi	-iti	visoka	zgodi
zgoditi	-iti	visoka	zgodimo
zgoditi	-iti	visoka	zgodite
zgoditi	-iti	visoka	zgodila
zgoditi	-iti	visoka	zgodili
zgoditi	-iti	visoka	zgodile
zgranuti	-nuti	visoka	zgranem
zgranuti	-nuti	visoka	zgraneš
zgranuti	-nuti	visoka	zgranemo
zgranuti	-nuti	visoka	zgranete
zgranuti	-nuti	visoka	zgranulo
zgranuti	-nuti	visoka	zgranule
zgranuti	-nuti	visoka	zgrani
zgranuti	-nuti	visoka	zgranite
zgrejati	-ati/-eti (obrazac NEPOZNAT: nema oblika prezenta u rečniku)	odluči ti	zgrejala
zgrejati	-ati/-eti (obrazac NEPOZNAT: nema oblika prezenta u rečniku)	odluči ti	zgrejalo
zgrejati	-ati/-eti (obrazac NEPOZNAT: nema oblika prezenta u rečniku)	odluči ti	zgrejali
zgrejati	-ati/-eti (obrazac NEPOZNAT: nema oblika prezenta u rečniku)	odluči ti	zgrejale
zgrnuti	-nuti	visoka	zgrnem
zgrnuti	-nuti	visoka	zgrneš
zgrnuti	-nuti	visoka	zgrnemo
zgrnuti	-nuti	visoka	zgrnete
zgrnuti	-nuti	visoka	zgrnula
zgrnuti	-nuti	visoka	zgrnule
zgrnuti	-nuti	visoka	zgrni
zgrnuti	-nuti	visoka	zgrnite
zgromiti	-iti	visoka	zgromiš
zgromiti	-iti	visoka	zgromimo
zgromiti	-iti	visoka	zgromite
zgromiti	-iti	visoka	zgrome
zgromiti	-iti	visoka	zgromilo
zgromiti	-iti	visoka	zgromili
zgromiti	-iti	visoka	zgromile
zguliti	-iti	visoka	zguliš
zguliti	-iti	visoka	zguli
zguliti	-iti	visoka	zgulimo
zguliti	-iti	visoka	zgule
zguliti	-iti	visoka	zgulio
zguliti	-iti	visoka	zgulila
zguliti	-iti	visoka	zgulilo
zguliti	-iti	visoka	zgulili
zguliti	-iti	visoka	zgulile
zgužvati	-ati/-eti (obrazac NEPOZNAT: nema oblika prezenta u rečniku)	odluči ti	zgužvala
zgužvati	-ati/-eti (obrazac NEPOZNAT: nema oblika prezenta u rečniku)	odluči ti	zgužvalo
zgužvati	-ati/-eti (obrazac NEPOZNAT: nema oblika prezenta u rečniku)	odluči ti	zgužvali
zgužvati	-ati/-eti (obrazac NEPOZNAT: nema oblika prezenta u rečniku)	odluči ti	zgužvale
zimiti	-iti	visoka	zimim
zimiti	-iti	visoka	zimiš
zimiti	-iti	visoka	zimimo
zimiti	-iti	visoka	zimite
zimiti	-iti	visoka	zimila
zimiti	-iti	visoka	zimilo
zimiti	-iti	visoka	zimili
zimiti	-iti	visoka	zimile
zimovati	-ovati	visoka	zimujem
zimovati	-ovati	visoka	zimuješ
zimovati	-ovati	visoka	zimujemo
zimovati	-ovati	visoka	zimujete
zimovati	-ovati	visoka	zimovala
zimovati	-ovati	visoka	zimovalo
zimovati	-ovati	visoka	zimovale
zimovati	-ovati	visoka	zimuj
zimovati	-ovati	visoka	zimujte
zivkati	-ati/-eti (obrazac NEPOZNAT: nema oblika prezenta u rečniku)	odluči ti	zivkala
zivkati	-ati/-eti (obrazac NEPOZNAT: nema oblika prezenta u rečniku)	odluči ti	zivkalo
zivkati	-ati/-eti (obrazac NEPOZNAT: nema oblika prezenta u rečniku)	odluči ti	zivkale
zviždukati	-ati/-eti (obrazac NEPOZNAT: nema oblika prezenta u rečniku)	odluči ti	zviždukala
zviždukati	-ati/-eti (obrazac NEPOZNAT: nema oblika prezenta u rečniku)	odluči ti	zviždukali
zviždukati	-ati/-eti (obrazac NEPOZNAT: nema oblika prezenta u rečniku)	odluči ti	zviždukale
ćariti	-iti	visoka	ćarim
ćariti	-iti	visoka	ćariš
ćariti	-iti	visoka	ćarimo
ćariti	-iti	visoka	ćarite
ćariti	-iti	visoka	ćare
ćariti	-iti	visoka	ćarila
ćariti	-iti	visoka	ćarilo
ćariti	-iti	visoka	ćarili
ćariti	-iti	visoka	ćarile
ćarlijati	-ati/-eti (obrazac -am, pročitan iz rečnika)	visoka	ćarlijam
ćarlijati	-ati/-eti (obrazac -am, pročitan iz rečnika)	visoka	ćarlijamo
ćarlijati	-ati/-eti (obrazac -am, pročitan iz rečnika)	visoka	ćarlijate
ćarlijati	-ati/-eti (obrazac -am, pročitan iz rečnika)	visoka	ćarlijaju
ćarlijati	-ati/-eti (obrazac -am, pročitan iz rečnika)	visoka	ćarlijaj
ćarlijati	-ati/-eti (obrazac -am, pročitan iz rečnika)	visoka	ćarlijajte
ćarlijati	-ati/-eti (obrazac -am, pročitan iz rečnika)	visoka	ćarlijala
ćarlijati	-ati/-eti (obrazac -am, pročitan iz rečnika)	visoka	ćarlijalo
ćarlijati	-ati/-eti (obrazac -am, pročitan iz rečnika)	visoka	ćarlijali
ćarlijati	-ati/-eti (obrazac -am, pročitan iz rečnika)	visoka	ćarlijale
ćerati	-ati/-eti (obrazac NEPOZNAT: protivrečni oblici: am/im)	odluči ti	ćerala
ćerati	-ati/-eti (obrazac NEPOZNAT: protivrečni oblici: am/im)	odluči ti	ćeralo
ćerati	-ati/-eti (obrazac NEPOZNAT: protivrečni oblici: am/im)	odluči ti	ćerali
ćerati	-ati/-eti (obrazac NEPOZNAT: protivrečni oblici: am/im)	odluči ti	ćerale
ćušnuti	-nuti	visoka	ćušnem
ćušnuti	-nuti	visoka	ćušneš
ćušnuti	-nuti	visoka	ćušnemo
ćušnuti	-nuti	visoka	ćušnete
ćušnuti	-nuti	visoka	ćušnulo
ćušnuti	-nuti	visoka	ćušnuli
ćušnuti	-nuti	visoka	ćušnule
ćušnuti	-nuti	visoka	ćušni
ćušnuti	-nuti	visoka	ćušnite
čašćavati	-ati/-eti (obrazac NEPOZNAT: nema oblika prezenta u rečniku)	odluči ti	čašćavala
čašćavati	-ati/-eti (obrazac NEPOZNAT: nema oblika prezenta u rečniku)	odluči ti	čašćavalo
čašćavati	-ati/-eti (obrazac NEPOZNAT: nema oblika prezenta u rečniku)	odluči ti	čašćavali
čašćavati	-ati/-eti (obrazac NEPOZNAT: nema oblika prezenta u rečniku)	odluči ti	čašćavale
čestiti	-iti	visoka	čestiš
čestiti	-iti	visoka	čestimo
čestiti	-iti	visoka	čestio
čestiti	-iti	visoka	čestila
čestiti	-iti	visoka	čestilo
čestiti	-iti	visoka	čestili
čestiti	-iti	visoka	čestile
četkati	-ati/-eti (obrazac -am, pročitan iz rečnika)	visoka	četkaš
četkati	-ati/-eti (obrazac -am, pročitan iz rečnika)	visoka	četkamo
četkati	-ati/-eti (obrazac -am, pročitan iz rečnika)	visoka	četkate
četkati	-ati/-eti (obrazac -am, pročitan iz rečnika)	visoka	četkaju
četkati	-ati/-eti (obrazac -am, pročitan iz rečnika)	visoka	četkaj
četkati	-ati/-eti (obrazac -am, pročitan iz rečnika)	visoka	četkajte
četkati	-ati/-eti (obrazac -am, pročitan iz rečnika)	visoka	četkala
četkati	-ati/-eti (obrazac -am, pročitan iz rečnika)	visoka	četkali
četkati	-ati/-eti (obrazac -am, pročitan iz rečnika)	visoka	četkale
češkati	-ati/-eti (obrazac NEPOZNAT: protivrečni oblici: am/im)	odluči ti	češkalo
češkati	-ati/-eti (obrazac NEPOZNAT: protivrečni oblici: am/im)	odluči ti	češkali
češkati	-ati/-eti (obrazac NEPOZNAT: protivrečni oblici: am/im)	odluči ti	češkale
čijati	-ati/-eti (obrazac NEPOZNAT: protivrečni oblici: em/im)	odluči ti	čijao
čijati	-ati/-eti (obrazac NEPOZNAT: protivrečni oblici: em/im)	odluči ti	čijala
čijati	-ati/-eti (obrazac NEPOZNAT: protivrečni oblici: em/im)	odluči ti	čijalo
čijati	-ati/-eti (obrazac NEPOZNAT: protivrečni oblici: em/im)	odluči ti	čijali
čijati	-ati/-eti (obrazac NEPOZNAT: protivrečni oblici: em/im)	odluči ti	čijale
čuknuti	-nuti	visoka	čukneš
čuknuti	-nuti	visoka	čukne
čuknuti	-nuti	visoka	čuknemo
čuknuti	-nuti	visoka	čuknete
čuknuti	-nuti	visoka	čuknuo
čuknuti	-nuti	visoka	čuknula
čuknuti	-nuti	visoka	čuknulo
čuknuti	-nuti	visoka	čuknuli
čuknuti	-nuti	visoka	čuknule
čuknuti	-nuti	visoka	čukni
čupkati	-ati/-eti (obrazac -am, pročitan iz rečnika)	visoka	čupkaš
čupkati	-ati/-eti (obrazac -am, pročitan iz rečnika)	visoka	čupkamo
čupkati	-ati/-eti (obrazac -am, pročitan iz rečnika)	visoka	čupkate
čupkati	-ati/-eti (obrazac -am, pročitan iz rečnika)	visoka	čupkaj
čupkati	-ati/-eti (obrazac -am, pročitan iz rečnika)	visoka	čupkajte
čupkati	-ati/-eti (obrazac -am, pročitan iz rečnika)	visoka	čupkao
čupkati	-ati/-eti (obrazac -am, pročitan iz rečnika)	visoka	čupkalo
čupkati	-ati/-eti (obrazac -am, pročitan iz rečnika)	visoka	čupkali
čupkati	-ati/-eti (obrazac -am, pročitan iz rečnika)	visoka	čupkale
čuvstvovati	-ovati	visoka	čuvstvujemo
čuvstvovati	-ovati	visoka	čuvstvujete
čuvstvovati	-ovati	visoka	čuvstvovala
čuvstvovati	-ovati	visoka	čuvstvovalo
čuvstvovati	-ovati	visoka	čuvstvovali
čuvstvovati	-ovati	visoka	čuvstvovale
čuvstvovati	-ovati	visoka	čuvstvuj
čuvstvovati	-ovati	visoka	čuvstvujte
đakovati	-ovati	visoka	đakujem
đakovati	-ovati	visoka	đakuješ
đakovati	-ovati	visoka	đakuje
đakovati	-ovati	visoka	đakujemo
đakovati	-ovati	visoka	đakujete
đakovati	-ovati	visoka	đakuju
đakovati	-ovati	visoka	đakovala
đakovati	-ovati	visoka	đakovalo
đakovati	-ovati	visoka	đakovali
đakovati	-ovati	visoka	đakovale
đakovati	-ovati	visoka	đakuj
đakovati	-ovati	visoka	đakujte
šarati	-ati/-eti (obrazac NEPOZNAT: protivrečni oblici: am/im)	odluči ti	šaralo
šarati	-ati/-eti (obrazac NEPOZNAT: protivrečni oblici: am/im)	odluči ti	šarali
šarati	-ati/-eti (obrazac NEPOZNAT: protivrečni oblici: am/im)	odluči ti	šarale
šefovati	-ovati	visoka	šefujemo
šefovati	-ovati	visoka	šefujete
šefovati	-ovati	visoka	šefuju
šefovati	-ovati	visoka	šefovao
šefovati	-ovati	visoka	šefovala
šefovati	-ovati	visoka	šefovalo
šefovati	-ovati	visoka	šefovali
šefovati	-ovati	visoka	šefovale
šefovati	-ovati	visoka	šefuj
šefovati	-ovati	visoka	šefujte
šegrtovati	-ovati	visoka	šegrtuješ
šegrtovati	-ovati	visoka	šegrtujemo
šegrtovati	-ovati	visoka	šegrtujete
šegrtovati	-ovati	visoka	šegrtuju
šegrtovati	-ovati	visoka	šegrtovala
šegrtovati	-ovati	visoka	šegrtovalo
šegrtovati	-ovati	visoka	šegrtovali
šegrtovati	-ovati	visoka	šegrtovale
šegrtovati	-ovati	visoka	šegrtuj
šegrtovati	-ovati	visoka	šegrtujte
šenuti	-nuti	visoka	šenem
šenuti	-nuti	visoka	šeneš
šenuti	-nuti	visoka	šene
šenuti	-nuti	visoka	šenemo
šenuti	-nuti	visoka	šenete
šenuti	-nuti	visoka	šenu
šenuti	-nuti	visoka	šenulo
šenuti	-nuti	visoka	šenuli
šenuti	-nuti	visoka	šenule
šenuti	-nuti	visoka	šeni
šenuti	-nuti	visoka	šenite
šepati	-ati/-eti (obrazac -am, pročitan iz rečnika)	visoka	šepamo
šepati	-ati/-eti (obrazac -am, pročitan iz rečnika)	visoka	šepate
šepati	-ati/-eti (obrazac -am, pročitan iz rečnika)	visoka	šepaju
šepati	-ati/-eti (obrazac -am, pročitan iz rečnika)	visoka	šepaj
šepati	-ati/-eti (obrazac -am, pročitan iz rečnika)	visoka	šepajte
šepati	-ati/-eti (obrazac -am, pročitan iz rečnika)	visoka	šepala
šepati	-ati/-eti (obrazac -am, pročitan iz rečnika)	visoka	šepalo
šepati	-ati/-eti (obrazac -am, pročitan iz rečnika)	visoka	šepali
šepati	-ati/-eti (obrazac -am, pročitan iz rečnika)	visoka	šepale
šifrovati	-ovati	visoka	šifrujem
šifrovati	-ovati	visoka	šifruješ
šifrovati	-ovati	visoka	šifrujemo
šifrovati	-ovati	visoka	šifrujete
šifrovati	-ovati	visoka	šifruju
šifrovati	-ovati	visoka	šifrovala
šifrovati	-ovati	visoka	šifrovalo
šifrovati	-ovati	visoka	šifrovali
šifrovati	-ovati	visoka	šifrovale
šifrovati	-ovati	visoka	šifruj
šifrovati	-ovati	visoka	šifrujte
šikanirati	-irati	visoka	šikaniram
šikanirati	-irati	visoka	šikaniraš
šikanirati	-irati	visoka	šikaniramo
šikanirati	-irati	visoka	šikanirate
šikanirati	-irati	visoka	šikanirala
šikanirati	-irati	visoka	šikaniralo
šikanirati	-irati	visoka	šikaniraj
šikanirati	-irati	visoka	šikanirajte
šiknuti	-nuti	visoka	šiknem
šiknuti	-nuti	visoka	šikneš
šiknuti	-nuti	visoka	šiknemo
šiknuti	-nuti	visoka	šiknete
šiknuti	-nuti	visoka	šiknulo
šiknuti	-nuti	visoka	šiknuli
šiknuti	-nuti	visoka	šiknule
šiknuti	-nuti	visoka	šikni
šiknuti	-nuti	visoka	šiknite
šivati	-ati/-eti (obrazac -am, pročitan iz rečnika)	visoka	šivaš
šivati	-ati/-eti (obrazac -am, pročitan iz rečnika)	visoka	šiva
šivati	-ati/-eti (obrazac -am, pročitan iz rečnika)	visoka	šivamo
šivati	-ati/-eti (obrazac -am, pročitan iz rečnika)	visoka	šivate
šivati	-ati/-eti (obrazac -am, pročitan iz rečnika)	visoka	šivaju
šivati	-ati/-eti (obrazac -am, pročitan iz rečnika)	visoka	šivajte
šivati	-ati/-eti (obrazac -am, pročitan iz rečnika)	visoka	šivala
šivati	-ati/-eti (obrazac -am, pročitan iz rečnika)	visoka	šivalo
šivati	-ati/-eti (obrazac -am, pročitan iz rečnika)	visoka	šivali
šivati	-ati/-eti (obrazac -am, pročitan iz rečnika)	visoka	šivale
šiziti	-iti	visoka	šizim
šiziti	-iti	visoka	šizi
šiziti	-iti	visoka	šizimo
šiziti	-iti	visoka	šizite
šiziti	-iti	visoka	šize
šiziti	-iti	visoka	šizilo
šiziti	-iti	visoka	šizili
šiziti	-iti	visoka	šizile
šiznuti	-nuti	visoka	šiznem
šiznuti	-nuti	visoka	šizneš
šiznuti	-nuti	visoka	šiznemo
šiznuti	-nuti	visoka	šiznete
šiznuti	-nuti	visoka	šiznu
šiznuti	-nuti	visoka	šiznulo
šiznuti	-nuti	visoka	šiznuli
šiznuti	-nuti	visoka	šiznule
šiznuti	-nuti	visoka	šizni
šiznuti	-nuti	visoka	šiznite
škljocnuti	-nuti	visoka	škljocnem
škljocnuti	-nuti	visoka	škljocneš
škljocnuti	-nuti	visoka	škljocnemo
škljocnuti	-nuti	visoka	škljocnete
škljocnuti	-nuti	visoka	škljocnula
škljocnuti	-nuti	visoka	škljocnulo
škljocnuti	-nuti	visoka	škljocnuli
škljocnuti	-nuti	visoka	škljocni
škljocnuti	-nuti	visoka	škljocnite
škripiti	-iti	visoka	škripim
škripiti	-iti	visoka	škripimo
škripiti	-iti	visoka	škripite
škripiti	-iti	visoka	škripio
škripiti	-iti	visoka	škripila
škripiti	-iti	visoka	škripilo
škripiti	-iti	visoka	škripili
škripiti	-iti	visoka	škripile
šljakati	-ati/-eti (obrazac -am, pročitan iz rečnika)	visoka	šljakaš
šljakati	-ati/-eti (obrazac -am, pročitan iz rečnika)	visoka	šljakate
šljakati	-ati/-eti (obrazac -am, pročitan iz rečnika)	visoka	šljakaj
šljakati	-ati/-eti (obrazac -am, pročitan iz rečnika)	visoka	šljakajte
šljakati	-ati/-eti (obrazac -am, pročitan iz rečnika)	visoka	šljakala
šljakati	-ati/-eti (obrazac -am, pročitan iz rečnika)	visoka	šljakalo
šljakati	-ati/-eti (obrazac -am, pročitan iz rečnika)	visoka	šljakali
šljakati	-ati/-eti (obrazac -am, pročitan iz rečnika)	visoka	šljakale
šljapati	-ati/-eti (obrazac -am, pročitan iz rečnika)	visoka	šljapaš
šljapati	-ati/-eti (obrazac -am, pročitan iz rečnika)	visoka	šljapa
šljapati	-ati/-eti (obrazac -am, pročitan iz rečnika)	visoka	šljapamo
šljapati	-ati/-eti (obrazac -am, pročitan iz rečnika)	visoka	šljapate
šljapati	-ati/-eti (obrazac -am, pročitan iz rečnika)	visoka	šljapaju
šljapati	-ati/-eti (obrazac -am, pročitan iz rečnika)	visoka	šljapaj
šljapati	-ati/-eti (obrazac -am, pročitan iz rečnika)	visoka	šljapajte
šljapati	-ati/-eti (obrazac -am, pročitan iz rečnika)	visoka	šljapao
šljapati	-ati/-eti (obrazac -am, pročitan iz rečnika)	visoka	šljapala
šljapati	-ati/-eti (obrazac -am, pročitan iz rečnika)	visoka	šljapalo
šljapati	-ati/-eti (obrazac -am, pročitan iz rečnika)	visoka	šljapali
šljapati	-ati/-eti (obrazac -am, pročitan iz rečnika)	visoka	šljapale
šlogirati	-irati	visoka	šlogiram
šlogirati	-irati	visoka	šlogiraš
šlogirati	-irati	visoka	šlogiramo
šlogirati	-irati	visoka	šlogirate
šlogirati	-irati	visoka	šlogiralo
šlogirati	-irati	visoka	šlogirale
šlogirati	-irati	visoka	šlogiraj
šlogirati	-irati	visoka	šlogirajte
šmugnuti	-nuti	visoka	šmugnem
šmugnuti	-nuti	visoka	šmugneš
šmugnuti	-nuti	visoka	šmugnemo
šmugnuti	-nuti	visoka	šmugnete
šmugnuti	-nuti	visoka	šmugnulo
šmugnuti	-nuti	visoka	šmugnule
šmugnuti	-nuti	visoka	šmugni
šmugnuti	-nuti	visoka	šmugnite
šofirati	-irati	visoka	šofiram
šofirati	-irati	visoka	šofiraš
šofirati	-irati	visoka	šofiramo
šofirati	-irati	visoka	šofirate
šofirati	-irati	visoka	šofiraju
šofirati	-irati	visoka	šofirao
šofirati	-irati	visoka	šofirala
šofirati	-irati	visoka	šofiralo
šofirati	-irati	visoka	šofirali
šofirati	-irati	visoka	šofirale
šofirati	-irati	visoka	šofiraj
šofirati	-irati	visoka	šofirajte
špartati	-ati/-eti (obrazac -am, pročitan iz rečnika)	visoka	špartaš
špartati	-ati/-eti (obrazac -am, pročitan iz rečnika)	visoka	špartamo
špartati	-ati/-eti (obrazac -am, pročitan iz rečnika)	visoka	špartate
špartati	-ati/-eti (obrazac -am, pročitan iz rečnika)	visoka	špartaj
špartati	-ati/-eti (obrazac -am, pročitan iz rečnika)	visoka	špartajte
špartati	-ati/-eti (obrazac -am, pročitan iz rečnika)	visoka	špartao
špartati	-ati/-eti (obrazac -am, pročitan iz rečnika)	visoka	špartalo
špartati	-ati/-eti (obrazac -am, pročitan iz rečnika)	visoka	špartale
špekulirati	-irati	visoka	špekuliraš
špekulirati	-irati	visoka	špekulira
špekulirati	-irati	visoka	špekuliramo
špekulirati	-irati	visoka	špekulirate
špekulirati	-irati	visoka	špekuliraju
špekulirati	-irati	visoka	špekulirao
špekulirati	-irati	visoka	špekulirala
špekulirati	-irati	visoka	špekuliralo
špekulirati	-irati	visoka	špekulirali
špekulirati	-irati	visoka	špekulirale
špekulirati	-irati	visoka	špekuliraj
špekulirati	-irati	visoka	špekulirajte
špricati	-ati/-eti (obrazac -em, pročitan iz rečnika)	visoka	špriceš
špricati	-ati/-eti (obrazac -em, pročitan iz rečnika)	visoka	špricemo
špricati	-ati/-eti (obrazac -em, pročitan iz rečnika)	visoka	špricete
špricati	-ati/-eti (obrazac -em, pročitan iz rečnika)	visoka	špricite
špricati	-ati/-eti (obrazac -em, pročitan iz rečnika)	visoka	špricao
špricati	-ati/-eti (obrazac -em, pročitan iz rečnika)	visoka	špricala
špricati	-ati/-eti (obrazac -em, pročitan iz rečnika)	visoka	špricalo
špricati	-ati/-eti (obrazac -em, pročitan iz rečnika)	visoka	špricali
špricati	-ati/-eti (obrazac -em, pročitan iz rečnika)	visoka	špricale
štetovati	-ovati	visoka	štetujem
štetovati	-ovati	visoka	štetuje
štetovati	-ovati	visoka	štetujemo
štetovati	-ovati	visoka	štetujete
štetovati	-ovati	visoka	štetuju
štetovati	-ovati	visoka	štetovala
štetovati	-ovati	visoka	štetovalo
štetovati	-ovati	visoka	štetovali
štetovati	-ovati	visoka	štetovale
štetovati	-ovati	visoka	štetuj
štetovati	-ovati	visoka	štetujte
štimovati	-ovati	visoka	štimujem
štimovati	-ovati	visoka	štimuješ
štimovati	-ovati	visoka	štimujemo
štimovati	-ovati	visoka	štimujete
štimovati	-ovati	visoka	štimuju
štimovati	-ovati	visoka	štimovao
štimovati	-ovati	visoka	štimovala
štimovati	-ovati	visoka	štimovalo
štimovati	-ovati	visoka	štimovale
štimovati	-ovati	visoka	štimuj
štimovati	-ovati	visoka	štimujte
štrajkati	-ati/-eti (obrazac NEPOZNAT: nema oblika prezenta u rečniku)	odluči ti	štrajkao
štrajkati	-ati/-eti (obrazac NEPOZNAT: nema oblika prezenta u rečniku)	odluči ti	štrajkala
štrajkati	-ati/-eti (obrazac NEPOZNAT: nema oblika prezenta u rečniku)	odluči ti	štrajkalo
štrajkati	-ati/-eti (obrazac NEPOZNAT: nema oblika prezenta u rečniku)	odluči ti	štrajkali
štrajkati	-ati/-eti (obrazac NEPOZNAT: nema oblika prezenta u rečniku)	odluči ti	štrajkale
štrecati	-ati/-eti (obrazac -am, pročitan iz rečnika)	visoka	štrecaš
štrecati	-ati/-eti (obrazac -am, pročitan iz rečnika)	visoka	štreca
štrecati	-ati/-eti (obrazac -am, pročitan iz rečnika)	visoka	štrecamo
štrecati	-ati/-eti (obrazac -am, pročitan iz rečnika)	visoka	štrecate
štrecati	-ati/-eti (obrazac -am, pročitan iz rečnika)	visoka	štrecaju
štrecati	-ati/-eti (obrazac -am, pročitan iz rečnika)	visoka	štrecaj
štrecati	-ati/-eti (obrazac -am, pročitan iz rečnika)	visoka	štrecajte
štrecati	-ati/-eti (obrazac -am, pročitan iz rečnika)	visoka	štrecala
štrecati	-ati/-eti (obrazac -am, pročitan iz rečnika)	visoka	štrecalo
štrecati	-ati/-eti (obrazac -am, pročitan iz rečnika)	visoka	štrecali
štrecati	-ati/-eti (obrazac -am, pročitan iz rečnika)	visoka	štrecale
štucati	-ati/-eti (obrazac -am, pročitan iz rečnika)	visoka	štucamo
štucati	-ati/-eti (obrazac -am, pročitan iz rečnika)	visoka	štucate
štucati	-ati/-eti (obrazac -am, pročitan iz rečnika)	visoka	štucaju
štucati	-ati/-eti (obrazac -am, pročitan iz rečnika)	visoka	štucaj
štucati	-ati/-eti (obrazac -am, pročitan iz rečnika)	visoka	štucajte
štucati	-ati/-eti (obrazac -am, pročitan iz rečnika)	visoka	štucao
štucati	-ati/-eti (obrazac -am, pročitan iz rečnika)	visoka	štucala
štucati	-ati/-eti (obrazac -am, pročitan iz rečnika)	visoka	štucalo
štucati	-ati/-eti (obrazac -am, pročitan iz rečnika)	visoka	štucali
štucati	-ati/-eti (obrazac -am, pročitan iz rečnika)	visoka	štucale
šurovati	-ovati	visoka	šurujem
šurovati	-ovati	visoka	šuruješ
šurovati	-ovati	visoka	šurujemo
šurovati	-ovati	visoka	šurujete
šurovati	-ovati	visoka	šuruju
šurovati	-ovati	visoka	šurovala
šurovati	-ovati	visoka	šurovalo
šurovati	-ovati	visoka	šurovali
šurovati	-ovati	visoka	šurovale
šurovati	-ovati	visoka	šurujte
šušnuti	-nuti	visoka	šušneš
šušnuti	-nuti	visoka	šušnemo
šušnuti	-nuti	visoka	šušnete
šušnuti	-nuti	visoka	šušnuo
šušnuti	-nuti	visoka	šušnula
šušnuti	-nuti	visoka	šušnuli
šušnuti	-nuti	visoka	šušnule
šušnuti	-nuti	visoka	šušni
šušnuti	-nuti	visoka	šušnite
švercati	-ati/-eti (obrazac -em, pročitan iz rečnika)	visoka	šverceš
švercati	-ati/-eti (obrazac -em, pročitan iz rečnika)	visoka	šverce
švercati	-ati/-eti (obrazac -em, pročitan iz rečnika)	visoka	švercemo
švercati	-ati/-eti (obrazac -em, pročitan iz rečnika)	visoka	švercete
švercati	-ati/-eti (obrazac -em, pročitan iz rečnika)	visoka	šverci
švercati	-ati/-eti (obrazac -em, pročitan iz rečnika)	visoka	švercite
švercati	-ati/-eti (obrazac -em, pročitan iz rečnika)	visoka	švercala
švercati	-ati/-eti (obrazac -em, pročitan iz rečnika)	visoka	švercalo
švercati	-ati/-eti (obrazac -em, pročitan iz rečnika)	visoka	švercali
švercati	-ati/-eti (obrazac -em, pročitan iz rečnika)	visoka	švercale
šćućuriti	-iti	visoka	šćućurim
šćućuriti	-iti	visoka	šćućuriš
šćućuriti	-iti	visoka	šćućuri
šćućuriti	-iti	visoka	šćućurimo
šćućuriti	-iti	visoka	šćućurite
šćućuriti	-iti	visoka	šćućure
šćućuriti	-iti	visoka	šćućurilo
šćućuriti	-iti	visoka	šćućurili
ždrebiti	-iti	visoka	ždrebim
ždrebiti	-iti	visoka	ždrebiš
ždrebiti	-iti	visoka	ždrebi
ždrebiti	-iti	visoka	ždrebimo
ždrebiti	-iti	visoka	ždrebite
ždrebiti	-iti	visoka	ždrebila
ždrebiti	-iti	visoka	ždrebilo
ždrebiti	-iti	visoka	ždrebili
ždrebiti	-iti	visoka	ždrebile
željkovati	-ovati	visoka	željkujem
željkovati	-ovati	visoka	željkuješ
željkovati	-ovati	visoka	željkujemo
željkovati	-ovati	visoka	željkujete
željkovati	-ovati	visoka	željkuju
željkovati	-ovati	visoka	željkovao
željkovati	-ovati	visoka	željkovala
željkovati	-ovati	visoka	željkovalo
željkovati	-ovati	visoka	željkovali
željkovati	-ovati	visoka	željkovale
željkovati	-ovati	visoka	željkuj
željkovati	-ovati	visoka	željkujte
ženirati	-irati	visoka	ženiram
ženirati	-irati	visoka	ženiramo
ženirati	-irati	visoka	ženirate
ženirati	-irati	visoka	ženiraju
ženirati	-irati	visoka	ženirao
ženirati	-irati	visoka	ženirala
ženirati	-irati	visoka	ženiralo
ženirati	-irati	visoka	ženirali
ženirati	-irati	visoka	ženirale
ženirati	-irati	visoka	ženiraj
ženirati	-irati	visoka	ženirajte
živovati	-ovati	visoka	živujem
živovati	-ovati	visoka	živuješ
živovati	-ovati	visoka	živujemo
živovati	-ovati	visoka	živujete
živovati	-ovati	visoka	živovao
živovati	-ovati	visoka	živovala
živovati	-ovati	visoka	živovalo
živovati	-ovati	visoka	živovali
živovati	-ovati	visoka	živuj
živovati	-ovati	visoka	živujte
žmirkati	-ati/-eti (obrazac NEPOZNAT: nema oblika prezenta u rečniku)	odluči ti	žmirkala
žmirkati	-ati/-eti (obrazac NEPOZNAT: nema oblika prezenta u rečniku)	odluči ti	žmirkalo
žmirkati	-ati/-eti (obrazac NEPOZNAT: nema oblika prezenta u rečniku)	odluči ti	žmirkale
žonglirati	-irati	visoka	žongliramo
žonglirati	-irati	visoka	žonglirate
žonglirati	-irati	visoka	žongliraju
žonglirati	-irati	visoka	žonglirala
žonglirati	-irati	visoka	žongliralo
žonglirati	-irati	visoka	žonglirali
žonglirati	-irati	visoka	žonglirale
žonglirati	-irati	visoka	žongliraj
žonglirati	-irati	visoka	žonglirajte
žuboriti	-iti	visoka	žuborim
žuboriti	-iti	visoka	žuboriš
žuboriti	-iti	visoka	žuborimo
žuboriti	-iti	visoka	žuborite
žuboriti	-iti	visoka	žuborila
žuboriti	-iti	visoka	žuborilo
žuboriti	-iti	visoka	žuborile
žuljiti	-iti	visoka	žuljiš
žuljiti	-iti	visoka	žuljimo
žuljiti	-iti	visoka	žuljite
žuljiti	-iti	visoka	žuljio
žuljiti	-iti	visoka	žuljila
žuljiti	-iti	visoka	žuljili
žuljiti	-iti	visoka	žuljile
žutiti	-iti	visoka	žutiš
žutiti	-iti	visoka	žutimo
žutiti	-iti	visoka	žutite
žutiti	-iti	visoka	žutio
žutiti	-iti	visoka	žutila
žutiti	-iti	visoka	žutili
žutiti	-iti	visoka	žutile
žvrljati	-ati/-eti (obrazac NEPOZNAT: nema oblika prezenta u rečniku)	odluči ti	žvrljala
žvrljati	-ati/-eti (obrazac NEPOZNAT: nema oblika prezenta u rečniku)	odluči ti	žvrljalo
žvrljati	-ati/-eti (obrazac NEPOZNAT: nema oblika prezenta u rečniku)	odluči ti	žvrljali
žvrljati	-ati/-eti (obrazac NEPOZNAT: nema oblika prezenta u rečniku)	odluči ti	žvrljale
