imenica	frekvencija	potvrđen_genitiv	padež	predlog	napomena
lice	28781	lica	D/L jd	licu	
trajanje	4717	trajanja	I jd	trajanjem	
obrazloženje	3873	obrazloženja	D/L jd	obrazloženju	
ostvarenje	3496	ostvarenja	I jd	ostvarenjem	
predsedništvo	3376	predsedništva	D/L jd	predsedništvu	
predsedništvo	3376	predsedništva	I jd	predsedništvom	
angažovanje	3120	angažovanja	I jd	angažovanjem	
opredeljenje	2984	opredeljenja	I jd	opredeljenjem	
finale	2671	finala	I jd	finalem	
poluvreme	2470	poluvremena	I jd	poluvremenom	proširena osnova
prijavljivanje	2348	prijavljivanja	I jd	prijavljivanjem	
jaje	2311	jaja	D/L jd	jaju	
obeležavanje	2309	obeležavanja	D/L jd	obeležavanju	
obeležavanje	2309	obeležavanja	I jd	obeležavanjem	
podsticanje	2212	podsticanja	I jd	podsticanjem	
poskupljenje	2193	poskupljenja	I jd	poskupljenjem	
informisanje	2132	informisanja	D/L jd	informisanju	
definisanje	2128	definisanja	I jd	definisanjem	
pravoslavlje	2084	pravoslavlja	I jd	pravoslavljem	
obezbeđivanje	2047	obezbeđivanja	I jd	obezbeđivanjem	
usavršavanje	2024	usavršavanja	I jd	usavršavanjem	
godište	1920	godišta	I jd	godištem	
svedočanstvo	1898	svedočanstva	D/L jd	svedočanstvu	
svedočanstvo	1898	svedočanstva	I jd	svedočanstvom	
usklađivanje	1832	usklađivanja	D/L jd	usklađivanju	
usklađivanje	1832	usklađivanja	I jd	usklađivanjem	
konzumiranje	1814	konzumiranja	I jd	konzumiranjem	
jevanđelje	1742	jevanđelja	I jd	jevanđeljem	
zaduživanje	1654	zaduživanja	I jd	zaduživanjem	
preduzetništvo	1580	preduzetništva	D/L jd	preduzetništvu	
preduzetništvo	1580	preduzetništva	I jd	preduzetništvom	
insistiranje	1538	insistiranja	I jd	insistiranjem	
težište	1519	težišta	D/L jd	težištu	
osveženje	1505	osveženja	D/L jd	osveženju	
državljanstvo	1504	državljanstva	I jd	državljanstvom	
sveštenstvo	1468	sveštenstva	I jd	sveštenstvom	
osposobljavanje	1439	osposobljavanja	D/L jd	osposobljavanju	
osposobljavanje	1439	osposobljavanja	I jd	osposobljavanjem	
učestvovanje	1423	učestvovanja	I jd	učestvovanjem	
skladištenje	1345	skladištenja	D/L jd	skladištenju	
skladištenje	1345	skladištenja	I jd	skladištenjem	
đubre	1220	đubra	D/L jd	đubru	
đubre	1220	đubra	I jd	đubrem	
stanovište	1199	stanovišta	I jd	stanovištem	
oglašavanje	1191	oglašavanja	I jd	oglašavanjem	
skijalište	1170	skijališta	I jd	skijalištem	
oličenje	1166	oličenja	D/L jd	oličenju	
ažuriranje	1139	ažuriranja	I jd	ažuriranjem	
savetovalište	1111	savetovališta	I jd	savetovalištem	
lane	1110	laneta	D/L jd	lanetu	proširena osnova
lane	1110	laneta	I jd	lanetom	proširena osnova
predstavništvo	1109	predstavništva	I jd	predstavništvom	
sagledavanje	1099	sagledavanja	I jd	sagledavanjem	
inženjerstvo	998	inženjerstva	I jd	inženjerstvom	
trgovanje	998	trgovanja	I jd	trgovanjem	
olakšanje	995	olakšanja	D/L jd	olakšanju	
gazdinstvo	953	gazdinstva	I jd	gazdinstvom	
žitije	949	žitija	I jd	žitijem	
utvrđenje	945	utvrđenja	I jd	utvrđenjem	
umrežavanje	942	umrežavanja	I jd	umrežavanjem	
preispitivanje	930	preispitivanja	D/L jd	preispitivanju	
ugrožavanje	921	ugrožavanja	I jd	ugrožavanjem	
gradilište	918	gradilišta	I jd	gradilištem	
ročište	918	ročišta	I jd	ročištem	
regulisanje	906	regulisanja	D/L jd	regulisanju	
regulisanje	906	regulisanja	I jd	regulisanjem	
pristupanje	891	pristupanja	I jd	pristupanjem	
investiranje	886	investiranja	I jd	investiranjem	
negovanje	880	negovanja	D/L jd	negovanju	
prebivalište	873	prebivališta	I jd	prebivalištem	
uredništvo	869	uredništva	I jd	uredništvom	
ograničavanje	852	ograničavanja	I jd	ograničavanjem	
vrednovanje	832	vrednovanja	I jd	vrednovanjem	
polufinale	827	polufinala	I jd	polufinalem	
odlučivanje	816	odlučivanja	I jd	odlučivanjem	
nerazumevanje	813	nerazumevanja	I jd	nerazumevanjem	
oblikovanje	812	oblikovanja	I jd	oblikovanjem	
stočarstvo	788	stočarstva	I jd	stočarstvom	
zajedništvo	783	zajedništva	I jd	zajedništvom	
osnaživanje	774	osnaživanja	D/L jd	osnaživanju	
osnaživanje	774	osnaživanja	I jd	osnaživanjem	
odmaralište	764	odmarališta	I jd	odmaralištem	
letovalište	761	letovališta	D/L jd	letovalištu	
letovalište	761	letovališta	I jd	letovalištem	
znojenje	760	znojenja	D/L jd	znojenju	
predviđanje	751	predviđanja	I jd	predviđanjem	
blagostanje	719	blagostanja	I jd	blagostanjem	
protivljenje	718	protivljenja	I jd	protivljenjem	
zakazivanje	713	zakazivanja	I jd	zakazivanjem	
usporavanje	702	usporavanja	I jd	usporavanjem	
oporezivanje	683	oporezivanja	I jd	oporezivanjem	
posredovanje	656	posredovanja	I jd	posredovanjem	
navodnjavanje	652	navodnjavanja	D/L jd	navodnjavanju	
izvorište	650	izvorišta	I jd	izvorištem	
građanstvo	645	građanstva	I jd	građanstvom	
stecište	644	stecišta	D/L jd	stecištu	
stecište	644	stecišta	I jd	stecištem	
otkrovenje	636	otkrovenja	I jd	otkrovenjem	
usmeravanje	632	usmeravanja	I jd	usmeravanjem	
poluostrvo	626	poluostrva	I jd	poluostrvom	
zbrinjavanje	624	zbrinjavanja	I jd	zbrinjavanjem	
šišanje	622	šišanja	I jd	šišanjem	
isključivanje	620	isključivanja	D/L jd	isključivanju	
fijasko	616	fijaska	D/L jd	fijasku	
izjašnjavanje	614	izjašnjavanja	D/L jd	izjašnjavanju	
izjašnjavanje	614	izjašnjavanja	I jd	izjašnjavanjem	
narušavanje	607	narušavanja	I jd	narušavanjem	
rukovođenje	606	rukovođenja	I jd	rukovođenjem	
obeštećenje	588	obeštećenja	I jd	obeštećenjem	
novorođenče	587	novorođenčeta	I jd	novorođenčetom	proširena osnova
osvećenje	582	osvećenja	D/L jd	osvećenju	
osvećenje	582	osvećenja	I jd	osvećenjem	
bogosluženje	578	bogosluženja	I jd	bogosluženjem	
veštačenje	575	veštačenja	D/L jd	veštačenju	
priključenje	570	priključenja	I jd	priključenjem	
zaključivanje	570	zaključivanja	I jd	zaključivanjem	
izvršavanje	562	izvršavanja	I jd	izvršavanjem	
trgovište	547	trgovišta	I jd	trgovištem	
istezanje	543	istezanja	D/L jd	istezanju	
istezanje	543	istezanja	I jd	istezanjem	
volontiranje	542	volontiranja	I jd	volontiranjem	
izletište	539	izletišta	I jd	izletištem	
obdanište	533	obdaništa	I jd	obdaništem	
file	532	fileta	D/L jd	filetu	proširena osnova
file	532	fileta	I jd	filetom	proširena osnova
obaveštavanje	532	obaveštavanja	D/L jd	obaveštavanju	
obaveštavanje	532	obaveštavanja	I jd	obaveštavanjem	
komunalije	524	komunalija	D/L jd	komunaliju	
komunalije	524	komunalija	I jd	komunalijem	
zvonce	519	zvonca	D/L jd	zvoncu	
kombinovanje	516	kombinovanja	D/L jd	kombinovanju	
ispravljanje	514	ispravljanja	I jd	ispravljanjem	
proterivanje	505	proterivanja	I jd	proterivanjem	
proširivanje	505	proširivanja	I jd	proširivanjem	
doziranje	501	doziranja	D/L jd	doziranju	
doziranje	501	doziranja	I jd	doziranjem	
prihvatilište	501	prihvatilišta	I jd	prihvatilištem	
strelište	491	strelišta	I jd	strelištem	
sastavljanje	474	sastavljanja	I jd	sastavljanjem	
povećavanje	471	povećavanja	I jd	povećavanjem	
razlikovanje	471	razlikovanja	D/L jd	razlikovanju	
razlikovanje	471	razlikovanja	I jd	razlikovanjem	
upoređivanje	470	upoređivanja	D/L jd	upoređivanju	
prekoračenje	463	prekoračenja	D/L jd	prekoračenju	
prekoračenje	463	prekoračenja	I jd	prekoračenjem	
izjednačavanje	459	izjednačavanja	I jd	izjednačavanjem	
zanemarivanje	457	zanemarivanja	I jd	zanemarivanjem	
dodeljivanje	451	dodeljivanja	I jd	dodeljivanjem	
ugostiteljstvo	451	ugostiteljstva	I jd	ugostiteljstvom	
iskorišćavanje	441	iskorišćavanja	I jd	iskorišćavanjem	
mirovanje	440	mirovanja	I jd	mirovanjem	
odlikovanje	437	odlikovanja	I jd	odlikovanjem	
predlaganje	435	predlaganja	I jd	predlaganjem	
klizalište	434	klizališta	I jd	klizalištem	
ovladavanje	428	ovladavanja	I jd	ovladavanjem	
sajmište	427	sajmišta	I jd	sajmištem	
lovište	426	lovišta	I jd	lovištem	
samoopredeljenje	422	samoopredeljenja	D/L jd	samoopredeljenju	
samoopredeljenje	422	samoopredeljenja	I jd	samoopredeljenjem	
naseljavanje	421	naseljavanja	I jd	naseljavanjem	
rivalstvo	420	rivalstva	I jd	rivalstvom	
bojenje	417	bojenja	D/L jd	bojenju	
žumance	417	žumanca	D/L jd	žumancu	
preobraženje	410	preobraženja	I jd	preobraženjem	
svetilište	409	svetilišta	I jd	svetilištem	
peckanje	408	peckanja	D/L jd	peckanju	
fokusiranje	406	fokusiranja	I jd	fokusiranjem	
stajalište	400	stajališta	I jd	stajalištem	
označavanje	399	označavanja	I jd	označavanjem	
suprotstavljanje	399	suprotstavljanja	I jd	suprotstavljanjem	
mapiranje	398	mapiranja	I jd	mapiranjem	
ublažavanje	398	ublažavanja	I jd	ublažavanjem	
produbljivanje	392	produbljivanja	D/L jd	produbljivanju	
produbljivanje	392	produbljivanja	I jd	produbljivanjem	
dežurstvo	391	dežurstva	I jd	dežurstvom	
drugarstvo	385	drugarstva	I jd	drugarstvom	
zadovoljavanje	383	zadovoljavanja	I jd	zadovoljavanjem	
streljaštvo	378	streljaštva	I jd	streljaštvom	
zatezanje	375	zatezanja	D/L jd	zatezanju	
savladavanje	374	savladavanja	I jd	savladavanjem	
uskraćivanje	374	uskraćivanja	D/L jd	uskraćivanju	
uskraćivanje	374	uskraćivanja	I jd	uskraćivanjem	
naručivanje	371	naručivanja	I jd	naručivanjem	
dešavanje	369	dešavanja	I jd	dešavanjem	
zamajavanje	369	zamajavanja	D/L jd	zamajavanju	
zamajavanje	369	zamajavanja	I jd	zamajavanjem	
konstituisanje	367	konstituisanja	D/L jd	konstituisanju	
konstituisanje	367	konstituisanja	I jd	konstituisanjem	
poništavanje	367	poništavanja	D/L jd	poništavanju	
poništavanje	367	poništavanja	I jd	poništavanjem	
generisanje	364	generisanja	D/L jd	generisanju	
generisanje	364	generisanja	I jd	generisanjem	
modeliranje	364	modeliranja	I jd	modeliranjem	
omalovažavanje	364	omalovažavanja	D/L jd	omalovažavanju	
raspoređivanje	362	raspoređivanja	I jd	raspoređivanjem	
odugovlačenje	358	odugovlačenja	D/L jd	odugovlačenju	
zagovaranje	357	zagovaranja	D/L jd	zagovaranju	
zagovaranje	357	zagovaranja	I jd	zagovaranjem	
ležište	356	ležišta	I jd	ležištem	
surfovanje	356	surfovanja	I jd	surfovanjem	
oticanje	352	oticanja	D/L jd	oticanju	
planinarenje	352	planinarenja	I jd	planinarenjem	
porodilište	350	porodilišta	I jd	porodilištem	
umnožavanje	348	umnožavanja	I jd	umnožavanjem	
izdržavanje	343	izdržavanja	I jd	izdržavanjem	
odstranjivanje	342	odstranjivanja	D/L jd	odstranjivanju	
odstranjivanje	342	odstranjivanja	I jd	odstranjivanjem	
mršavljenje	337	mršavljenja	D/L jd	mršavljenju	
mršavljenje	337	mršavljenja	I jd	mršavljenjem	
knjiženje	336	knjiženja	I jd	knjiženjem	
kupalište	335	kupališta	I jd	kupalištem	
promišljanje	334	promišljanja	I jd	promišljanjem	
savezništvo	334	savezništva	I jd	savezništvom	
snalaženje	334	snalaženja	I jd	snalaženjem	
podržavanje	332	podržavanja	I jd	podržavanjem	
učitavanje	332	učitavanja	D/L jd	učitavanju	
učitavanje	332	učitavanja	I jd	učitavanjem	
zatišje	332	zatišja	I jd	zatišjem	
punomoćje	331	punomoćja	D/L jd	punomoćju	
odojče	330	odojčeta	I jd	odojčetom	proširena osnova
pridruživanje	328	pridruživanja	I jd	pridruživanjem	
samoupravljanje	328	samoupravljanja	I jd	samoupravljanjem	
bdenije	327	bdenija	I jd	bdenijem	
odličje	325	odličja	D/L jd	odličju	
prepucavanje	323	prepucavanja	D/L jd	prepucavanju	
prepucavanje	323	prepucavanja	I jd	prepucavanjem	
radovanje	323	radovanja	D/L jd	radovanju	
radovanje	323	radovanja	I jd	radovanjem	
razgraničenje	323	razgraničenja	D/L jd	razgraničenju	
razgraničenje	323	razgraničenja	I jd	razgraničenjem	
forsiranje	321	forsiranja	D/L jd	forsiranju	
forsiranje	321	forsiranja	I jd	forsiranjem	
otkrivenje	321	otkrivenja	I jd	otkrivenjem	
pojašnjenje	317	pojašnjenja	D/L jd	pojašnjenju	
pojašnjenje	317	pojašnjenja	I jd	pojašnjenjem	
svratište	317	svratišta	I jd	svratištem	
filtriranje	313	filtriranja	D/L jd	filtriranju	
poigravanje	313	poigravanja	I jd	poigravanjem	
pače	312	pačeta	I jd	pačetom	proširena osnova
arhiviranje	311	arhiviranja	D/L jd	arhiviranju	
arhiviranje	311	arhiviranja	I jd	arhiviranjem	
čvorište	311	čvorišta	I jd	čvorištem	
komuniciranje	308	komuniciranja	D/L jd	komuniciranju	
komuniciranje	308	komuniciranja	I jd	komuniciranjem	
trojstvo	304	trojstva	I jd	trojstvom	
prepuštanje	301	prepuštanja	I jd	prepuštanjem	
ugovaranje	301	ugovaranja	I jd	ugovaranjem	
iskazivanje	300	iskazivanja	I jd	iskazivanjem	
voćarstvo	300	voćarstva	I jd	voćarstvom	
anketiranje	298	anketiranja	D/L jd	anketiranju	
anketiranje	298	anketiranja	I jd	anketiranjem	
geslo	298	gesla	D/L jd	geslu	
pomagalo	294	pomagala	D/L jd	pomagalu	
pomagalo	294	pomagala	I jd	pomagalom	
bodovanje	292	bodovanja	D/L jd	bodovanju	
bodovanje	292	bodovanja	I jd	bodovanjem	
zrnce	292	zrnca	D/L jd	zrncu	
podmlađivanje	291	podmlađivanja	D/L jd	podmlađivanju	
podmlađivanje	291	podmlađivanja	I jd	podmlađivanjem	
jednoumlje	290	jednoumlja	I jd	jednoumljem	
nagrađivanje	290	nagrađivanja	D/L jd	nagrađivanju	
nagrađivanje	290	nagrađivanja	I jd	nagrađivanjem	
vojvodstvo	288	vojvodstva	I jd	vojvodstvom	
brodogradilište	287	brodogradilišta	I jd	brodogradilištem	
košenje	287	košenja	I jd	košenjem	
dugovanje	285	dugovanja	I jd	dugovanjem	
đubrenje	285	đubrenja	D/L jd	đubrenju	
đubrenje	285	đubrenja	I jd	đubrenjem	
postignuće	283	postignuća	I jd	postignućem	
prebrojavanje	283	prebrojavanja	D/L jd	prebrojavanju	
ubrizgavanje	281	ubrizgavanja	D/L jd	ubrizgavanju	
zaostajanje	281	zaostajanja	I jd	zaostajanjem	
klizište	280	klizišta	D/L jd	klizištu	
klizište	280	klizišta	I jd	klizištem	
stezanje	280	stezanja	I jd	stezanjem	
praznovanje	278	praznovanja	I jd	praznovanjem	
pristajanje	277	pristajanja	I jd	pristajanjem	
sortiranje	275	sortiranja	I jd	sortiranjem	
analiziranje	274	analiziranja	D/L jd	analiziranju	
analiziranje	274	analiziranja	I jd	analiziranjem	
kijanje	274	kijanja	D/L jd	kijanju	
skrnavljenje	273	skrnavljenja	I jd	skrnavljenjem	
uzdržavanje	272	uzdržavanja	I jd	uzdržavanjem	
ispuštanje	271	ispuštanja	D/L jd	ispuštanju	
izračunavanje	271	izračunavanja	D/L jd	izračunavanju	
izračunavanje	271	izračunavanja	I jd	izračunavanjem	
prepisivanje	271	prepisivanja	I jd	prepisivanjem	
eksperimentisanje	270	eksperimentisanja	I jd	eksperimentisanjem	
zimovanje	269	zimovanja	I jd	zimovanjem	
iživljavanje	268	iživljavanja	D/L jd	iživljavanju	
iživljavanje	268	iživljavanja	I jd	iživljavanjem	
balansiranje	267	balansiranja	D/L jd	balansiranju	
balansiranje	267	balansiranja	I jd	balansiranjem	
veto	266	veta	D/L jd	vetu	
veto	266	veta	I jd	vetom	
sponzorstvo	264	sponzorstva	I jd	sponzorstvom	
lečilište	263	lečilišta	I jd	lečilištem	
maslo	262	masla	D/L jd	maslu	
suženje	262	suženja	D/L jd	suženju	
suženje	262	suženja	I jd	suženjem	
poslanstvo	261	poslanstva	I jd	poslanstvom	
uslovljavanje	259	uslovljavanja	D/L jd	uslovljavanju	
uslovljavanje	259	uslovljavanja	I jd	uslovljavanjem	
orezivanje	258	orezivanja	D/L jd	orezivanju	
peglanje	258	peglanja	D/L jd	peglanju	
peglanje	258	peglanja	I jd	peglanjem	
telefoniranje	258	telefoniranja	D/L jd	telefoniranju	
telefoniranje	258	telefoniranja	I jd	telefoniranjem	
ukrašavanje	257	ukrašavanja	I jd	ukrašavanjem	
materinstvo	255	materinstva	D/L jd	materinstvu	
materinstvo	255	materinstva	I jd	materinstvom	
psovanje	255	psovanja	D/L jd	psovanju	
vinogradarstvo	254	vinogradarstva	D/L jd	vinogradarstvu	
vinogradarstvo	254	vinogradarstva	I jd	vinogradarstvom	
iniciranje	253	iniciranja	I jd	iniciranjem	
tele	251	teleta	I jd	teletom	proširena osnova
ticalo	251	ticala	D/L jd	ticalu	
ticalo	251	ticala	I jd	ticalom	
presvlačenje	248	presvlačenja	D/L jd	presvlačenju	
razbojništvo	247	razbojništva	D/L jd	razbojništvu	
razbojništvo	247	razbojništva	I jd	razbojništvom	
belance	246	belanca	D/L jd	belancu	
belance	246	belanca	I jd	belancem	
zahlađenje	246	zahlađenja	D/L jd	zahlađenju	
ovaploćenje	244	ovaploćenja	I jd	ovaploćenjem	
tuce	243	tuceta	D/L jd	tucetu	proširena osnova
nagomilavanje	242	nagomilavanja	D/L jd	nagomilavanju	
nagomilavanje	242	nagomilavanja	I jd	nagomilavanjem	
proveravanje	242	proveravanja	I jd	proveravanjem	
pregledanje	240	pregledanja	I jd	pregledanjem	
jedrenje	239	jedrenja	I jd	jedrenjem	
poliranje	239	poliranja	I jd	poliranjem	
prekrajanje	238	prekrajanja	I jd	prekrajanjem	
zavarivanje	238	zavarivanja	D/L jd	zavarivanju	
zavarivanje	238	zavarivanja	I jd	zavarivanjem	
branje	237	branja	I jd	branjem	
paparaco	233	paparaca	D/L jd	paparacu	
paparaco	233	paparaca	I jd	paparacem	
pikado	233	pikada	I jd	pikadom	
ispovedanje	232	ispovedanja	D/L jd	ispovedanju	
ispovedanje	232	ispovedanja	I jd	ispovedanjem	
manipulisanje	232	manipulisanja	D/L jd	manipulisanju	
manipulisanje	232	manipulisanja	I jd	manipulisanjem	
gledalište	231	gledališta	I jd	gledalištem	
sučeljavanje	231	sučeljavanja	I jd	sučeljavanjem	
mazanje	230	mazanja	D/L jd	mazanju	
sahranjivanje	229	sahranjivanja	D/L jd	sahranjivanju	
sahranjivanje	229	sahranjivanja	I jd	sahranjivanjem	
ležanje	228	ležanja	D/L jd	ležanju	
propuštanje	226	propuštanja	D/L jd	propuštanju	
propuštanje	226	propuštanja	I jd	propuštanjem	
saopštavanje	225	saopštavanja	D/L jd	saopštavanju	
saopštavanje	225	saopštavanja	I jd	saopštavanjem	
poletanje	224	poletanja	I jd	poletanjem	
preuzeće	224	preuzeća	I jd	preuzećem	
ohrabrivanje	221	ohrabrivanja	D/L jd	ohrabrivanju	
ohrabrivanje	221	ohrabrivanja	I jd	ohrabrivanjem	
čupanje	221	čupanja	D/L jd	čupanju	
čupanje	221	čupanja	I jd	čupanjem	
cimanje	219	cimanja	D/L jd	cimanju	
cimanje	219	cimanja	I jd	cimanjem	
dopisivanje	218	dopisivanja	I jd	dopisivanjem	
ogledalce	218	ogledalca	D/L jd	ogledalcu	
ogledalce	218	ogledalca	I jd	ogledalcem	
obilježje	217	obilježja	D/L jd	obilježju	
mlaćenje	216	mlaćenja	D/L jd	mlaćenju	
motivisanje	216	motivisanja	D/L jd	motivisanju	
motivisanje	216	motivisanja	I jd	motivisanjem	
prozivanje	216	prozivanja	D/L jd	prozivanju	
leglo	215	legla	I jd	leglom	
neiskustvo	215	neiskustva	I jd	neiskustvom	
preticanje	215	preticanja	D/L jd	preticanju	
preticanje	215	preticanja	I jd	preticanjem	
priobalje	215	priobalja	I jd	priobaljem	
otopljavanje	214	otopljavanja	I jd	otopljavanjem	
grickanje	213	grickanja	D/L jd	grickanju	
grickanje	213	grickanja	I jd	grickanjem	
devojče	212	devojčeta	D/L jd	devojčetu	proširena osnova
izlučivanje	210	izlučivanja	D/L jd	izlučivanju	
izlučivanje	210	izlučivanja	I jd	izlučivanjem	
poklanjanje	210	poklanjanja	D/L jd	poklanjanju	
zagađivanje	210	zagađivanja	I jd	zagađivanjem	
dobročinstvo	208	dobročinstva	I jd	dobročinstvom	
etiketiranje	208	etiketiranja	D/L jd	etiketiranju	
etiketiranje	208	etiketiranja	I jd	etiketiranjem	
nastavljanje	208	nastavljanja	I jd	nastavljanjem	
odmeravanje	208	odmeravanja	I jd	odmeravanjem	
presađivanje	208	presađivanja	D/L jd	presađivanju	
računalo	208	računala	I jd	računalom	
osvežavanje	207	osvežavanja	I jd	osvežavanjem	
vaznesenje	206	vaznesenja	I jd	vaznesenjem	
zabavište	206	zabavišta	I jd	zabavištem	
origano	204	origana	D/L jd	origanu	
polugodište	204	polugodišta	I jd	polugodištem	
presecanje	202	presecanja	I jd	presecanjem	
udisanje	201	udisanja	D/L jd	udisanju	
lajanje	200	lajanja	D/L jd	lajanju	
preklapanje	200	preklapanja	I jd	preklapanjem	
sisanje	200	sisanja	D/L jd	sisanju	
vrenje	200	vrenja	I jd	vrenjem	
formatiranje	199	formatiranja	D/L jd	formatiranju	
formatiranje	199	formatiranja	I jd	formatiranjem	
rezonovanje	199	rezonovanja	I jd	rezonovanjem	
drhtanje	198	drhtanja	D/L jd	drhtanju	
drhtanje	198	drhtanja	I jd	drhtanjem	
magare	197	magareta	I jd	magaretom	proširena osnova
mestašce	197	mestašca	I jd	mestašcem	
svrstavanje	197	svrstavanja	I jd	svrstavanjem	
nasleđivanje	196	nasleđivanja	I jd	nasleđivanjem	
žvakanje	194	žvakanja	D/L jd	žvakanju	
lupetanje	192	lupetanja	D/L jd	lupetanju	
lupetanje	192	lupetanja	I jd	lupetanjem	
oblaganje	192	oblaganja	I jd	oblaganjem	
regrutovanje	192	regrutovanja	I jd	regrutovanjem	
pribežište	191	pribežišta	I jd	pribežištem	
obmanjivanje	189	obmanjivanja	I jd	obmanjivanjem	
raspuštanje	189	raspuštanja	I jd	raspuštanjem	
isparavanje	188	isparavanja	I jd	isparavanjem	
majčinstvo	187	majčinstva	I jd	majčinstvom	
odvikavanje	187	odvikavanja	I jd	odvikavanjem	
autorstvo	186	autorstva	I jd	autorstvom	
ostajanje	186	ostajanja	I jd	ostajanjem	
seoce	184	seoca	I jd	seocem	
kopile	181	kopila	D/L jd	kopilu	
kopile	181	kopila	I jd	kopilem	
libero	181	libera	D/L jd	liberu	
libero	181	libera	I jd	liberom	
neraspoloženje	181	neraspoloženja	D/L jd	neraspoloženju	
neraspoloženje	181	neraspoloženja	I jd	neraspoloženjem	
usisavanje	181	usisavanja	D/L jd	usisavanju	
dopunjavanje	180	dopunjavanja	I jd	dopunjavanjem	
espreso	180	espresa	D/L jd	espresu	
espreso	180	espresa	I jd	espresom	
ispisivanje	180	ispisivanja	D/L jd	ispisivanju	
ispisivanje	180	ispisivanja	I jd	ispisivanjem	
podmazivanje	180	podmazivanja	D/L jd	podmazivanju	
podmazivanje	180	podmazivanja	I jd	podmazivanjem	
ojačavanje	179	ojačavanja	I jd	ojačavanjem	
uzemljenje	179	uzemljenja	D/L jd	uzemljenju	
zadrugarstvo	178	zadrugarstva	D/L jd	zadrugarstvu	
zadrugarstvo	178	zadrugarstva	I jd	zadrugarstvom	
čitalište	178	čitališta	I jd	čitalištem	
granatiranje	177	granatiranja	D/L jd	granatiranju	
jutrenje	177	jutrenja	I jd	jutrenjem	
naplaćivanje	177	naplaćivanja	D/L jd	naplaćivanju	
naplaćivanje	177	naplaćivanja	I jd	naplaćivanjem	
obrezivanje	177	obrezivanja	I jd	obrezivanjem	
olakšavanje	175	olakšavanja	I jd	olakšavanjem	
pomodarstvo	175	pomodarstva	D/L jd	pomodarstvu	
doseljavanje	173	doseljavanja	I jd	doseljavanjem	
fiksiranje	173	fiksiranja	D/L jd	fiksiranju	
fiksiranje	173	fiksiranja	I jd	fiksiranjem	
raseljavanje	173	raseljavanja	I jd	raseljavanjem	
useljenje	172	useljenja	I jd	useljenjem	
zarastanje	172	zarastanja	I jd	zarastanjem	
geto	169	geta	I jd	getom	
tromesečje	169	tromesečja	I jd	tromesečjem	
šetanje	168	šetanja	I jd	šetanjem	
administriranje	167	administriranja	I jd	administriranjem	
granje	167	granja	D/L jd	granju	
jezerce	167	jezerca	I jd	jezercem	
pozajmljivanje	166	pozajmljivanja	D/L jd	pozajmljivanju	
ljuljanje	165	ljuljanja	I jd	ljuljanjem	
odmrzavanje	165	odmrzavanja	I jd	odmrzavanjem	
predskazanje	164	predskazanja	I jd	predskazanjem	
raščišćavanje	164	raščišćavanja	D/L jd	raščišćavanju	
raščišćavanje	164	raščišćavanja	I jd	raščišćavanjem	
smaranje	164	smaranja	D/L jd	smaranju	
smaranje	164	smaranja	I jd	smaranjem	
bratimljenje	163	bratimljenja	I jd	bratimljenjem	
kampovanje	163	kampovanja	I jd	kampovanjem	
pokućstvo	163	pokućstva	D/L jd	pokućstvu	
razjašnjenje	162	razjašnjenja	I jd	razjašnjenjem	
ostrvce	161	ostrvca	I jd	ostrvcem	
parkiralište	161	parkirališta	I jd	parkiralištem	
janje	160	janjeta	D/L jd	janjetu	proširena osnova
janje	160	janjeta	I jd	janjetom	proširena osnova
skandiranje	160	skandiranja	D/L jd	skandiranju	
skandiranje	160	skandiranja	I jd	skandiranjem	
figaro	159	figara	D/L jd	figaru	
figaro	159	figara	I jd	figarom	
violončelo	159	violončela	I jd	violončelom	
završavanje	159	završavanja	I jd	završavanjem	
isterivanje	158	isterivanja	I jd	isterivanjem	
starešinstvo	158	starešinstva	I jd	starešinstvom	
zavijanje	158	zavijanja	D/L jd	zavijanju	
mucanje	157	mucanja	D/L jd	mucanju	
preuređenje	157	preuređenja	I jd	preuređenjem	
razmeštanje	156	razmeštanja	I jd	razmeštanjem	
dogovaranje	155	dogovaranja	I jd	dogovaranjem	
mentorstvo	153	mentorstva	D/L jd	mentorstvu	
mentorstvo	153	mentorstva	I jd	mentorstvom	
skrovište	153	skrovišta	I jd	skrovištem	
brušenje	152	brušenja	D/L jd	brušenju	
licitiranje	152	licitiranja	I jd	licitiranjem	
prisustvovanje	152	prisustvovanja	D/L jd	prisustvovanju	
prisustvovanje	152	prisustvovanja	I jd	prisustvovanjem	
odmorište	151	odmorišta	I jd	odmorištem	
očišćenje	151	očišćenja	D/L jd	očišćenju	
uznemirenje	151	uznemirenja	I jd	uznemirenjem	
neverstvo	150	neverstva	I jd	neverstvom	
uvežbavanje	150	uvežbavanja	I jd	uvežbavanjem	
deponovanje	149	deponovanja	I jd	deponovanjem	
namirenje	149	namirenja	I jd	namirenjem	
kvarenje	148	kvarenja	I jd	kvarenjem	
sađenje	148	sađenja	I jd	sađenjem	
tetoviranje	148	tetoviranja	D/L jd	tetoviranju	
tetoviranje	148	tetoviranja	I jd	tetoviranjem	
afirmisanje	147	afirmisanja	I jd	afirmisanjem	
ulepšavanje	147	ulepšavanja	I jd	ulepšavanjem	
podrhtavanje	146	podrhtavanja	D/L jd	podrhtavanju	
podrhtavanje	146	podrhtavanja	I jd	podrhtavanjem	
mučeništvo	145	mučeništva	I jd	mučeništvom	
pretresanje	145	pretresanja	I jd	pretresanjem	
obilaženje	144	obilaženja	D/L jd	obilaženju	
osiguravanje	144	osiguravanja	D/L jd	osiguravanju	
osiguravanje	144	osiguravanja	I jd	osiguravanjem	
pročišćenje	144	pročišćenja	I jd	pročišćenjem	
zaljubljivanje	144	zaljubljivanja	I jd	zaljubljivanjem	
upošljavanje	143	upošljavanja	I jd	upošljavanjem	
kritikovanje	142	kritikovanja	D/L jd	kritikovanju	
kritikovanje	142	kritikovanja	I jd	kritikovanjem	
otpočinjanje	142	otpočinjanja	D/L jd	otpočinjanju	
otpočinjanje	142	otpočinjanja	I jd	otpočinjanjem	
treperenje	142	treperenja	D/L jd	treperenju	
uručivanje	142	uručivanja	I jd	uručivanjem	
zatiranje	142	zatiranja	I jd	zatiranjem	
foliranje	141	foliranja	D/L jd	foliranju	
foliranje	141	foliranja	I jd	foliranjem	
odvodnjavanje	141	odvodnjavanja	D/L jd	odvodnjavanju	
odvodnjavanje	141	odvodnjavanja	I jd	odvodnjavanjem	
vinogorje	141	vinogorja	I jd	vinogorjem	
animiranje	140	animiranja	I jd	animiranjem	
navikavanje	140	navikavanja	I jd	navikavanjem	
odigravanje	140	odigravanja	I jd	odigravanjem	
pseto	140	pseta	D/L jd	psetu	
svanuće	138	svanuća	I jd	svanućem	
čistilište	138	čistilišta	I jd	čistilištem	
dekodiranje	137	dekodiranja	I jd	dekodiranjem	
doterivanje	137	doterivanja	I jd	doterivanjem	
nakupljanje	137	nakupljanja	D/L jd	nakupljanju	
nakupljanje	137	nakupljanja	I jd	nakupljanjem	
otapanje	137	otapanja	D/L jd	otapanju	
razvlačenje	137	razvlačenja	I jd	razvlačenjem	
betoniranje	136	betoniranja	D/L jd	betoniranju	
betoniranje	136	betoniranja	I jd	betoniranjem	
osiromašenje	136	osiromašenja	D/L jd	osiromašenju	
osiromašenje	136	osiromašenja	I jd	osiromašenjem	
požrtvovanje	136	požrtvovanja	I jd	požrtvovanjem	
redukovanje	136	redukovanja	D/L jd	redukovanju	
redukovanje	136	redukovanja	I jd	redukovanjem	
osamostaljivanje	135	osamostaljivanja	I jd	osamostaljivanjem	
ranjavanje	135	ranjavanja	I jd	ranjavanjem	
nerviranje	134	nerviranja	I jd	nerviranjem	
obračunavanje	134	obračunavanja	D/L jd	obračunavanju	
obračunavanje	134	obračunavanja	I jd	obračunavanjem	
trljanje	134	trljanja	D/L jd	trljanju	
iscrpljivanje	133	iscrpljivanja	D/L jd	iscrpljivanju	
iscrpljivanje	133	iscrpljivanja	I jd	iscrpljivanjem	
iskrcavanje	133	iskrcavanja	I jd	iskrcavanjem	
isušivanje	133	isušivanja	D/L jd	isušivanju	
isušivanje	133	isušivanja	I jd	isušivanjem	
ograđivanje	133	ograđivanja	D/L jd	ograđivanju	
ograđivanje	133	ograđivanja	I jd	ograđivanjem	
reprogramiranje	133	reprogramiranja	D/L jd	reprogramiranju	
reprogramiranje	133	reprogramiranja	I jd	reprogramiranjem	
češljanje	133	češljanja	I jd	češljanjem	
idolopoklonstvo	132	idolopoklonstva	D/L jd	idolopoklonstvu	
idolopoklonstvo	132	idolopoklonstva	I jd	idolopoklonstvom	
naoružavanje	132	naoružavanja	D/L jd	naoružavanju	
naoružavanje	132	naoružavanja	I jd	naoružavanjem	
saučesništvo	132	saučesništva	D/L jd	saučesništvu	
saučesništvo	132	saučesništva	I jd	saučesništvom	
sumiranje	132	sumiranja	I jd	sumiranjem	
usporenje	132	usporenja	D/L jd	usporenju	
usporenje	132	usporenja	I jd	usporenjem	
hraniteljstvo	131	hraniteljstva	D/L jd	hraniteljstvu	
hraniteljstvo	131	hraniteljstva	I jd	hraniteljstvom	
sopstvo	130	sopstva	I jd	sopstvom	
katoličanstvo	129	katoličanstva	D/L jd	katoličanstvu	
katoličanstvo	129	katoličanstva	I jd	katoličanstvom	
ubiranje	129	ubiranja	I jd	ubiranjem	
zadebljanje	129	zadebljanja	D/L jd	zadebljanju	
komandovanje	128	komandovanja	I jd	komandovanjem	
korigovanje	128	korigovanja	I jd	korigovanjem	
ojačanje	128	ojačanja	D/L jd	ojačanju	
ojačanje	128	ojačanja	I jd	ojačanjem	
startovanje	128	startovanja	I jd	startovanjem	
šivenje	128	šivenja	I jd	šivenjem	
divljaštvo	127	divljaštva	D/L jd	divljaštvu	
dobacivanje	127	dobacivanja	D/L jd	dobacivanju	
dobacivanje	127	dobacivanja	I jd	dobacivanjem	
uparivanje	127	uparivanja	D/L jd	uparivanju	
uparivanje	127	uparivanja	I jd	uparivanjem	
rasipništvo	126	rasipništva	D/L jd	rasipništvu	
rasipništvo	126	rasipništva	I jd	rasipništvom	
zavaravanje	126	zavaravanja	I jd	zavaravanjem	
suparništvo	124	suparništva	D/L jd	suparništvu	
suparništvo	124	suparništva	I jd	suparništvom	
ujednačavanje	124	ujednačavanja	D/L jd	ujednačavanju	
ujednačavanje	124	ujednačavanja	I jd	ujednačavanjem	
eldorado	123	eldorada	I jd	eldoradom	
izuzimanje	123	izuzimanja	I jd	izuzimanjem	
podvlačenje	123	podvlačenja	I jd	podvlačenjem	
preoblikovanje	123	preoblikovanja	D/L jd	preoblikovanju	
provlačenje	123	provlačenja	I jd	provlačenjem	
torzo	123	torza	I jd	torzom	
vašarište	123	vašarišta	I jd	vašarištem	
zaptivanje	123	zaptivanja	D/L jd	zaptivanju	
zaptivanje	123	zaptivanja	I jd	zaptivanjem	
blaćenje	122	blaćenja	D/L jd	blaćenju	
blaćenje	122	blaćenja	I jd	blaćenjem	
izostajanje	122	izostajanja	I jd	izostajanjem	
kadriranje	122	kadriranja	D/L jd	kadriranju	
kadriranje	122	kadriranja	I jd	kadriranjem	
radništvo	122	radništva	I jd	radništvom	
talasanje	122	talasanja	I jd	talasanjem	
ucenjivanje	122	ucenjivanja	I jd	ucenjivanjem	
svetogrđe	121	svetogrđa	D/L jd	svetogrđu	
taloženje	121	taloženja	D/L jd	taloženju	
viđanje	121	viđanja	I jd	viđanjem	
preslikavanje	120	preslikavanja	I jd	preslikavanjem	
presretanje	120	presretanja	I jd	presretanjem	
selište	120	selišta	I jd	selištem	
sučelje	120	sučelja	I jd	sučeljem	
ustoličenje	120	ustoličenja	I jd	ustoličenjem	
zapisivanje	120	zapisivanja	I jd	zapisivanjem	
goveče	119	govečeta	D/L jd	govečetu	proširena osnova
optuživanje	119	optuživanja	I jd	optuživanjem	
salto	119	salta	D/L jd	saltu	
salto	119	salta	I jd	saltom	
zakucavanje	119	zakucavanja	D/L jd	zakucavanju	
zakucavanje	119	zakucavanja	I jd	zakucavanjem	
obuzdavanje	118	obuzdavanja	I jd	obuzdavanjem	
habanje	117	habanja	D/L jd	habanju	
habanje	117	habanja	I jd	habanjem	
iščitavanje	117	iščitavanja	I jd	iščitavanjem	
stampedo	117	stampeda	I jd	stampedom	
mezimče	116	mezimčeta	D/L jd	mezimčetu	proširena osnova
mezimče	116	mezimčeta	I jd	mezimčetom	proširena osnova
zaobilaženje	116	zaobilaženja	D/L jd	zaobilaženju	
posećivanje	115	posećivanja	I jd	posećivanjem	
zrnevlje	115	zrnevlja	D/L jd	zrnevlju	
zrnevlje	115	zrnevlja	I jd	zrnevljem	
poveravanje	114	poveravanja	I jd	poveravanjem	
tolerisanje	114	tolerisanja	D/L jd	tolerisanju	
tolerisanje	114	tolerisanja	I jd	tolerisanjem	
zataškavanje	114	zataškavanja	I jd	zataškavanjem	
zevanje	114	zevanja	D/L jd	zevanju	
bivstvovanje	113	bivstvovanja	I jd	bivstvovanjem	
muljanje	113	muljanja	D/L jd	muljanju	
muljanje	113	muljanja	I jd	muljanjem	
neutrino	113	neutrina	D/L jd	neutrinu	
neutrino	113	neutrina	I jd	neutrinom	
postanje	113	postanja	I jd	postanjem	
prosjačenje	113	prosjačenja	D/L jd	prosjačenju	
prosjačenje	113	prosjačenja	I jd	prosjačenjem	
stovarište	113	stovarišta	I jd	stovarištem	
odmaranje	112	odmaranja	I jd	odmaranjem	
ustanovljenje	112	ustanovljenja	D/L jd	ustanovljenju	
isprobavanje	111	isprobavanja	D/L jd	isprobavanju	
isprobavanje	111	isprobavanja	I jd	isprobavanjem	
traćenje	111	traćenja	I jd	traćenjem	
uzvišenje	111	uzvišenja	I jd	uzvišenjem	
perce	110	perca	D/L jd	percu	
perce	110	perca	I jd	percem	
rižoto	110	rižota	D/L jd	rižotu	
rižoto	110	rižota	I jd	rižotom	
štucanje	110	štucanja	D/L jd	štucanju	
štucanje	110	štucanja	I jd	štucanjem	
bankrotstvo	109	bankrotstva	D/L jd	bankrotstvu	
bankrotstvo	109	bankrotstva	I jd	bankrotstvom	
obolenje	108	obolenja	D/L jd	obolenju	
saborovanje	108	saborovanja	I jd	saborovanjem	
tapšanje	108	tapšanja	D/L jd	tapšanju	
lovstvo	107	lovstva	I jd	lovstvom	
nenasilje	107	nenasilja	I jd	nenasiljem	
puzanje	107	puzanja	I jd	puzanjem	
srozavanje	107	srozavanja	I jd	srozavanjem	
govedo	106	goveda	I jd	govedom	
neshvatanje	106	neshvatanja	I jd	neshvatanjem	
porobljavanje	106	porobljavanja	D/L jd	porobljavanju	
porobljavanje	106	porobljavanja	I jd	porobljavanjem	
uginuće	106	uginuća	D/L jd	uginuću	
uginuće	106	uginuća	I jd	uginućem	
uterivanje	106	uterivanja	I jd	uterivanjem	
prisiljavanje	105	prisiljavanja	D/L jd	prisiljavanju	
prisiljavanje	105	prisiljavanja	I jd	prisiljavanjem	
revidiranje	105	revidiranja	I jd	revidiranjem	
zastupništvo	105	zastupništva	I jd	zastupništvom	
profilisanje	104	profilisanja	D/L jd	profilisanju	
profilisanje	104	profilisanja	I jd	profilisanjem	
punoletstvo	104	punoletstva	D/L jd	punoletstvu	
punoletstvo	104	punoletstva	I jd	punoletstvom	
sporazumevanje	104	sporazumevanja	D/L jd	sporazumevanju	
sporazumevanje	104	sporazumevanja	I jd	sporazumevanjem	
struganje	104	struganja	I jd	struganjem	
zastarevanje	104	zastarevanja	D/L jd	zastarevanju	
zastarevanje	104	zastarevanja	I jd	zastarevanjem	
izaslanstvo	103	izaslanstva	D/L jd	izaslanstvu	
izaslanstvo	103	izaslanstva	I jd	izaslanstvom	
naelektrisanje	103	naelektrisanja	D/L jd	naelektrisanju	
naelektrisanje	103	naelektrisanja	I jd	naelektrisanjem	
naginjanje	103	naginjanja	D/L jd	naginjanju	
naginjanje	103	naginjanja	I jd	naginjanjem	
otkopavanje	103	otkopavanja	I jd	otkopavanjem	
preopterećenje	103	preopterećenja	D/L jd	preopterećenju	
preopterećenje	103	preopterećenja	I jd	preopterećenjem	
pretakanje	103	pretakanja	D/L jd	pretakanju	
smilje	103	smilja	I jd	smiljem	
uhlebljenje	103	uhlebljenja	D/L jd	uhlebljenju	
uhlebljenje	103	uhlebljenja	I jd	uhlebljenjem	
izrugivanje	102	izrugivanja	I jd	izrugivanjem	
praskozorje	102	praskozorja	D/L jd	praskozorju	
praskozorje	102	praskozorja	I jd	praskozorjem	
zahvatanje	102	zahvatanja	D/L jd	zahvatanju	
zahvatanje	102	zahvatanja	I jd	zahvatanjem	
zamaranje	102	zamaranja	D/L jd	zamaranju	
zamaranje	102	zamaranja	I jd	zamaranjem	
začepljenje	102	začepljenja	D/L jd	začepljenju	
začepljenje	102	začepljenja	I jd	začepljenjem	
raspravljanje	101	raspravljanja	I jd	raspravljanjem	
žrebanje	101	žrebanja	D/L jd	žrebanju	
iskakanje	100	iskakanja	D/L jd	iskakanju	
kulinarstvo	99	kulinarstva	I jd	kulinarstvom	
posluživanje	99	posluživanja	D/L jd	posluživanju	
posluživanje	99	posluživanja	I jd	posluživanjem	
sneško	99	sneška	D/L jd	snešku	
sneško	99	sneška	I jd	sneškom	
bezvlašće	98	bezvlašća	I jd	bezvlašćem	
iščašenje	98	iščašenja	D/L jd	iščašenju	
iščašenje	98	iščašenja	I jd	iščašenjem	
mazivo	98	maziva	D/L jd	mazivu	
ravnanje	98	ravnanja	I jd	ravnanjem	
jajce	97	jajca	I jd	jajcem	
loženje	97	loženja	D/L jd	loženju	
loženje	97	loženja	I jd	loženjem	
prostiranje	97	prostiranja	I jd	prostiranjem	
dvojstvo	96	dvojstva	I jd	dvojstvom	
pobijanje	96	pobijanja	I jd	pobijanjem	
posipanje	96	posipanja	I jd	posipanjem	
prosipanje	96	prosipanja	D/L jd	prosipanju	
prosipanje	96	prosipanja	I jd	prosipanjem	
pumpanje	96	pumpanja	D/L jd	pumpanju	
rende	96	rendeta	D/L jd	rendetu	proširena osnova
rende	96	rendeta	I jd	rendetom	proširena osnova
zapomaganje	96	zapomaganja	D/L jd	zapomaganju	
zapomaganje	96	zapomaganja	I jd	zapomaganjem	
podrigivanje	95	podrigivanja	I jd	podrigivanjem	
nazadovanje	94	nazadovanja	I jd	nazadovanjem	
pokoravanje	94	pokoravanja	I jd	pokoravanjem	
poziranje	94	poziranja	D/L jd	poziranju	
pritvaranje	94	pritvaranja	D/L jd	pritvaranju	
pritvaranje	94	pritvaranja	I jd	pritvaranjem	
strahopoštovanje	94	strahopoštovanja	D/L jd	strahopoštovanju	
upijanje	94	upijanja	D/L jd	upijanju	
upijanje	94	upijanja	I jd	upijanjem	
doniranje	93	doniranja	D/L jd	doniranju	
doniranje	93	doniranja	I jd	doniranjem	
dozivanje	93	dozivanja	D/L jd	dozivanju	
dozivanje	93	dozivanja	I jd	dozivanjem	
isecanje	93	isecanja	D/L jd	isecanju	
isecanje	93	isecanja	I jd	isecanjem	
obolevanje	93	obolevanja	I jd	obolevanjem	
usitnjavanje	93	usitnjavanja	I jd	usitnjavanjem	
prelamanje	92	prelamanja	I jd	prelamanjem	
rotiranje	92	rotiranja	I jd	rotiranjem	
spremište	92	spremišta	I jd	spremištem	
zaklinjanje	92	zaklinjanja	I jd	zaklinjanjem	
izmirivanje	91	izmirivanja	I jd	izmirivanjem	
posrnuće	91	posrnuća	I jd	posrnućem	
putešestvije	91	putešestvija	D/L jd	putešestviju	
putešestvije	91	putešestvija	I jd	putešestvijem	
češanje	91	češanja	D/L jd	češanju	
češanje	91	češanja	I jd	češanjem	
dopuštanje	90	dopuštanja	I jd	dopuštanjem	
izgnanstvo	90	izgnanstva	I jd	izgnanstvom	
muziciranje	90	muziciranja	I jd	muziciranjem	
podilaženje	90	podilaženja	I jd	podilaženjem	
zadiranje	90	zadiranja	D/L jd	zadiranju	
zadiranje	90	zadiranja	I jd	zadiranjem	
intermeco	89	intermeca	I jd	intermecem	
nevaspitanje	89	nevaspitanja	D/L jd	nevaspitanju	
nevaspitanje	89	nevaspitanja	I jd	nevaspitanjem	
pozdravljanje	89	pozdravljanja	D/L jd	pozdravljanju	
pozdravljanje	89	pozdravljanja	I jd	pozdravljanjem	
sačinjavanje	89	sačinjavanja	I jd	sačinjavanjem	
uvrtanje	89	uvrtanja	D/L jd	uvrtanju	
pročišćavanje	88	pročišćavanja	D/L jd	pročišćavanju	
pročišćavanje	88	pročišćavanja	I jd	pročišćavanjem	
zaglupljivanje	88	zaglupljivanja	D/L jd	zaglupljivanju	
zaglupljivanje	88	zaglupljivanja	I jd	zaglupljivanjem	
zagušenje	88	zagušenja	D/L jd	zagušenju	
zagušenje	88	zagušenja	I jd	zagušenjem	
šamaranje	88	šamaranja	D/L jd	šamaranju	
brodarstvo	87	brodarstva	I jd	brodarstvom	
iscrtavanje	87	iscrtavanja	I jd	iscrtavanjem	
markiranje	87	markiranja	D/L jd	markiranju	
markiranje	87	markiranja	I jd	markiranjem	
popisivanje	87	popisivanja	I jd	popisivanjem	
razilaženje	87	razilaženja	I jd	razilaženjem	
ugnjetavanje	87	ugnjetavanja	I jd	ugnjetavanjem	
izolovanje	86	izolovanja	D/L jd	izolovanju	
izolovanje	86	izolovanja	I jd	izolovanjem	
kalemljenje	86	kalemljenja	D/L jd	kalemljenju	
nabijanje	86	nabijanja	D/L jd	nabijanju	
tepanje	86	tepanja	D/L jd	tepanju	
zarobljavanje	86	zarobljavanja	I jd	zarobljavanjem	
esperanto	85	esperanta	I jd	esperantom	
krivotvorenje	85	krivotvorenja	D/L jd	krivotvorenju	
krivotvorenje	85	krivotvorenja	I jd	krivotvorenjem	
potonuće	85	potonuća	I jd	potonućem	
praznoverje	85	praznoverja	D/L jd	praznoverju	
ustaštvo	85	ustaštva	D/L jd	ustaštvu	
ustaštvo	85	ustaštva	I jd	ustaštvom	
zabrežje	85	zabrežja	I jd	zabrežjem	
đubrište	85	đubrišta	I jd	đubrištem	
dešifrovanje	84	dešifrovanja	I jd	dešifrovanjem	
urlanje	84	urlanja	D/L jd	urlanju	
jajašce	83	jajašca	D/L jd	jajašcu	
jajašce	83	jajašca	I jd	jajašcem	
krivljenje	83	krivljenja	I jd	krivljenjem	
manevrisanje	83	manevrisanja	I jd	manevrisanjem	
podsmevanje	83	podsmevanja	I jd	podsmevanjem	
recitovanje	83	recitovanja	I jd	recitovanjem	
stiskanje	83	stiskanja	D/L jd	stiskanju	
stiskanje	83	stiskanja	I jd	stiskanjem	
tihovanje	83	tihovanja	I jd	tihovanjem	
šaputanje	83	šaputanja	D/L jd	šaputanju	
paradiranje	82	paradiranja	D/L jd	paradiranju	
paradiranje	82	paradiranja	I jd	paradiranjem	
preuveličavanje	82	preuveličavanja	D/L jd	preuveličavanju	
roždestvo	82	roždestva	D/L jd	roždestvu	
roždestvo	82	roždestva	I jd	roždestvom	
uravnoteženje	82	uravnoteženja	D/L jd	uravnoteženju	
uravnoteženje	82	uravnoteženja	I jd	uravnoteženjem	
međunožje	81	međunožja	I jd	međunožjem	
ciljanje	80	ciljanja	I jd	ciljanjem	
povlađivanje	80	povlađivanja	D/L jd	povlađivanju	
povlađivanje	80	povlađivanja	I jd	povlađivanjem	
svetlucanje	80	svetlucanja	I jd	svetlucanjem	
uvijanje	80	uvijanja	I jd	uvijanjem	
krvavljenje	79	krvavljenja	D/L jd	krvavljenju	
krvavljenje	79	krvavljenja	I jd	krvavljenjem	
razmimoilaženje	79	razmimoilaženja	D/L jd	razmimoilaženju	
razmimoilaženje	79	razmimoilaženja	I jd	razmimoilaženjem	
ukinuće	79	ukinuća	I jd	ukinućem	
šištanje	79	šištanja	D/L jd	šištanju	
ceđenje	78	ceđenja	I jd	ceđenjem	
dospeće	78	dospeća	I jd	dospećem	
konsultovanje	78	konsultovanja	D/L jd	konsultovanju	
konsultovanje	78	konsultovanja	I jd	konsultovanjem	
memorisanje	78	memorisanja	D/L jd	memorisanju	
memorisanje	78	memorisanja	I jd	memorisanjem	
podgrevanje	78	podgrevanja	D/L jd	podgrevanju	
podgrevanje	78	podgrevanja	I jd	podgrevanjem	
prerastanje	78	prerastanja	I jd	prerastanjem	
antitelo	77	antitela	D/L jd	antitelu	
antitelo	77	antitela	I jd	antitelom	
ispupčenje	77	ispupčenja	D/L jd	ispupčenju	
masiranje	77	masiranja	I jd	masiranjem	
podudaranje	77	podudaranja	D/L jd	podudaranju	
podudaranje	77	podudaranja	I jd	podudaranjem	
kvačilo	76	kvačila	D/L jd	kvačilu	
naklapanje	76	naklapanja	D/L jd	naklapanju	
naklapanje	76	naklapanja	I jd	naklapanjem	
premlaćivanje	76	premlaćivanja	D/L jd	premlaćivanju	
premlaćivanje	76	premlaćivanja	I jd	premlaćivanjem	
pulsiranje	76	pulsiranja	D/L jd	pulsiranju	
pulsiranje	76	pulsiranja	I jd	pulsiranjem	
seljenje	76	seljenja	I jd	seljenjem	
srbovanje	76	srbovanja	D/L jd	srbovanju	
srbovanje	76	srbovanja	I jd	srbovanjem	
susretanje	76	susretanja	D/L jd	susretanju	
susretanje	76	susretanja	I jd	susretanjem	
uigravanje	76	uigravanja	I jd	uigravanjem	
gruvanje	75	gruvanja	D/L jd	gruvanju	
gruvanje	75	gruvanja	I jd	gruvanjem	
krckanje	75	krckanja	D/L jd	krckanju	
otopljenje	75	otopljenja	D/L jd	otopljenju	
otopljenje	75	otopljenja	I jd	otopljenjem	
ovčarstvo	75	ovčarstva	I jd	ovčarstvom	
previjanje	75	previjanja	I jd	previjanjem	
propovedanje	75	propovedanja	D/L jd	propovedanju	
propovedanje	75	propovedanja	I jd	propovedanjem	
prosuđivanje	75	prosuđivanja	I jd	prosuđivanjem	
zamenjivanje	75	zamenjivanja	I jd	zamenjivanjem	
nepce	74	nepca	I jd	nepcem	
podaništvo	74	podaništva	D/L jd	podaništvu	
podaništvo	74	podaništva	I jd	podaništvom	
predivo	74	prediva	D/L jd	predivu	
predivo	74	prediva	I jd	predivom	
prevlačenje	74	prevlačenja	I jd	prevlačenjem	
reketiranje	74	reketiranja	I jd	reketiranjem	
sanjanje	74	sanjanja	I jd	sanjanjem	
vučenje	74	vučenja	D/L jd	vučenju	
vučenje	74	vučenja	I jd	vučenjem	
otpisivanje	73	otpisivanja	I jd	otpisivanjem	
vreteno	73	vretena	D/L jd	vretenu	
izgladnjivanje	72	izgladnjivanja	D/L jd	izgladnjivanju	
nemešanje	72	nemešanja	I jd	nemešanjem	
rastavljanje	72	rastavljanja	I jd	rastavljanjem	
huškanje	71	huškanja	D/L jd	huškanju	
odgađanje	71	odgađanja	D/L jd	odgađanju	
odgađanje	71	odgađanja	I jd	odgađanjem	
uspavljivanje	71	uspavljivanja	D/L jd	uspavljivanju	
zrenje	71	zrenja	D/L jd	zrenju	
zrenje	71	zrenja	I jd	zrenjem	
crkvište	70	crkvišta	I jd	crkvištem	
golicanje	70	golicanja	D/L jd	golicanju	
nedonošenje	70	nedonošenja	D/L jd	nedonošenju	
nedonošenje	70	nedonošenja	I jd	nedonošenjem	
neusvajanje	70	neusvajanja	I jd	neusvajanjem	
postajanje	70	postajanja	I jd	postajanjem	
pučanstvo	70	pučanstva	I jd	pučanstvom	
nevinašce	69	nevinašca	D/L jd	nevinašcu	
nevinašce	69	nevinašca	I jd	nevinašcem	
opstajanje	69	opstajanja	I jd	opstajanjem	
sevanje	69	sevanja	D/L jd	sevanju	
simuliranje	69	simuliranja	I jd	simuliranjem	
bivstvo	68	bivstva	I jd	bivstvom	
limitiranje	68	limitiranja	D/L jd	limitiranju	
limitiranje	68	limitiranja	I jd	limitiranjem	
lupkanje	68	lupkanja	D/L jd	lupkanju	
nadziranje	68	nadziranja	I jd	nadziranjem	
odlagalište	68	odlagališta	I jd	odlagalištem	
petljanje	68	petljanja	I jd	petljanjem	
prljanje	68	prljanja	I jd	prljanjem	
srljanje	68	srljanja	I jd	srljanjem	
svetište	68	svetišta	I jd	svetištem	
datiranje	67	datiranja	I jd	datiranjem	
klijanje	67	klijanja	D/L jd	klijanju	
klimanje	67	klimanja	D/L jd	klimanju	
koristoljublje	67	koristoljublja	D/L jd	koristoljublju	
obavezivanje	67	obavezivanja	D/L jd	obavezivanju	
obavezivanje	67	obavezivanja	I jd	obavezivanjem	
obrazlaganje	67	obrazlaganja	D/L jd	obrazlaganju	
obrazlaganje	67	obrazlaganja	I jd	obrazlaganjem	
omekšavanje	67	omekšavanja	I jd	omekšavanjem	
povečerje	67	povečerja	D/L jd	povečerju	
povečerje	67	povečerja	I jd	povečerjem	
siromašenje	67	siromašenja	D/L jd	siromašenju	
siromašenje	67	siromašenja	I jd	siromašenjem	
vaskrsnuće	67	vaskrsnuća	I jd	vaskrsnućem	
gojenje	66	gojenja	I jd	gojenjem	
mešetarenje	66	mešetarenja	D/L jd	mešetarenju	
mešetarenje	66	mešetarenja	I jd	mešetarenjem	
rastezanje	66	rastezanja	D/L jd	rastezanju	
rastezanje	66	rastezanja	I jd	rastezanjem	
zatrpavanje	66	zatrpavanja	D/L jd	zatrpavanju	
zatrpavanje	66	zatrpavanja	I jd	zatrpavanjem	
isijavanje	65	isijavanja	I jd	isijavanjem	
zabijanje	65	zabijanja	D/L jd	zabijanju	
zabijanje	65	zabijanja	I jd	zabijanjem	
zgarište	65	zgarišta	I jd	zgarištem	
šuškanje	65	šuškanja	I jd	šuškanjem	
dirigovanje	64	dirigovanja	I jd	dirigovanjem	
presovanje	64	presovanja	D/L jd	presovanju	
sleganje	64	sleganja	D/L jd	sleganju	
sleganje	64	sleganja	I jd	sleganjem	
suočenje	64	suočenja	I jd	suočenjem	
porečje	63	porečja	I jd	porečjem	
prenemaganje	63	prenemaganja	I jd	prenemaganjem	
tračarenje	63	tračarenja	D/L jd	tračarenju	
tračarenje	63	tračarenja	I jd	tračarenjem	
upuštanje	63	upuštanja	D/L jd	upuštanju	
žongliranje	63	žongliranja	D/L jd	žongliranju	
žongliranje	63	žongliranja	I jd	žongliranjem	
kontaktiranje	62	kontaktiranja	D/L jd	kontaktiranju	
kontaktiranje	62	kontaktiranja	I jd	kontaktiranjem	
neverovanje	62	neverovanja	I jd	neverovanjem	
oplođenje	62	oplođenja	D/L jd	oplođenju	
oplođenje	62	oplođenja	I jd	oplođenjem	
pletivo	62	pletiva	D/L jd	pletivu	
proročište	62	proročišta	I jd	proročištem	
sunašce	62	sunašca	D/L jd	sunašcu	
treptanje	62	treptanja	I jd	treptanjem	
vrbovanje	62	vrbovanja	D/L jd	vrbovanju	
vrbovanje	62	vrbovanja	I jd	vrbovanjem	
iščezavanje	61	iščezavanja	I jd	iščezavanjem	
preletanje	61	preletanja	I jd	preletanjem	
bodrenje	60	bodrenja	D/L jd	bodrenju	
brvno	60	brvna	D/L jd	brvnu	
dvovlašće	60	dvovlašća	D/L jd	dvovlašću	
dvovlašće	60	dvovlašća	I jd	dvovlašćem	
kovilje	60	kovilja	I jd	koviljem	
paperje	60	paperja	D/L jd	paperju	
pisamce	60	pisamca	D/L jd	pisamcu	
pisamce	60	pisamca	I jd	pisamcem	
predosećanje	60	predosećanja	D/L jd	predosećanju	
zaposedanje	60	zaposedanja	D/L jd	zaposedanju	
zaposedanje	60	zaposedanja	I jd	zaposedanjem	
četništvo	60	četništva	I jd	četništvom	
adresiranje	59	adresiranja	I jd	adresiranjem	
drobljenje	59	drobljenja	D/L jd	drobljenju	
drobljenje	59	drobljenja	I jd	drobljenjem	
grananje	59	grananja	D/L jd	grananju	
grananje	59	grananja	I jd	grananjem	
okrepljenje	59	okrepljenja	D/L jd	okrepljenju	
okrepljenje	59	okrepljenja	I jd	okrepljenjem	
previranje	59	previranja	I jd	previranjem	
aranžiranje	58	aranžiranja	I jd	aranžiranjem	
gunđanje	58	gunđanja	I jd	gunđanjem	
ismejavanje	58	ismejavanja	I jd	ismejavanjem	
obrušavanje	58	obrušavanja	D/L jd	obrušavanju	
padobranstvo	58	padobranstva	D/L jd	padobranstvu	
padobranstvo	58	padobranstva	I jd	padobranstvom	
slovce	58	slovca	I jd	slovcem	
svađanje	58	svađanja	D/L jd	svađanju	
useljavanje	58	useljavanja	D/L jd	useljavanju	
zadirkivanje	58	zadirkivanja	D/L jd	zadirkivanju	
zadirkivanje	58	zadirkivanja	I jd	zadirkivanjem	
železo	58	železa	D/L jd	železu	
gnušanje	57	gnušanja	D/L jd	gnušanju	
izobličenje	57	izobličenja	D/L jd	izobličenju	
izobličenje	57	izobličenja	I jd	izobličenjem	
koškanje	57	koškanja	I jd	koškanjem	
remenje	57	remenja	D/L jd	remenju	
remenje	57	remenja	I jd	remenjem	
svinjarstvo	57	svinjarstva	I jd	svinjarstvom	
zavlačenje	57	zavlačenja	D/L jd	zavlačenju	
zavlačenje	57	zavlačenja	I jd	zavlačenjem	
bockanje	56	bockanja	D/L jd	bockanju	
brkanje	56	brkanja	I jd	brkanjem	
čerupanje	56	čerupanja	D/L jd	čerupanju	
čerupanje	56	čerupanja	I jd	čerupanjem	
bivanje	55	bivanja	D/L jd	bivanju	
bivanje	55	bivanja	I jd	bivanjem	
gibanje	55	gibanja	D/L jd	gibanju	
kanalisanje	55	kanalisanja	I jd	kanalisanjem	
klečanje	55	klečanja	D/L jd	klečanju	
klečanje	55	klečanja	I jd	klečanjem	
nasilništvo	55	nasilništva	D/L jd	nasilništvu	
nasilništvo	55	nasilništva	I jd	nasilništvom	
opipavanje	55	opipavanja	D/L jd	opipavanju	
opipavanje	55	opipavanja	I jd	opipavanjem	
opkoljavanje	55	opkoljavanja	D/L jd	opkoljavanju	
otvorenje	55	otvorenja	I jd	otvorenjem	
točenje	55	točenja	I jd	točenjem	
čestitanje	55	čestitanja	I jd	čestitanjem	
izležavanje	54	izležavanja	I jd	izležavanjem	
otezanje	54	otezanja	D/L jd	otezanju	
pridavanje	54	pridavanja	I jd	pridavanjem	
priklanjanje	54	priklanjanja	D/L jd	priklanjanju	
priklanjanje	54	priklanjanja	I jd	priklanjanjem	
razoružanje	54	razoružanja	I jd	razoružanjem	
terorisanje	54	terorisanja	I jd	terorisanjem	
brdašce	53	brdašca	I jd	brdašcem	
glumljenje	53	glumljenja	D/L jd	glumljenju	
glumljenje	53	glumljenja	I jd	glumljenjem	
grotlo	53	grotla	I jd	grotlom	
hranilište	53	hranilišta	I jd	hranilištem	
lekarstvo	53	lekarstva	D/L jd	lekarstvu	
lekarstvo	53	lekarstva	I jd	lekarstvom	
pričešćivanje	53	pričešćivanja	D/L jd	pričešćivanju	
pričešćivanje	53	pričešćivanja	I jd	pričešćivanjem	
ratište	53	ratišta	I jd	ratištem	
samouništenje	53	samouništenja	I jd	samouništenjem	
blagosiljanje	52	blagosiljanja	D/L jd	blagosiljanju	
blagosiljanje	52	blagosiljanja	I jd	blagosiljanjem	
dimljenje	52	dimljenja	D/L jd	dimljenju	
ispaljivanje	52	ispaljivanja	D/L jd	ispaljivanju	
lažiranje	52	lažiranja	I jd	lažiranjem	
nabacivanje	52	nabacivanja	D/L jd	nabacivanju	
nabacivanje	52	nabacivanja	I jd	nabacivanjem	
ogrešenje	52	ogrešenja	I jd	ogrešenjem	
orgijanje	52	orgijanja	D/L jd	orgijanju	
orgijanje	52	orgijanja	I jd	orgijanjem	
pomorstvo	52	pomorstva	I jd	pomorstvom	
shvaćanje	52	shvaćanja	I jd	shvaćanjem	
spletkarenje	52	spletkarenja	D/L jd	spletkarenju	
spletkarenje	52	spletkarenja	I jd	spletkarenjem	
utiskivanje	52	utiskivanja	D/L jd	utiskivanju	
utiskivanje	52	utiskivanja	I jd	utiskivanjem	
vibriranje	52	vibriranja	D/L jd	vibriranju	
vibriranje	52	vibriranja	I jd	vibriranjem	
zavrtanje	52	zavrtanja	D/L jd	zavrtanju	
zavrtanje	52	zavrtanja	I jd	zavrtanjem	
zidarstvo	52	zidarstva	I jd	zidarstvom	
cviljenje	51	cviljenja	D/L jd	cviljenju	
cviljenje	51	cviljenja	I jd	cviljenjem	
demoliranje	51	demoliranja	D/L jd	demoliranju	
demoliranje	51	demoliranja	I jd	demoliranjem	
flamingo	51	flaminga	I jd	flamingom	
istrebljivanje	51	istrebljivanja	D/L jd	istrebljivanju	
istrebljivanje	51	istrebljivanja	I jd	istrebljivanjem	
kumče	51	kumčeta	I jd	kumčetom	proširena osnova
nedavanje	51	nedavanja	D/L jd	nedavanju	
neispunjenje	51	neispunjenja	D/L jd	neispunjenju	
neispunjenje	51	neispunjenja	I jd	neispunjenjem	
njihanje	51	njihanja	D/L jd	njihanju	
njihanje	51	njihanja	I jd	njihanjem	
proklizavanje	51	proklizavanja	D/L jd	proklizavanju	
razmetanje	51	razmetanja	I jd	razmetanjem	
sputavanje	51	sputavanja	I jd	sputavanjem	
svlačenje	51	svlačenja	I jd	svlačenjem	
buntovništvo	50	buntovništva	D/L jd	buntovništvu	
buntovništvo	50	buntovništva	I jd	buntovništvom	
premotavanje	50	premotavanja	D/L jd	premotavanju	
premotavanje	50	premotavanja	I jd	premotavanjem	
preokretanje	50	preokretanja	D/L jd	preokretanju	
preokretanje	50	preokretanja	I jd	preokretanjem	
pripitomljavanje	50	pripitomljavanja	D/L jd	pripitomljavanju	
pripitomljavanje	50	pripitomljavanja	I jd	pripitomljavanjem	
rastvaranje	50	rastvaranja	D/L jd	rastvaranju	
rastvaranje	50	rastvaranja	I jd	rastvaranjem	
blefiranje	49	blefiranja	D/L jd	blefiranju	
blefiranje	49	blefiranja	I jd	blefiranjem	
gumno	49	gumna	I jd	gumnom	
nespokojstvo	49	nespokojstva	D/L jd	nespokojstvu	
zavojište	49	zavojišta	I jd	zavojištem	
jastvo	48	jastva	D/L jd	jastvu	
jastvo	48	jastva	I jd	jastvom	
kotrljanje	48	kotrljanja	D/L jd	kotrljanju	
mrmljanje	48	mrmljanja	D/L jd	mrmljanju	
mrmljanje	48	mrmljanja	I jd	mrmljanjem	
obedovanje	48	obedovanja	I jd	obedovanjem	
poslanje	48	poslanja	I jd	poslanjem	
poticanje	48	poticanja	D/L jd	poticanju	
poticanje	48	poticanja	I jd	poticanjem	
predubeđenje	48	predubeđenja	D/L jd	predubeđenju	
predubeđenje	48	predubeđenja	I jd	predubeđenjem	
retuširanje	48	retuširanja	D/L jd	retuširanju	
retuširanje	48	retuširanja	I jd	retuširanjem	
svinjče	48	svinjčeta	D/L jd	svinjčetu	proširena osnova
trpanje	48	trpanja	D/L jd	trpanju	
trpanje	48	trpanja	I jd	trpanjem	
zatočeništvo	48	zatočeništva	I jd	zatočeništvom	
bunilo	47	bunila	I jd	bunilom	
devičanstvo	47	devičanstva	D/L jd	devičanstvu	
devičanstvo	47	devičanstva	I jd	devičanstvom	
otpremanje	47	otpremanja	D/L jd	otpremanju	
otpremanje	47	otpremanja	I jd	otpremanjem	
saplitanje	47	saplitanja	D/L jd	saplitanju	
svaljivanje	47	svaljivanja	D/L jd	svaljivanju	
svaljivanje	47	svaljivanja	I jd	svaljivanjem	
usijanje	47	usijanja	D/L jd	usijanju	
usijanje	47	usijanja	I jd	usijanjem	
branjenje	46	branjenja	I jd	branjenjem	
gubilište	46	gubilišta	I jd	gubilištem	
piskaranje	46	piskaranja	I jd	piskaranjem	
pobrđe	46	pobrđa	D/L jd	pobrđu	
prianjanje	46	prianjanja	D/L jd	prianjanju	
prianjanje	46	prianjanja	I jd	prianjanjem	
prigovaranje	46	prigovaranja	I jd	prigovaranjem	
pruće	46	pruća	D/L jd	pruću	
roštiljanje	46	roštiljanja	I jd	roštiljanjem	
saldiranje	46	saldiranja	D/L jd	saldiranju	
saldiranje	46	saldiranja	I jd	saldiranjem	
trebovanje	46	trebovanja	I jd	trebovanjem	
intoniranje	45	intoniranja	I jd	intoniranjem	
isplovljavanje	45	isplovljavanja	D/L jd	isplovljavanju	
isplovljavanje	45	isplovljavanja	I jd	isplovljavanjem	
jadikovanje	45	jadikovanja	I jd	jadikovanjem	
koračanje	45	koračanja	I jd	koračanjem	
mlekarstvo	45	mlekarstva	I jd	mlekarstvom	
namirivanje	45	namirivanja	I jd	namirivanjem	
narezivanje	45	narezivanja	I jd	narezivanjem	
neizvršenje	45	neizvršenja	I jd	neizvršenjem	
nerešavanje	45	nerešavanja	I jd	nerešavanjem	
neučestvovanje	45	neučestvovanja	D/L jd	neučestvovanju	
neučestvovanje	45	neučestvovanja	I jd	neučestvovanjem	
oplakivanje	45	oplakivanja	I jd	oplakivanjem	
pametovanje	45	pametovanja	D/L jd	pametovanju	
pametovanje	45	pametovanja	I jd	pametovanjem	
pokušavanje	45	pokušavanja	D/L jd	pokušavanju	
soljenje	45	soljenja	D/L jd	soljenju	
sporenje	45	sporenja	I jd	sporenjem	
glumatanje	44	glumatanja	D/L jd	glumatanju	
gnojivo	44	gnojiva	D/L jd	gnojivu	
izdizanje	44	izdizanja	D/L jd	izdizanju	
izdizanje	44	izdizanja	I jd	izdizanjem	
neizdavanje	44	neizdavanja	D/L jd	neizdavanju	
neizdavanje	44	neizdavanja	I jd	neizdavanjem	
pomicanje	44	pomicanja	D/L jd	pomicanju	
pospremanje	44	pospremanja	D/L jd	pospremanju	
pospremanje	44	pospremanja	I jd	pospremanjem	
potiranje	44	potiranja	I jd	potiranjem	
pregledavanje	44	pregledavanja	D/L jd	pregledavanju	
pregledavanje	44	pregledavanja	I jd	pregledavanjem	
preotimanje	44	preotimanja	I jd	preotimanjem	
samozadovoljstvo	44	samozadovoljstva	D/L jd	samozadovoljstvu	
samozadovoljstvo	44	samozadovoljstva	I jd	samozadovoljstvom	
suzdržavanje	44	suzdržavanja	D/L jd	suzdržavanju	
suzdržavanje	44	suzdržavanja	I jd	suzdržavanjem	
trabunjanje	44	trabunjanja	I jd	trabunjanjem	
upiranje	44	upiranja	D/L jd	upiranju	
upiranje	44	upiranja	I jd	upiranjem	
usađivanje	44	usađivanja	D/L jd	usađivanju	
usađivanje	44	usađivanja	I jd	usađivanjem	
varničenje	44	varničenja	D/L jd	varničenju	
varničenje	44	varničenja	I jd	varničenjem	
dahtanje	43	dahtanja	I jd	dahtanjem	
dekorisanje	43	dekorisanja	D/L jd	dekorisanju	
dekorisanje	43	dekorisanja	I jd	dekorisanjem	
jednačenje	43	jednačenja	D/L jd	jednačenju	
jednačenje	43	jednačenja	I jd	jednačenjem	
kučence	43	kučenceta	D/L jd	kučencetu	proširena osnova
nemirenje	43	nemirenja	D/L jd	nemirenju	
nemirenje	43	nemirenja	I jd	nemirenjem	
prolaženje	43	prolaženja	I jd	prolaženjem	
uzvraćanje	43	uzvraćanja	D/L jd	uzvraćanju	
glupiranje	42	glupiranja	D/L jd	glupiranju	
gostoljublje	42	gostoljublja	I jd	gostoljubljem	
jurcanje	42	jurcanja	D/L jd	jurcanju	
jurcanje	42	jurcanja	I jd	jurcanjem	
kapanje	42	kapanja	I jd	kapanjem	
nazivlje	42	nazivlja	I jd	nazivljem	
ozvaničenje	42	ozvaničenja	I jd	ozvaničenjem	
plavljenje	42	plavljenja	D/L jd	plavljenju	
plavljenje	42	plavljenja	I jd	plavljenjem	
pristizanje	42	pristizanja	I jd	pristizanjem	
službovanje	42	službovanja	I jd	službovanjem	
srastanje	42	srastanja	D/L jd	srastanju	
trkanje	42	trkanja	I jd	trkanjem	
uračunavanje	42	uračunavanja	D/L jd	uračunavanju	
uračunavanje	42	uračunavanja	I jd	uračunavanjem	
uzurpiranje	42	uzurpiranja	I jd	uzurpiranjem	
učvršćenje	42	učvršćenja	I jd	učvršćenjem	
dovršavanje	41	dovršavanja	I jd	dovršavanjem	
gudalo	41	gudala	D/L jd	gudalu	
kotiranje	41	kotiranja	D/L jd	kotiranju	
kotiranje	41	kotiranja	I jd	kotiranjem	
nagovaranje	41	nagovaranja	I jd	nagovaranjem	
očitovanje	41	očitovanja	D/L jd	očitovanju	
očitovanje	41	očitovanja	I jd	očitovanjem	
paganstvo	41	paganstva	D/L jd	paganstvu	
paganstvo	41	paganstva	I jd	paganstvom	
posredništvo	41	posredništva	D/L jd	posredništvu	
posredništvo	41	posredništva	I jd	posredništvom	
prikazanje	41	prikazanja	D/L jd	prikazanju	
prikazanje	41	prikazanja	I jd	prikazanjem	
prilaženje	41	prilaženja	I jd	prilaženjem	
svršavanje	41	svršavanja	I jd	svršavanjem	
trijenale	41	trijenala	I jd	trijenalem	
uskakanje	41	uskakanja	D/L jd	uskakanju	
uskakanje	41	uskakanja	I jd	uskakanjem	
uvezivanje	41	uvezivanja	D/L jd	uvezivanju	
uvezivanje	41	uvezivanja	I jd	uvezivanjem	
zgrušavanje	41	zgrušavanja	I jd	zgrušavanjem	
žigolo	41	žigola	D/L jd	žigolu	
iskrivljenje	40	iskrivljenja	D/L jd	iskrivljenju	
iskrivljenje	40	iskrivljenja	I jd	iskrivljenjem	
karikiranje	40	karikiranja	D/L jd	karikiranju	
karikiranje	40	karikiranja	I jd	karikiranjem	
nalaganje	40	nalaganja	I jd	nalaganjem	
namigivanje	40	namigivanja	D/L jd	namigivanju	
oštećivanje	40	oštećivanja	I jd	oštećivanjem	
plutanje	40	plutanja	D/L jd	plutanju	
plutanje	40	plutanja	I jd	plutanjem	
presedanje	40	presedanja	D/L jd	presedanju	
silaženje	40	silaženja	I jd	silaženjem	
tavorenje	40	tavorenja	I jd	tavorenjem	
ulagivanje	40	ulagivanja	D/L jd	ulagivanju	
uplaćivanje	40	uplaćivanja	D/L jd	uplaćivanju	
uplaćivanje	40	uplaćivanja	I jd	uplaćivanjem	
životarenje	40	životarenja	D/L jd	životarenju	
životarenje	40	životarenja	I jd	životarenjem	
krkljanje	39	krkljanja	D/L jd	krkljanju	
krkljanje	39	krkljanja	I jd	krkljanjem	
odgonetanje	39	odgonetanja	I jd	odgonetanjem	
odupiranje	39	odupiranja	I jd	odupiranjem	
potpitanje	39	potpitanja	I jd	potpitanjem	
probanje	39	probanja	D/L jd	probanju	
probanje	39	probanja	I jd	probanjem	
sondiranje	39	sondiranja	D/L jd	sondiranju	
titlovanje	39	titlovanja	D/L jd	titlovanju	
titlovanje	39	titlovanja	I jd	titlovanjem	
tlačenje	39	tlačenja	I jd	tlačenjem	
vime	39	vimena	D/L jd	vimenu	proširena osnova
kikotanje	38	kikotanja	D/L jd	kikotanju	
kikotanje	38	kikotanja	I jd	kikotanjem	
krilce	38	krilca	D/L jd	krilcu	
krilce	38	krilca	I jd	krilcem	
lebdenje	38	lebdenja	D/L jd	lebdenju	
lebdenje	38	lebdenja	I jd	lebdenjem	
mumlanje	38	mumlanja	D/L jd	mumlanju	
mumlanje	38	mumlanja	I jd	mumlanjem	
obitavalište	38	obitavališta	D/L jd	obitavalištu	
obitavalište	38	obitavališta	I jd	obitavalištem	
opozivanje	38	opozivanja	I jd	opozivanjem	
osvrtanje	38	osvrtanja	I jd	osvrtanjem	
postrojavanje	38	postrojavanja	I jd	postrojavanjem	
raspoznavanje	38	raspoznavanja	D/L jd	raspoznavanju	
raspoznavanje	38	raspoznavanja	I jd	raspoznavanjem	
stopiranje	38	stopiranja	I jd	stopiranjem	
sudaranje	38	sudaranja	D/L jd	sudaranju	
uvrštavanje	38	uvrštavanja	D/L jd	uvrštavanju	
uvrštavanje	38	uvrštavanja	I jd	uvrštavanjem	
zubalo	38	zubala	D/L jd	zubalu	
adaptiranje	37	adaptiranja	D/L jd	adaptiranju	
adaptiranje	37	adaptiranja	I jd	adaptiranjem	
isceljivanje	37	isceljivanja	I jd	isceljivanjem	
iskušavanje	37	iskušavanja	D/L jd	iskušavanju	
iskušavanje	37	iskušavanja	I jd	iskušavanjem	
izručivanje	37	izručivanja	I jd	izručivanjem	
narastanje	37	narastanja	D/L jd	narastanju	
podupiranje	37	podupiranja	D/L jd	podupiranju	
podupiranje	37	podupiranja	I jd	podupiranjem	
ulegnuće	37	ulegnuća	D/L jd	ulegnuću	
ulegnuće	37	ulegnuća	I jd	ulegnućem	
ulizivanje	37	ulizivanja	D/L jd	ulizivanju	
upozoravanje	37	upozoravanja	D/L jd	upozoravanju	
upozoravanje	37	upozoravanja	I jd	upozoravanjem	
zakopavanje	37	zakopavanja	I jd	zakopavanjem	
šibanje	37	šibanja	D/L jd	šibanju	
šibanje	37	šibanja	I jd	šibanjem	
baždarenje	36	baždarenja	I jd	baždarenjem	
brojilo	36	brojila	D/L jd	brojilu	
brojilo	36	brojila	I jd	brojilom	
guvno	36	guvna	I jd	guvnom	
jevrejstvo	36	jevrejstva	I jd	jevrejstvom	
mrštenje	36	mrštenja	D/L jd	mrštenju	
pipanje	36	pipanja	D/L jd	pipanju	
prilagođenje	36	prilagođenja	D/L jd	prilagođenju	
prilagođenje	36	prilagođenja	I jd	prilagođenjem	
sastajanje	36	sastajanja	D/L jd	sastajanju	
sastajanje	36	sastajanja	I jd	sastajanjem	
zbunjivanje	36	zbunjivanja	D/L jd	zbunjivanju	
zbunjivanje	36	zbunjivanja	I jd	zbunjivanjem	
akušerstvo	35	akušerstva	D/L jd	akušerstvu	
akušerstvo	35	akušerstva	I jd	akušerstvom	
dovlačenje	35	dovlačenja	I jd	dovlačenjem	
džeparenje	35	džeparenja	D/L jd	džeparenju	
džeparenje	35	džeparenja	I jd	džeparenjem	
friziranje	35	friziranja	D/L jd	friziranju	
friziranje	35	friziranja	I jd	friziranjem	
nameštenje	35	nameštenja	D/L jd	nameštenju	
nameštenje	35	nameštenja	I jd	nameštenjem	
ognjilo	35	ognjila	I jd	ognjilom	
probadanje	35	probadanja	D/L jd	probadanju	
zahvaljivanje	35	zahvaljivanja	D/L jd	zahvaljivanju	
dremanje	34	dremanja	I jd	dremanjem	
kreštanje	34	kreštanja	D/L jd	kreštanju	
piratstvo	34	piratstva	D/L jd	piratstvu	
piratstvo	34	piratstva	I jd	piratstvom	
podignuće	34	podignuća	I jd	podignućem	
smetanje	34	smetanja	D/L jd	smetanju	
smetanje	34	smetanja	I jd	smetanjem	
utrnuće	34	utrnuća	D/L jd	utrnuću	
utrnuće	34	utrnuća	I jd	utrnućem	
uzletanje	34	uzletanja	D/L jd	uzletanju	
zabrđe	34	zabrđa	D/L jd	zabrđu	
zabrđe	34	zabrđa	I jd	zabrđem	
dingo	33	dinga	D/L jd	dingu	
dingo	33	dinga	I jd	dingom	
mučilište	33	mučilišta	I jd	mučilištem	
punilo	33	punila	D/L jd	punilu	
punilo	33	punila	I jd	punilom	
raketiranje	33	raketiranja	I jd	raketiranjem	
ušivanje	33	ušivanja	D/L jd	ušivanju	
ušivanje	33	ušivanja	I jd	ušivanjem	
štipanje	33	štipanja	D/L jd	štipanju	
štovanje	33	štovanja	I jd	štovanjem	
dosezanje	32	dosezanja	D/L jd	dosezanju	
dosezanje	32	dosezanja	I jd	dosezanjem	
izmicanje	32	izmicanja	I jd	izmicanjem	
ključanje	32	ključanja	I jd	ključanjem	
prebiranje	32	prebiranja	D/L jd	prebiranju	
preobraćenje	32	preobraćenja	D/L jd	preobraćenju	
preobraćenje	32	preobraćenja	I jd	preobraćenjem	
puškaranje	32	puškaranja	I jd	puškaranjem	
rastrojstvo	32	rastrojstva	I jd	rastrojstvom	
sabotiranje	32	sabotiranja	D/L jd	sabotiranju	
sabotiranje	32	sabotiranja	I jd	sabotiranjem	
sidrište	32	sidrišta	D/L jd	sidrištu	
sidrište	32	sidrišta	I jd	sidrištem	
ugledanje	32	ugledanja	D/L jd	ugledanju	
ugledanje	32	ugledanja	I jd	ugledanjem	
uzbunjivanje	32	uzbunjivanja	D/L jd	uzbunjivanju	
uzbunjivanje	32	uzbunjivanja	I jd	uzbunjivanjem	
vrhnje	32	vrhnja	D/L jd	vrhnju	
zapuštanje	32	zapuštanja	D/L jd	zapuštanju	
zapuštanje	32	zapuštanja	I jd	zapuštanjem	
lenčarenje	31	lenčarenja	I jd	lenčarenjem	
ludovanje	31	ludovanja	D/L jd	ludovanju	
moljakanje	31	moljakanja	D/L jd	moljakanju	
nagnječenje	31	nagnječenja	D/L jd	nagnječenju	
naslanjanje	31	naslanjanja	D/L jd	naslanjanju	
podvođenje	31	podvođenja	D/L jd	podvođenju	
podvođenje	31	podvođenja	I jd	podvođenjem	
svrdlo	31	svrdla	D/L jd	svrdlu	
tempiranje	31	tempiranja	D/L jd	tempiranju	
tempiranje	31	tempiranja	I jd	tempiranjem	
udvostručavanje	31	udvostručavanja	D/L jd	udvostručavanju	
udvostručavanje	31	udvostručavanja	I jd	udvostručavanjem	
utelovljenje	31	utelovljenja	D/L jd	utelovljenju	
utelovljenje	31	utelovljenja	I jd	utelovljenjem	
zakrčenje	31	zakrčenja	D/L jd	zakrčenju	
zakrčenje	31	zakrčenja	I jd	zakrčenjem	
zelenaštvo	31	zelenaštva	D/L jd	zelenaštvu	
zelenaštvo	31	zelenaštva	I jd	zelenaštvom	
gusarenje	30	gusarenja	D/L jd	gusarenju	
gusarenje	30	gusarenja	I jd	gusarenjem	
izrađivanje	30	izrađivanja	I jd	izrađivanjem	
klaćenje	30	klaćenja	D/L jd	klaćenju	
klaćenje	30	klaćenja	I jd	klaćenjem	
ocrtavanje	30	ocrtavanja	D/L jd	ocrtavanju	
ocrtavanje	30	ocrtavanja	I jd	ocrtavanjem	
ospice	30	ospica	D/L jd	ospicu	
ospice	30	ospica	I jd	ospicem	
podleganje	30	podleganja	D/L jd	podleganju	
podleganje	30	podleganja	I jd	podleganjem	
prerušavanje	30	prerušavanja	I jd	prerušavanjem	
prispeće	30	prispeća	I jd	prispećem	
radilište	30	radilišta	I jd	radilištem	
raznošenje	30	raznošenja	D/L jd	raznošenju	
stišavanje	30	stišavanja	I jd	stišavanjem	
ujedanje	30	ujedanja	I jd	ujedanjem	
zasipanje	30	zasipanja	D/L jd	zasipanju	
zasipanje	30	zasipanja	I jd	zasipanjem	
batrganje	29	batrganja	D/L jd	batrganju	
borilište	29	borilišta	I jd	borilištem	
deranje	29	deranja	D/L jd	deranju	
deranje	29	deranja	I jd	deranjem	
dezerterstvo	29	dezerterstva	D/L jd	dezerterstvu	
dezerterstvo	29	dezerterstva	I jd	dezerterstvom	
grnčarstvo	29	grnčarstva	D/L jd	grnčarstvu	
grnčarstvo	29	grnčarstva	I jd	grnčarstvom	
smaknuće	29	smaknuća	I jd	smaknućem	
stizanje	29	stizanja	I jd	stizanjem	
umaranje	29	umaranja	I jd	umaranjem	
uzgajalište	29	uzgajališta	I jd	uzgajalištem	
zaleđivanje	29	zaleđivanja	D/L jd	zaleđivanju	
zaleđivanje	29	zaleđivanja	I jd	zaleđivanjem	
združivanje	29	združivanja	D/L jd	združivanju	
združivanje	29	združivanja	I jd	združivanjem	
čarobnjaštvo	29	čarobnjaštva	D/L jd	čarobnjaštvu	
čarobnjaštvo	29	čarobnjaštva	I jd	čarobnjaštvom	
škrgutanje	29	škrgutanja	D/L jd	škrgutanju	
škrgutanje	29	škrgutanja	I jd	škrgutanjem	
drmusanje	28	drmusanja	D/L jd	drmusanju	
drmusanje	28	drmusanja	I jd	drmusanjem	
junačenje	28	junačenja	D/L jd	junačenju	
junačenje	28	junačenja	I jd	junačenjem	
međurečje	28	međurečja	I jd	međurečjem	
nadleštvo	28	nadleštva	I jd	nadleštvom	
odcepljenje	28	odcepljenja	D/L jd	odcepljenju	
odcepljenje	28	odcepljenja	I jd	odcepljenjem	
oporavljanje	28	oporavljanja	D/L jd	oporavljanju	
oporavljanje	28	oporavljanja	I jd	oporavljanjem	
oproštenje	28	oproštenja	D/L jd	oproštenju	
pepelište	28	pepelišta	D/L jd	pepelištu	
pepelište	28	pepelišta	I jd	pepelištem	
prizemlje	28	prizemlja	I jd	prizemljem	
protezanje	28	protezanja	I jd	protezanjem	
provaljivanje	28	provaljivanja	I jd	provaljivanjem	
proštenje	28	proštenja	D/L jd	proštenju	
proštenje	28	proštenja	I jd	proštenjem	
razapinjanje	28	razapinjanja	D/L jd	razapinjanju	
razapinjanje	28	razapinjanja	I jd	razapinjanjem	
račvanje	28	račvanja	D/L jd	račvanju	
račvanje	28	račvanja	I jd	račvanjem	
sravnjivanje	28	sravnjivanja	D/L jd	sravnjivanju	
sravnjivanje	28	sravnjivanja	I jd	sravnjivanjem	
tužakanje	28	tužakanja	D/L jd	tužakanju	
tužakanje	28	tužakanja	I jd	tužakanjem	
uznesenje	28	uznesenja	D/L jd	uznesenju	
uznesenje	28	uznesenja	I jd	uznesenjem	
čajniče	28	čajniča	I jd	čajničem	
diplomiranje	27	diplomiranja	I jd	diplomiranjem	
diranje	27	diranja	D/L jd	diranju	
diranje	27	diranja	I jd	diranjem	
drugovanje	27	drugovanja	D/L jd	drugovanju	
drugovanje	27	drugovanja	I jd	drugovanjem	
kupljenje	27	kupljenja	I jd	kupljenjem	
otkidanje	27	otkidanja	D/L jd	otkidanju	
otkidanje	27	otkidanja	I jd	otkidanjem	
pišanje	27	pišanja	D/L jd	pišanju	
pišanje	27	pišanja	I jd	pišanjem	
potkradanje	27	potkradanja	I jd	potkradanjem	
robijanje	27	robijanja	I jd	robijanjem	
zgrtanje	27	zgrtanja	D/L jd	zgrtanju	
zgrtanje	27	zgrtanja	I jd	zgrtanjem	
čistunstvo	27	čistunstva	I jd	čistunstvom	
dojenče	26	dojenčeta	I jd	dojenčetom	proširena osnova
grumenje	26	grumenja	D/L jd	grumenju	
grumenje	26	grumenja	I jd	grumenjem	
inžinjerstvo	26	inžinjerstva	D/L jd	inžinjerstvu	
inžinjerstvo	26	inžinjerstva	I jd	inžinjerstvom	
ispaštanje	26	ispaštanja	I jd	ispaštanjem	
jaukanje	26	jaukanja	D/L jd	jaukanju	
kresivo	26	kresiva	D/L jd	kresivu	
logorovanje	26	logorovanja	I jd	logorovanjem	
nastanjenje	26	nastanjenja	I jd	nastanjenjem	
odražavanje	26	odražavanja	I jd	odražavanjem	
osnaženje	26	osnaženja	I jd	osnaženjem	
poskakivanje	26	poskakivanja	D/L jd	poskakivanju	
poskakivanje	26	poskakivanja	I jd	poskakivanjem	
promicanje	26	promicanja	D/L jd	promicanju	
promicanje	26	promicanja	I jd	promicanjem	
saobraćanje	26	saobraćanja	I jd	saobraćanjem	
seciranje	26	seciranja	D/L jd	seciranju	
seciranje	26	seciranja	I jd	seciranjem	
sretanje	26	sretanja	I jd	sretanjem	
svetkovanje	26	svetkovanja	I jd	svetkovanjem	
uveličavanje	26	uveličavanja	D/L jd	uveličavanju	
uveličavanje	26	uveličavanja	I jd	uveličavanjem	
učiteljstvo	26	učiteljstva	I jd	učiteljstvom	
zamračenje	26	zamračenja	I jd	zamračenjem	
zanovetanje	26	zanovetanja	D/L jd	zanovetanju	
zanovetanje	26	zanovetanja	I jd	zanovetanjem	
šilo	26	šila	D/L jd	šilu	
baljezganje	25	baljezganja	D/L jd	baljezganju	
baljezganje	25	baljezganja	I jd	baljezganjem	
gužvanje	25	gužvanja	D/L jd	gužvanju	
gužvanje	25	gužvanja	I jd	gužvanjem	
kukurikanje	25	kukurikanja	I jd	kukurikanjem	
naslućivanje	25	naslućivanja	D/L jd	naslućivanju	
naslućivanje	25	naslućivanja	I jd	naslućivanjem	
okončavanje	25	okončavanja	D/L jd	okončavanju	
okončavanje	25	okončavanja	I jd	okončavanjem	
pipkanje	25	pipkanja	D/L jd	pipkanju	
pipkanje	25	pipkanja	I jd	pipkanjem	
prosecanje	25	prosecanja	I jd	prosecanjem	
sedanje	25	sedanja	D/L jd	sedanju	
sedanje	25	sedanja	I jd	sedanjem	
surfanje	25	surfanja	I jd	surfanjem	
udubljivanje	25	udubljivanja	I jd	udubljivanjem	
zarobljeništvo	25	zarobljeništva	I jd	zarobljeništvom	
zgušnjavanje	25	zgušnjavanja	I jd	zgušnjavanjem	
zvonjenje	25	zvonjenja	D/L jd	zvonjenju	
čeprkanje	25	čeprkanja	D/L jd	čeprkanju	
čeprkanje	25	čeprkanja	I jd	čeprkanjem	
šepurenje	25	šepurenja	D/L jd	šepurenju	
šepurenje	25	šepurenja	I jd	šepurenjem	
živinče	25	živinčeta	I jd	živinčetom	proširena osnova
gurkanje	24	gurkanja	D/L jd	gurkanju	
gurkanje	24	gurkanja	I jd	gurkanjem	
iskliznuće	24	iskliznuća	D/L jd	iskliznuću	
iskliznuće	24	iskliznuća	I jd	iskliznućem	
kroćenje	24	kroćenja	I jd	kroćenjem	
masturbiranje	24	masturbiranja	D/L jd	masturbiranju	
masturbiranje	24	masturbiranja	I jd	masturbiranjem	
nastanjivanje	24	nastanjivanja	D/L jd	nastanjivanju	
nastanjivanje	24	nastanjivanja	I jd	nastanjivanjem	
nevaljalstvo	24	nevaljalstva	D/L jd	nevaljalstvu	
nevaljalstvo	24	nevaljalstva	I jd	nevaljalstvom	
odmotavanje	24	odmotavanja	D/L jd	odmotavanju	
rezbarenje	24	rezbarenja	D/L jd	rezbarenju	
rezbarenje	24	rezbarenja	I jd	rezbarenjem	
saginjanje	24	saginjanja	D/L jd	saginjanju	
sektaštvo	24	sektaštva	D/L jd	sektaštvu	
sektaštvo	24	sektaštva	I jd	sektaštvom	
sladostrašće	24	sladostrašća	D/L jd	sladostrašću	
sladostrašće	24	sladostrašća	I jd	sladostrašćem	
zametanje	24	zametanja	D/L jd	zametanju	
zametanje	24	zametanja	I jd	zametanjem	
ždranje	24	ždranja	D/L jd	ždranju	
ždranje	24	ždranja	I jd	ždranjem	
dečaštvo	23	dečaštva	I jd	dečaštvom	
isleđivanje	23	isleđivanja	I jd	isleđivanjem	
opominjanje	23	opominjanja	D/L jd	opominjanju	
podvajanje	23	podvajanja	I jd	podvajanjem	
prežderavanje	23	prežderavanja	D/L jd	prežderavanju	
prežderavanje	23	prežderavanja	I jd	prežderavanjem	
soliranje	23	soliranja	D/L jd	soliranju	
urezivanje	23	urezivanja	D/L jd	urezivanju	
zamiranje	23	zamiranja	D/L jd	zamiranju	
zamiranje	23	zamiranja	I jd	zamiranjem	
švrljanje	23	švrljanja	D/L jd	švrljanju	
švrljanje	23	švrljanja	I jd	švrljanjem	
doigravanje	22	doigravanja	I jd	doigravanjem	
dočaravanje	22	dočaravanja	I jd	dočaravanjem	
leganje	22	leganja	I jd	leganjem	
nokturno	22	nokturna	I jd	nokturnom	
očvršćavanje	22	očvršćavanja	D/L jd	očvršćavanju	
očvršćavanje	22	očvršćavanja	I jd	očvršćavanjem	
parodiranje	22	parodiranja	D/L jd	parodiranju	
parodiranje	22	parodiranja	I jd	parodiranjem	
plagiranje	22	plagiranja	D/L jd	plagiranju	
plagiranje	22	plagiranja	I jd	plagiranjem	
pljeskanje	22	pljeskanja	D/L jd	pljeskanju	
probuđenje	22	probuđenja	D/L jd	probuđenju	
probuđenje	22	probuđenja	I jd	probuđenjem	
proklinjanje	22	proklinjanja	D/L jd	proklinjanju	
proklinjanje	22	proklinjanja	I jd	proklinjanjem	
ubadanje	22	ubadanja	D/L jd	ubadanju	
uspravljanje	22	uspravljanja	D/L jd	uspravljanju	
uspravljanje	22	uspravljanja	I jd	uspravljanjem	
glumište	21	glumišta	I jd	glumištem	
guljenje	21	guljenja	D/L jd	guljenju	
guljenje	21	guljenja	I jd	guljenjem	
kastriranje	21	kastriranja	D/L jd	kastriranju	
kastriranje	21	kastriranja	I jd	kastriranjem	
konjarstvo	21	konjarstva	I jd	konjarstvom	
mračnjaštvo	21	mračnjaštva	D/L jd	mračnjaštvu	
mračnjaštvo	21	mračnjaštva	I jd	mračnjaštvom	
navaljivanje	21	navaljivanja	I jd	navaljivanjem	
neprimanje	21	neprimanja	D/L jd	neprimanju	
neprimanje	21	neprimanja	I jd	neprimanjem	
očijukanje	21	očijukanja	D/L jd	očijukanju	
očijukanje	21	očijukanja	I jd	očijukanjem	
puce	21	puceta	D/L jd	pucetu	proširena osnova
puce	21	puceta	I jd	pucetom	proširena osnova
samoodržanje	21	samoodržanja	D/L jd	samoodržanju	
sazvučje	21	sazvučja	I jd	sazvučjem	
bezbožje	20	bezbožja	D/L jd	bezbožju	
loptanje	20	loptanja	D/L jd	loptanju	
mreškanje	20	mreškanja	D/L jd	mreškanju	
mreškanje	20	mreškanja	I jd	mreškanjem	
nasrtanje	20	nasrtanja	D/L jd	nasrtanju	
neodobravanje	20	neodobravanja	D/L jd	neodobravanju	
premiranje	20	premiranja	I jd	premiranjem	
prostaštvo	20	prostaštva	D/L jd	prostaštvu	
prostaštvo	20	prostaštva	I jd	prostaštvom	
prvenče	20	prvenčeta	D/L jd	prvenčetu	proširena osnova
prvenče	20	prvenčeta	I jd	prvenčetom	proširena osnova
razbojište	20	razbojišta	I jd	razbojištem	
rimovanje	20	rimovanja	D/L jd	rimovanju	
rimovanje	20	rimovanja	I jd	rimovanjem	
sleđenje	20	sleđenja	D/L jd	sleđenju	
sleđenje	20	sleđenja	I jd	sleđenjem	
sramoćenje	20	sramoćenja	I jd	sramoćenjem	
tračanje	20	tračanja	D/L jd	tračanju	
tračanje	20	tračanja	I jd	tračanjem	
zabušavanje	20	zabušavanja	D/L jd	zabušavanju	
zabušavanje	20	zabušavanja	I jd	zabušavanjem	
zlatarstvo	20	zlatarstva	I jd	zlatarstvom	
žmirkanje	20	žmirkanja	D/L jd	žmirkanju	
žmirkanje	20	žmirkanja	I jd	žmirkanjem	
blještavilo	19	blještavila	D/L jd	blještavilu	
blještavilo	19	blještavila	I jd	blještavilom	
cupkanje	19	cupkanja	D/L jd	cupkanju	
cupkanje	19	cupkanja	I jd	cupkanjem	
dopadanje	19	dopadanja	D/L jd	dopadanju	
kladivo	19	kladiva	D/L jd	kladivu	
kladivo	19	kladiva	I jd	kladivom	
nagrizanje	19	nagrizanja	D/L jd	nagrizanju	
nepružanje	19	nepružanja	I jd	nepružanjem	
neuzimanje	19	neuzimanja	I jd	neuzimanjem	
pljuskanje	19	pljuskanja	D/L jd	pljuskanju	
pobeđivanje	19	pobeđivanja	I jd	pobeđivanjem	
preklinjanje	19	preklinjanja	D/L jd	preklinjanju	
preklinjanje	19	preklinjanja	I jd	preklinjanjem	
sleme	19	slemena	D/L jd	slemenu	proširena osnova
sleme	19	slemena	I jd	slemenom	proširena osnova
smicanje	19	smicanja	D/L jd	smicanju	
smicanje	19	smicanja	I jd	smicanjem	
tonjenje	19	tonjenja	D/L jd	tonjenju	
unajmljivanje	19	unajmljivanja	I jd	unajmljivanjem	
upinjanje	19	upinjanja	D/L jd	upinjanju	
upinjanje	19	upinjanja	I jd	upinjanjem	
voljenje	19	voljenja	D/L jd	voljenju	
voljenje	19	voljenja	I jd	voljenjem	
zverstvo	19	zverstva	D/L jd	zverstvu	
zverstvo	19	zverstva	I jd	zverstvom	
cerekanje	18	cerekanja	D/L jd	cerekanju	
jadanje	18	jadanja	D/L jd	jadanju	
jadanje	18	jadanja	I jd	jadanjem	
konfiskovanje	18	konfiskovanja	D/L jd	konfiskovanju	
konfiskovanje	18	konfiskovanja	I jd	konfiskovanjem	
kreketanje	18	kreketanja	D/L jd	kreketanju	
kreketanje	18	kreketanja	I jd	kreketanjem	
njihalo	18	njihala	D/L jd	njihalu	
njihalo	18	njihala	I jd	njihalom	
nominovanje	18	nominovanja	D/L jd	nominovanju	
nominovanje	18	nominovanja	I jd	nominovanjem	
pečaćenje	18	pečaćenja	D/L jd	pečaćenju	
pečaćenje	18	pečaćenja	I jd	pečaćenjem	
ruiniranje	18	ruiniranja	D/L jd	ruiniranju	
ruiniranje	18	ruiniranja	I jd	ruiniranjem	
sviđanje	18	sviđanja	I jd	sviđanjem	
teturanje	18	teturanja	D/L jd	teturanju	
teturanje	18	teturanja	I jd	teturanjem	
većanje	18	većanja	I jd	većanjem	
zaceljivanje	18	zaceljivanja	I jd	zaceljivanjem	
isparenje	17	isparenja	D/L jd	isparenju	
krivokletstvo	17	krivokletstva	D/L jd	krivokletstvu	
krivokletstvo	17	krivokletstva	I jd	krivokletstvom	
meditiranje	17	meditiranja	D/L jd	meditiranju	
meditiranje	17	meditiranja	I jd	meditiranjem	
nadilaženje	17	nadilaženja	D/L jd	nadilaženju	
nadilaženje	17	nadilaženja	I jd	nadilaženjem	
naređivanje	17	naređivanja	I jd	naređivanjem	
obzorje	17	obzorja	I jd	obzorjem	
odsluženje	17	odsluženja	I jd	odsluženjem	
osvojenje	17	osvojenja	D/L jd	osvojenju	
osvojenje	17	osvojenja	I jd	osvojenjem	
rastajanje	17	rastajanja	D/L jd	rastajanju	
rastajanje	17	rastajanja	I jd	rastajanjem	
seljakanje	17	seljakanja	I jd	seljakanjem	
sprezanje	17	sprezanja	D/L jd	sprezanju	
sprezanje	17	sprezanja	I jd	sprezanjem	
srdašce	17	srdašca	I jd	srdašcem	
tipkanje	17	tipkanja	D/L jd	tipkanju	
tipkanje	17	tipkanja	I jd	tipkanjem	
uobličenje	17	uobličenja	D/L jd	uobličenju	
uobličenje	17	uobličenja	I jd	uobličenjem	
čaranje	17	čaranja	D/L jd	čaranju	
čaranje	17	čaranja	I jd	čaranjem	
žuborenje	17	žuborenja	D/L jd	žuborenju	
bludničenje	16	bludničenja	D/L jd	bludničenju	
bludničenje	16	bludničenja	I jd	bludničenjem	
dopiranje	16	dopiranja	D/L jd	dopiranju	
dopiranje	16	dopiranja	I jd	dopiranjem	
durenje	16	durenja	D/L jd	durenju	
durenje	16	durenja	I jd	durenjem	
jare	16	jareta	D/L jd	jaretu	proširena osnova
jotovanje	16	jotovanja	I jd	jotovanjem	
klesanje	16	klesanja	D/L jd	klesanju	
klesanje	16	klesanja	I jd	klesanjem	
neulaganje	16	neulaganja	D/L jd	neulaganju	
neulaganje	16	neulaganja	I jd	neulaganjem	
ocilo	16	ocila	D/L jd	ocilu	
ocilo	16	ocila	I jd	ocilom	
sustizanje	16	sustizanja	I jd	sustizanjem	
tiskanje	16	tiskanja	D/L jd	tiskanju	
tiskanje	16	tiskanja	I jd	tiskanjem	
treskanje	16	treskanja	D/L jd	treskanju	
treskanje	16	treskanja	I jd	treskanjem	
vijuganje	16	vijuganja	D/L jd	vijuganju	
vijuganje	16	vijuganja	I jd	vijuganjem	
vrpoljenje	16	vrpoljenja	D/L jd	vrpoljenju	
zastajkivanje	16	zastajkivanja	D/L jd	zastajkivanju	
zastajkivanje	16	zastajkivanja	I jd	zastajkivanjem	
buljenje	15	buljenja	I jd	buljenjem	
carevanje	15	carevanja	I jd	carevanjem	
dosađivanje	15	dosađivanja	I jd	dosađivanjem	
iscrpljenje	15	iscrpljenja	I jd	iscrpljenjem	
izmotavanje	15	izmotavanja	D/L jd	izmotavanju	
kiseljenje	15	kiseljenja	D/L jd	kiseljenju	
kiseljenje	15	kiseljenja	I jd	kiseljenjem	
kreveljenje	15	kreveljenja	I jd	kreveljenjem	
micanje	15	micanja	I jd	micanjem	
mrdanje	15	mrdanja	D/L jd	mrdanju	
mrdanje	15	mrdanja	I jd	mrdanjem	
opsedanje	15	opsedanja	D/L jd	opsedanju	
opsedanje	15	opsedanja	I jd	opsedanjem	
opustošenje	15	opustošenja	I jd	opustošenjem	
pijuckanje	15	pijuckanja	D/L jd	pijuckanju	
pijuckanje	15	pijuckanja	I jd	pijuckanjem	
pleće	15	pleća	D/L jd	pleću	
pleće	15	pleća	I jd	plećem	
prikradanje	15	prikradanja	D/L jd	prikradanju	
snovanje	15	snovanja	I jd	snovanjem	
tresenje	15	tresenja	D/L jd	tresenju	
trubljenje	15	trubljenja	D/L jd	trubljenju	
umorstvo	15	umorstva	I jd	umorstvom	
utamničenje	15	utamničenja	D/L jd	utamničenju	
utamničenje	15	utamničenja	I jd	utamničenjem	
vrćenje	15	vrćenja	D/L jd	vrćenju	
vrćenje	15	vrćenja	I jd	vrćenjem	
zbrajanje	15	zbrajanja	D/L jd	zbrajanju	
zurenje	15	zurenja	I jd	zurenjem	
štipkanje	15	štipkanja	D/L jd	štipkanju	
štipkanje	15	štipkanja	I jd	štipkanjem	
boravljenje	14	boravljenja	D/L jd	boravljenju	
boravljenje	14	boravljenja	I jd	boravljenjem	
dleto	14	dleta	D/L jd	dletu	
glačanje	14	glačanja	D/L jd	glačanju	
ilirstvo	14	ilirstva	I jd	ilirstvom	
ludiranje	14	ludiranja	D/L jd	ludiranju	
ludiranje	14	ludiranja	I jd	ludiranjem	
nećkanje	14	nećkanja	D/L jd	nećkanju	
nećkanje	14	nećkanja	I jd	nećkanjem	
osmehivanje	14	osmehivanja	D/L jd	osmehivanju	
osmehivanje	14	osmehivanja	I jd	osmehivanjem	
očajavanje	14	očajavanja	D/L jd	očajavanju	
očajavanje	14	očajavanja	I jd	očajavanjem	
podanstvo	14	podanstva	I jd	podanstvom	
tegljenje	14	tegljenja	D/L jd	tegljenju	
tegljenje	14	tegljenja	I jd	tegljenjem	
ugibanje	14	ugibanja	D/L jd	ugibanju	
ugibanje	14	ugibanja	I jd	ugibanjem	
velebilje	14	velebilja	D/L jd	velebilju	
velebilje	14	velebilja	I jd	velebiljem	
zapadanje	14	zapadanja	I jd	zapadanjem	
zlopamćenje	14	zlopamćenja	I jd	zlopamćenjem	
evoluiranje	13	evoluiranja	D/L jd	evoluiranju	
evoluiranje	13	evoluiranja	I jd	evoluiranjem	
farmerstvo	13	farmerstva	D/L jd	farmerstvu	
farmerstvo	13	farmerstva	I jd	farmerstvom	
klecanje	13	klecanja	D/L jd	klecanju	
klecanje	13	klecanja	I jd	klecanjem	
kremiranje	13	kremiranja	D/L jd	kremiranju	
kremiranje	13	kremiranja	I jd	kremiranjem	
majmunisanje	13	majmunisanja	D/L jd	majmunisanju	
majmunisanje	13	majmunisanja	I jd	majmunisanjem	
mutiranje	13	mutiranja	D/L jd	mutiranju	
mutiranje	13	mutiranja	I jd	mutiranjem	
oponiranje	13	oponiranja	D/L jd	oponiranju	
oponiranje	13	oponiranja	I jd	oponiranjem	
parničenje	13	parničenja	D/L jd	parničenju	
prkošenje	13	prkošenja	D/L jd	prkošenju	
prkošenje	13	prkošenja	I jd	prkošenjem	
prošenje	13	prošenja	D/L jd	prošenju	
realije	13	realija	D/L jd	realiju	
realije	13	realija	I jd	realijem	
rovarenje	13	rovarenja	D/L jd	rovarenju	
stepovanje	13	stepovanja	D/L jd	stepovanju	
stepovanje	13	stepovanja	I jd	stepovanjem	
zastajanje	13	zastajanja	D/L jd	zastajanju	
zastajanje	13	zastajanja	I jd	zastajanjem	
izmenjivanje	12	izmenjivanja	I jd	izmenjivanjem	
marširanje	12	marširanja	D/L jd	marširanju	
marširanje	12	marširanja	I jd	marširanjem	
mozganje	12	mozganja	D/L jd	mozganju	
mozganje	12	mozganja	I jd	mozganjem	
odolevanje	12	odolevanja	D/L jd	odolevanju	
odolevanje	12	odolevanja	I jd	odolevanjem	
odrubljivanje	12	odrubljivanja	D/L jd	odrubljivanju	
odrubljivanje	12	odrubljivanja	I jd	odrubljivanjem	
oglavlje	12	oglavlja	D/L jd	oglavlju	
oglavlje	12	oglavlja	I jd	oglavljem	
okupiranje	12	okupiranja	D/L jd	okupiranju	
okupiranje	12	okupiranja	I jd	okupiranjem	
osvedočenje	12	osvedočenja	I jd	osvedočenjem	
porađanje	12	porađanja	I jd	porađanjem	
rezimiranje	12	rezimiranja	D/L jd	rezimiranju	
rezimiranje	12	rezimiranja	I jd	rezimiranjem	
telašce	12	telašca	D/L jd	telašcu	
telašce	12	telašca	I jd	telašcem	
udovištvo	12	udovištva	I jd	udovištvom	
zaranjanje	12	zaranjanja	D/L jd	zaranjanju	
zaranjanje	12	zaranjanja	I jd	zaranjanjem	
zatočenje	12	zatočenja	D/L jd	zatočenju	
zatočenje	12	zatočenja	I jd	zatočenjem	
belilo	11	belila	D/L jd	belilu	
biralište	11	birališta	I jd	biralištem	
devojaštvo	11	devojaštva	D/L jd	devojaštvu	
devojaštvo	11	devojaštva	I jd	devojaštvom	
dobavljanje	11	dobavljanja	I jd	dobavljanjem	
laviranje	11	laviranja	I jd	laviranjem	
lickanje	11	lickanja	D/L jd	lickanju	
lickanje	11	lickanja	I jd	lickanjem	
lumpovanje	11	lumpovanja	I jd	lumpovanjem	
maraskino	11	maraskina	D/L jd	maraskinu	
maraskino	11	maraskina	I jd	maraskinom	
nalivpero	11	nalivpera	D/L jd	nalivperu	
nalivpero	11	nalivpera	I jd	nalivperom	
nevraćanje	11	nevraćanja	D/L jd	nevraćanju	
nevraćanje	11	nevraćanja	I jd	nevraćanjem	
obećavanje	11	obećavanja	D/L jd	obećavanju	
odmahivanje	11	odmahivanja	D/L jd	odmahivanju	
odmahivanje	11	odmahivanja	I jd	odmahivanjem	
pojilište	11	pojilišta	D/L jd	pojilištu	
pojilište	11	pojilišta	I jd	pojilištem	
povesmo	11	povesma	D/L jd	povesmu	
puknuće	11	puknuća	D/L jd	puknuću	
puknuće	11	puknuća	I jd	puknućem	
razlučivanje	11	razlučivanja	D/L jd	razlučivanju	
razlučivanje	11	razlučivanja	I jd	razlučivanjem	
višeglasje	11	višeglasja	D/L jd	višeglasju	
višeglasje	11	višeglasja	I jd	višeglasjem	
zatajenje	11	zatajenja	D/L jd	zatajenju	
zatajenje	11	zatajenja	I jd	zatajenjem	
bratoljublje	10	bratoljublja	I jd	bratoljubljem	
kovitlanje	10	kovitlanja	D/L jd	kovitlanju	
kovitlanje	10	kovitlanja	I jd	kovitlanjem	
nabiranje	10	nabiranja	D/L jd	nabiranju	
nabiranje	10	nabiranja	I jd	nabiranjem	
napastvovanje	10	napastvovanja	D/L jd	napastvovanju	
napastvovanje	10	napastvovanja	I jd	napastvovanjem	
pobuđivanje	10	pobuđivanja	I jd	pobuđivanjem	
selce	10	selca	D/L jd	selcu	
selce	10	selca	I jd	selcem	
uboštvo	10	uboštva	D/L jd	uboštvu	
umišljanje	10	umišljanja	D/L jd	umišljanju	
umišljanje	10	umišljanja	I jd	umišljanjem	
ustručavanje	10	ustručavanja	D/L jd	ustručavanju	
vucaranje	10	vucaranja	D/L jd	vucaranju	
vucaranje	10	vucaranja	I jd	vucaranjem	
zaletanje	10	zaletanja	D/L jd	zaletanju	
zaletanje	10	zaletanja	I jd	zaletanjem	
zapitkivanje	10	zapitkivanja	D/L jd	zapitkivanju	
zaražavanje	10	zaražavanja	I jd	zaražavanjem	
asociranje	9	asociranja	D/L jd	asociranju	
asociranje	9	asociranja	I jd	asociranjem	
cmakanje	9	cmakanja	D/L jd	cmakanju	
cmakanje	9	cmakanja	I jd	cmakanjem	
cmizdrenje	9	cmizdrenja	D/L jd	cmizdrenju	
crevce	9	crevca	D/L jd	crevcu	
crevce	9	crevca	I jd	crevcem	
dokidanje	9	dokidanja	D/L jd	dokidanju	
dokidanje	9	dokidanja	I jd	dokidanjem	
hučanje	9	hučanja	D/L jd	hučanju	
hučanje	9	hučanja	I jd	hučanjem	
klonuće	9	klonuća	D/L jd	klonuću	
klonuće	9	klonuća	I jd	klonućem	
nemilosrđe	9	nemilosrđa	I jd	nemilosrđem	
odseljavanje	9	odseljavanja	D/L jd	odseljavanju	
odseljavanje	9	odseljavanja	I jd	odseljavanjem	
podušje	9	podušja	I jd	podušjem	
posredstvo	9	posredstva	D/L jd	posredstvu	
počivanje	9	počivanja	D/L jd	počivanju	
rasprskavanje	9	rasprskavanja	D/L jd	rasprskavanju	
rasprskavanje	9	rasprskavanja	I jd	rasprskavanjem	
razvezivanje	9	razvezivanja	D/L jd	razvezivanju	
razvezivanje	9	razvezivanja	I jd	razvezivanjem	
sedalo	9	sedala	I jd	sedalom	
skitanje	9	skitanja	D/L jd	skitanju	
skitanje	9	skitanja	I jd	skitanjem	
snebivanje	9	snebivanja	D/L jd	snebivanju	
tutkalo	9	tutkala	D/L jd	tutkalu	
uzletište	9	uzletišta	I jd	uzletištem	
vrdanje	9	vrdanja	D/L jd	vrdanju	
vrdanje	9	vrdanja	I jd	vrdanjem	
vrludanje	9	vrludanja	D/L jd	vrludanju	
vrludanje	9	vrludanja	I jd	vrludanjem	
šaptanje	9	šaptanja	D/L jd	šaptanju	
šaptanje	9	šaptanja	I jd	šaptanjem	
desetleće	8	desetleća	D/L jd	desetleću	
desetleće	8	desetleća	I jd	desetlećem	
dezertiranje	8	dezertiranja	D/L jd	dezertiranju	
dezertiranje	8	dezertiranja	I jd	dezertiranjem	
haranje	8	haranja	I jd	haranjem	
izleganje	8	izleganja	D/L jd	izleganju	
izleganje	8	izleganja	I jd	izleganjem	
okivanje	8	okivanja	I jd	okivanjem	
oplođivanje	8	oplođivanja	D/L jd	oplođivanju	
oplođivanje	8	oplođivanja	I jd	oplođivanjem	
očitanje	8	očitanja	D/L jd	očitanju	
očitanje	8	očitanja	I jd	očitanjem	
pabirčenje	8	pabirčenja	D/L jd	pabirčenju	
pabirčenje	8	pabirčenja	I jd	pabirčenjem	
podbadanje	8	podbadanja	I jd	podbadanjem	
povođenje	8	povođenja	D/L jd	povođenju	
povođenje	8	povođenja	I jd	povođenjem	
predomišljanje	8	predomišljanja	D/L jd	predomišljanju	
predomišljanje	8	predomišljanja	I jd	predomišljanjem	
rilo	8	rila	I jd	rilom	
udovoljenje	8	udovoljenja	D/L jd	udovoljenju	
udovoljenje	8	udovoljenja	I jd	udovoljenjem	
uposlenje	8	uposlenja	D/L jd	uposlenju	
uposlenje	8	uposlenja	I jd	uposlenjem	
uzbuđivanje	8	uzbuđivanja	D/L jd	uzbuđivanju	
uzbuđivanje	8	uzbuđivanja	I jd	uzbuđivanjem	
vatrište	8	vatrišta	I jd	vatrištem	
zalečenje	8	zalečenja	D/L jd	zalečenju	
zalečenje	8	zalečenja	I jd	zalečenjem	
žalovanje	8	žalovanja	D/L jd	žalovanju	
bljuvanje	7	bljuvanja	D/L jd	bljuvanju	
bljuvanje	7	bljuvanja	I jd	bljuvanjem	
dangubljenje	7	dangubljenja	D/L jd	dangubljenju	
dangubljenje	7	dangubljenja	I jd	dangubljenjem	
gakanje	7	gakanja	D/L jd	gakanju	
grcanje	7	grcanja	D/L jd	grcanju	
grcanje	7	grcanja	I jd	grcanjem	
grizenje	7	grizenja	D/L jd	grizenju	
kolence	7	kolenca	D/L jd	kolencu	
kolence	7	kolenca	I jd	kolencem	
kondenzovanje	7	kondenzovanja	D/L jd	kondenzovanju	
kondenzovanje	7	kondenzovanja	I jd	kondenzovanjem	
ljubakanje	7	ljubakanja	D/L jd	ljubakanju	
ljubakanje	7	ljubakanja	I jd	ljubakanjem	
motrenje	7	motrenja	I jd	motrenjem	
močilo	7	močila	I jd	močilom	
nadvikivanje	7	nadvikivanja	I jd	nadvikivanjem	
okresivanje	7	okresivanja	D/L jd	okresivanju	
okresivanje	7	okresivanja	I jd	okresivanjem	
pasiranje	7	pasiranja	D/L jd	pasiranju	
pasiranje	7	pasiranja	I jd	pasiranjem	
pirovanje	7	pirovanja	I jd	pirovanjem	
počinjenje	7	počinjenja	D/L jd	počinjenju	
počinjenje	7	počinjenja	I jd	počinjenjem	
premetanje	7	premetanja	D/L jd	premetanju	
premetanje	7	premetanja	I jd	premetanjem	
prestizanje	7	prestizanja	D/L jd	prestizanju	
prestizanje	7	prestizanja	I jd	prestizanjem	
pripojenje	7	pripojenja	D/L jd	pripojenju	
pripojenje	7	pripojenja	I jd	pripojenjem	
prisoje	7	prisoja	I jd	prisojem	
prolijevanje	7	prolijevanja	D/L jd	prolijevanju	
prolijevanje	7	prolijevanja	I jd	prolijevanjem	
slagalište	7	slagališta	D/L jd	slagalištu	
slagalište	7	slagališta	I jd	slagalištem	
tremolo	7	tremola	D/L jd	tremolu	
tremolo	7	tremola	I jd	tremolom	
ugošćavanje	7	ugošćavanja	I jd	ugošćavanjem	
uzlaženje	7	uzlaženja	I jd	uzlaženjem	
zatajivanje	7	zatajivanja	D/L jd	zatajivanju	
zatajivanje	7	zatajivanja	I jd	zatajivanjem	
zavađanje	7	zavađanja	D/L jd	zavađanju	
zavađanje	7	zavađanja	I jd	zavađanjem	
zveketanje	7	zveketanja	D/L jd	zveketanju	
zveketanje	7	zveketanja	I jd	zveketanjem	
bacakanje	6	bacakanja	D/L jd	bacakanju	
bacakanje	6	bacakanja	I jd	bacakanjem	
bunjište	6	bunjišta	D/L jd	bunjištu	
bunjište	6	bunjišta	I jd	bunjištem	
kuđenje	6	kuđenja	D/L jd	kuđenju	
kuđenje	6	kuđenja	I jd	kuđenjem	
mikado	6	mikada	D/L jd	mikadu	
mikado	6	mikada	I jd	mikadom	
napasanje	6	napasanja	I jd	napasanjem	
napominjanje	6	napominjanja	I jd	napominjanjem	
okolišanje	6	okolišanja	D/L jd	okolišanju	
osujećivanje	6	osujećivanja	I jd	osujećivanjem	
osvećivanje	6	osvećivanja	D/L jd	osvećivanju	
osvećivanje	6	osvećivanja	I jd	osvećivanjem	
ozračenje	6	ozračenja	D/L jd	ozračenju	
ozračenje	6	ozračenja	I jd	ozračenjem	
oštroumlje	6	oštroumlja	D/L jd	oštroumlju	
razdiranje	6	razdiranja	I jd	razdiranjem	
razgledavanje	6	razgledavanja	I jd	razgledavanjem	
rezbarstvo	6	rezbarstva	D/L jd	rezbarstvu	
rezbarstvo	6	rezbarstva	I jd	rezbarstvom	
roktanje	6	roktanja	I jd	roktanjem	
stegno	6	stegna	I jd	stegnom	
streljivo	6	streljiva	D/L jd	streljivu	
sumnjanje	6	sumnjanja	I jd	sumnjanjem	
udivljenje	6	udivljenja	D/L jd	udivljenju	
uspevanje	6	uspevanja	D/L jd	uspevanju	
uspevanje	6	uspevanja	I jd	uspevanjem	
zapinjanje	6	zapinjanja	D/L jd	zapinjanju	
zborovanje	6	zborovanja	D/L jd	zborovanju	
zborovanje	6	zborovanja	I jd	zborovanjem	
škembe	6	škembeta	D/L jd	škembetu	proširena osnova
škembe	6	škembeta	I jd	škembetom	proširena osnova
gnezdašce	5	gnezdašca	D/L jd	gnezdašcu	
gnezdašce	5	gnezdašca	I jd	gnezdašcem	
hukanje	5	hukanja	D/L jd	hukanju	
hukanje	5	hukanja	I jd	hukanjem	
jenjavanje	5	jenjavanja	D/L jd	jenjavanju	
jenjavanje	5	jenjavanja	I jd	jenjavanjem	
krivudanje	5	krivudanja	D/L jd	krivudanju	
krivudanje	5	krivudanja	I jd	krivudanjem	
navršenje	5	navršenja	D/L jd	navršenju	
navršenje	5	navršenja	I jd	navršenjem	
pivarstvo	5	pivarstva	D/L jd	pivarstvu	
pivarstvo	5	pivarstva	I jd	pivarstvom	
rebarce	5	rebarca	D/L jd	rebarcu	
rebarce	5	rebarca	I jd	rebarcem	
sirište	5	sirišta	D/L jd	sirištu	
sirište	5	sirišta	I jd	sirištem	
stočarenje	5	stočarenja	I jd	stočarenjem	
tesanje	5	tesanja	I jd	tesanjem	
topništvo	5	topništva	D/L jd	topništvu	
topništvo	5	topništva	I jd	topništvom	
tovljenje	5	tovljenja	D/L jd	tovljenju	
tovljenje	5	tovljenja	I jd	tovljenjem	
upletanje	5	upletanja	D/L jd	upletanju	
upletanje	5	upletanja	I jd	upletanjem	
čegrtanje	5	čegrtanja	D/L jd	čegrtanju	
čegrtanje	5	čegrtanja	I jd	čegrtanjem	
anektiranje	4	anektiranja	I jd	anektiranjem	
barbarstvo	4	barbarstva	D/L jd	barbarstvu	
barbarstvo	4	barbarstva	I jd	barbarstvom	
bratimstvo	4	bratimstva	D/L jd	bratimstvu	
bratimstvo	4	bratimstva	I jd	bratimstvom	
garniranje	4	garniranja	I jd	garniranjem	
inozemstvo	4	inozemstva	I jd	inozemstvom	
maturiranje	4	maturiranja	D/L jd	maturiranju	
maturiranje	4	maturiranja	I jd	maturiranjem	
pojilo	4	pojila	I jd	pojilom	
zafrkavanje	4	zafrkavanja	D/L jd	zafrkavanju	
zafrkavanje	4	zafrkavanja	I jd	zafrkavanjem	
šivanje	4	šivanja	D/L jd	šivanju	
šivanje	4	šivanja	I jd	šivanjem	
afektiranje	3	afektiranja	D/L jd	afektiranju	
afektiranje	3	afektiranja	I jd	afektiranjem	
cuganje	3	cuganja	D/L jd	cuganju	
cuganje	3	cuganja	I jd	cuganjem	
govorkanje	3	govorkanja	D/L jd	govorkanju	
govorkanje	3	govorkanja	I jd	govorkanjem	
grešenje	3	grešenja	D/L jd	grešenju	
grizodušje	3	grizodušja	D/L jd	grizodušju	
gušče	3	guščeta	D/L jd	guščetu	proširena osnova
gušče	3	guščeta	I jd	guščetom	proširena osnova
kimono	3	kimona	I jd	kimonom	
naukovanje	3	naukovanja	D/L jd	naukovanju	
naukovanje	3	naukovanja	I jd	naukovanjem	
nehtenje	3	nehtenja	D/L jd	nehtenju	
nehtenje	3	nehtenja	I jd	nehtenjem	
noćište	3	noćišta	I jd	noćištem	
nutkanje	3	nutkanja	D/L jd	nutkanju	
nutkanje	3	nutkanja	I jd	nutkanjem	
okance	3	okanca	D/L jd	okancu	
okance	3	okanca	I jd	okancem	
otrovanje	3	otrovanja	D/L jd	otrovanju	
otrovanje	3	otrovanja	I jd	otrovanjem	
plenjenje	3	plenjenja	D/L jd	plenjenju	
plenjenje	3	plenjenja	I jd	plenjenjem	
proziranje	3	proziranja	D/L jd	proziranju	
proziranje	3	proziranja	I jd	proziranjem	
rasedanje	3	rasedanja	I jd	rasedanjem	
rodoskvrnuće	3	rodoskvrnuća	D/L jd	rodoskvrnuću	
rodoskvrnuće	3	rodoskvrnuća	I jd	rodoskvrnućem	
stakalce	3	stakalca	D/L jd	stakalcu	
stakalce	3	stakalca	I jd	stakalcem	
strnište	3	strništa	D/L jd	strništu	
strnište	3	strništa	I jd	strništem	
toptanje	3	toptanja	D/L jd	toptanju	
toptanje	3	toptanja	I jd	toptanjem	
usmrćivanje	3	usmrćivanja	D/L jd	usmrćivanju	
usmrćivanje	3	usmrćivanja	I jd	usmrćivanjem	
zapešće	3	zapešća	I jd	zapešćem	
šuljanje	3	šuljanja	D/L jd	šuljanju	
šuljanje	3	šuljanja	I jd	šuljanjem	
garište	2	garišta	I jd	garištem	
intrigiranje	2	intrigiranja	D/L jd	intrigiranju	
intrigiranje	2	intrigiranja	I jd	intrigiranjem	
ispričavanje	2	ispričavanja	D/L jd	ispričavanju	
ispričavanje	2	ispričavanja	I jd	ispričavanjem	
kampiranje	2	kampiranja	I jd	kampiranjem	
mekuštvo	2	mekuštva	D/L jd	mekuštvu	
mekuštvo	2	mekuštva	I jd	mekuštvom	
ogledavanje	2	ogledavanja	D/L jd	ogledavanju	
ogledavanje	2	ogledavanja	I jd	ogledavanjem	
sumračje	2	sumračja	I jd	sumračjem	
zapovedanje	2	zapovedanja	I jd	zapovedanjem	
balzamiranje	1	balzamiranja	D/L jd	balzamiranju	
balzamiranje	1	balzamiranja	I jd	balzamiranjem	
bijenale	1	bijenala	I jd	bijenalem	
kopkanje	1	kopkanja	D/L jd	kopkanju	
kopkanje	1	kopkanja	I jd	kopkanjem	
napregnuće	1	napregnuća	D/L jd	napregnuću	
napregnuće	1	napregnuća	I jd	napregnućem	
novačenje	1	novačenja	I jd	novačenjem	
optrčavanje	1	optrčavanja	D/L jd	optrčavanju	
optrčavanje	1	optrčavanja	I jd	optrčavanjem	
pomišljanje	1	pomišljanja	D/L jd	pomišljanju	
poselo	1	posela	I jd	poselom	
preslušanje	1	preslušanja	D/L jd	preslušanju	
preslušanje	1	preslušanja	I jd	preslušanjem	
prirođenje	1	prirođenja	D/L jd	prirođenju	
promaknuće	1	promaknuća	I jd	promaknućem	
riskiranje	1	riskiranja	D/L jd	riskiranju	
riskiranje	1	riskiranja	I jd	riskiranjem	
sagibanje	1	sagibanja	D/L jd	sagibanju	
sagibanje	1	sagibanja	I jd	sagibanjem	
uzrujavanje	1	uzrujavanja	D/L jd	uzrujavanju	
uzrujavanje	1	uzrujavanja	I jd	uzrujavanjem	
časništvo	1	časništva	D/L jd	časništvu	
časništvo	1	časništva	I jd	časništvom	
agitovanje	0	agitovanja	I jd	agitovanjem	
arilje	0	arilja	I jd	ariljem	
armadilo	0	armadila	D/L jd	armadilu	
armadilo	0	armadila	I jd	armadilom	
balavljenje	0	balavljenja	D/L jd	balavljenju	
balavljenje	0	balavljenja	I jd	balavljenjem	
balsamovanje	0	balsamovanja	D/L jd	balsamovanju	
balsamovanje	0	balsamovanja	I jd	balsamovanjem	
balzamovanje	0	balzamovanja	D/L jd	balzamovanju	
balzamovanje	0	balzamovanja	I jd	balzamovanjem	
barajevo	0	barajeva	I jd	barajevom	
bazanje	0	bazanja	I jd	bazanjem	
bekrijanje	0	bekrijanja	D/L jd	bekrijanju	
bekrijanje	0	bekrijanja	I jd	bekrijanjem	
belkanto	0	belkanta	D/L jd	belkantu	
belkanto	0	belkanta	I jd	belkantom	
blagočešće	0	blagočešća	D/L jd	blagočešću	
blagočešće	0	blagočešća	I jd	blagočešćem	
blatište	0	blatišta	I jd	blatištem	
bluđenje	0	bluđenja	D/L jd	bluđenju	
bluđenje	0	bluđenja	I jd	bluđenjem	
boksovanje	0	boksovanja	D/L jd	boksovanju	
boksovanje	0	boksovanja	I jd	boksovanjem	
bugojno	0	bugojna	I jd	bugojnom	
buktanje	0	buktanja	D/L jd	buktanju	
buktanje	0	buktanja	I jd	buktanjem	
bulažnjenje	0	bulažnjenja	D/L jd	bulažnjenju	
bulažnjenje	0	bulažnjenja	I jd	bulažnjenjem	
bunjenje	0	bunjenja	D/L jd	bunjenju	
bunjenje	0	bunjenja	I jd	bunjenjem	
cerenje	0	cerenja	D/L jd	cerenju	
cerenje	0	cerenja	I jd	cerenjem	
cifranje	0	cifranja	D/L jd	cifranju	
cifranje	0	cifranja	I jd	cifranjem	
dedinje	0	dedinja	I jd	dedinjem	
desetljeće	0	desetljeća	I jd	desetljećem	
detelište	0	detelišta	I jd	detelištem	
dinstanje	0	dinstanja	D/L jd	dinstanju	
dosluženje	0	dosluženja	I jd	dosluženjem	
doziđivanje	0	doziđivanja	D/L jd	doziđivanju	
doziđivanje	0	doziđivanja	I jd	doziđivanjem	
dočekanje	0	dočekanja	D/L jd	dočekanju	
držalje	0	držalja	I jd	držaljem	
dupence	0	dupenceta	D/L jd	dupencetu	proširena osnova
dupence	0	dupenceta	I jd	dupencetom	proširena osnova
džonjanje	0	džonjanja	D/L jd	džonjanju	
džonjanje	0	džonjanja	I jd	džonjanjem	
eksploatisanje	0	eksploatisanja	D/L jd	eksploatisanju	
eksploatisanje	0	eksploatisanja	I jd	eksploatisanjem	
flamenko	0	flamenka	D/L jd	flamenku	
flamenko	0	flamenka	I jd	flamenkom	
gatarstvo	0	gatarstva	D/L jd	gatarstvu	
gatarstvo	0	gatarstva	I jd	gatarstvom	
gestapo	0	gestapa	I jd	gestapom	
gizdanje	0	gizdanja	I jd	gizdanjem	
gloženje	0	gloženja	D/L jd	gloženju	
gloženje	0	gloženja	I jd	gloženjem	
gluvarenje	0	gluvarenja	I jd	gluvarenjem	
gnjilane	0	gnjilana	I jd	gnjilanem	
gorđenje	0	gorđenja	D/L jd	gorđenju	
gorđenje	0	gorđenja	I jd	gorđenjem	
gotovljenje	0	gotovljenja	I jd	gotovljenjem	
govance	0	govanceta	D/L jd	govancetu	proširena osnova
govance	0	govanceta	I jd	govancetom	proširena osnova
grabljenje	0	grabljenja	D/L jd	grabljenju	
grgutanje	0	grgutanja	D/L jd	grgutanju	
grgutanje	0	grgutanja	I jd	grgutanjem	
guano	0	guana	D/L jd	guanu	
guano	0	guana	I jd	guanom	
gusinje	0	gusinja	I jd	gusinjem	
gučevo	0	gučeva	I jd	gučevom	
gušanje	0	gušanja	I jd	gušanjem	
hajdukovanje	0	hajdukovanja	I jd	hajdukovanjem	
hlorisanje	0	hlorisanja	D/L jd	hlorisanju	
hlorisanje	0	hlorisanja	I jd	hlorisanjem	
homolje	0	homolja	I jd	homoljem	
iskradanje	0	iskradanja	D/L jd	iskradanju	
iskradanje	0	iskradanja	I jd	iskradanjem	
isleđenje	0	isleđenja	I jd	isleđenjem	
izbavljanje	0	izbavljanja	I jd	izbavljanjem	
izgonjenje	0	izgonjenja	D/L jd	izgonjenju	
izgonjenje	0	izgonjenja	I jd	izgonjenjem	
izlivanje	0	izlivanja	D/L jd	izlivanju	
izlječenje	0	izlječenja	I jd	izlječenjem	
iznurivanje	0	iznurivanja	D/L jd	iznurivanju	
iznurivanje	0	iznurivanja	I jd	iznurivanjem	
izronjavanje	0	izronjavanja	D/L jd	izronjavanju	
izronjavanje	0	izronjavanja	I jd	izronjavanjem	
izvrdavanje	0	izvrdavanja	I jd	izvrdavanjem	
jarinje	0	jarinja	I jd	jarinjem	
jeđenje	0	jeđenja	D/L jd	jeđenju	
jurenje	0	jurenja	D/L jd	jurenju	
jurenje	0	jurenja	I jd	jurenjem	
jurke	0	jurka	D/L jd	jurku	
jurke	0	jurka	I jd	jurkem	
kairo	0	kaira	I jd	kairom	
kapućino	0	kapućina	D/L jd	kapućinu	
kapućino	0	kapućina	I jd	kapućinom	
karanovo	0	karanova	D/L jd	karanovu	
karanovo	0	karanova	I jd	karanovom	
karavađo	0	karavađa	I jd	karavađem	
kasapljenje	0	kasapljenja	D/L jd	kasapljenju	
kasapljenje	0	kasapljenja	I jd	kasapljenjem	
katoličenje	0	katoličenja	I jd	katoličenjem	
kibicovanje	0	kibicovanja	D/L jd	kibicovanju	
kibicovanje	0	kibicovanja	I jd	kibicovanjem	
kinjenje	0	kinjenja	I jd	kinjenjem	
kinđurenje	0	kinđurenja	I jd	kinđurenjem	
kjoto	0	kjota	I jd	kjotom	
kladovo	0	kladova	I jd	kladovom	
koeljo	0	koelja	D/L jd	koelju	
koeljo	0	koelja	I jd	koeljem	
kolorado	0	kolorada	I jd	koloradom	
kolumbo	0	kolumba	D/L jd	kolumbu	
kolumbo	0	kolumba	I jd	kolumbom	
konačenje	0	konačenja	D/L jd	konačenju	
konačenje	0	konačenja	I jd	konačenjem	
konobarisanje	0	konobarisanja	D/L jd	konobarisanju	
konobarisanje	0	konobarisanja	I jd	konobarisanjem	
kontrastiranje	0	kontrastiranja	D/L jd	kontrastiranju	
kristalizovanje	0	kristalizovanja	D/L jd	kristalizovanju	
kristalizovanje	0	kristalizovanja	I jd	kristalizovanjem	
krivoverje	0	krivoverja	D/L jd	krivoverju	
krivoverje	0	krivoverja	I jd	krivoverjem	
krpljenje	0	krpljenja	I jd	krpljenjem	
kućenje	0	kućenja	I jd	kućenjem	
ladino	0	ladina	D/L jd	ladinu	
ladino	0	ladina	I jd	ladinom	
lakomstvo	0	lakomstva	D/L jd	lakomstvu	
lebane	0	lebana	I jd	lebanem	
linčovanje	0	linčovanja	I jd	linčovanjem	
lipsavanje	0	lipsavanja	D/L jd	lipsavanju	
lipsavanje	0	lipsavanja	I jd	lipsavanjem	
ljepilo	0	ljepila	D/L jd	ljepilu	
ljepilo	0	ljepila	I jd	ljepilom	
lordstvo	0	lordstva	D/L jd	lordstvu	
lordstvo	0	lordstva	I jd	lordstvom	
maroko	0	maroka	I jd	marokom	
marvinče	0	marvinčeta	D/L jd	marvinčetu	proširena osnova
marvinče	0	marvinčeta	I jd	marvinčetom	proširena osnova
maštanije	0	maštanija	D/L jd	maštaniju	
maštanije	0	maštanija	I jd	maštanijem	
mefisto	0	mefista	D/L jd	mefistu	
mefisto	0	mefista	I jd	mefistom	
merdare	0	merdara	I jd	merdarem	
mesečarenje	0	mesečarenja	D/L jd	mesečarenju	
mesečarenje	0	mesečarenja	I jd	mesečarenjem	
mesojeđe	0	mesojeđa	D/L jd	mesojeđu	
mesojeđe	0	mesojeđa	I jd	mesojeđem	
minare	0	minara	D/L jd	minaru	
minare	0	minara	I jd	minarem	
mićenje	0	mićenja	D/L jd	mićenju	
mićenje	0	mićenja	I jd	mićenjem	
mobilisanje	0	mobilisanja	I jd	mobilisanjem	
mogućstvo	0	mogućstva	I jd	mogućstvom	
moralisanje	0	moralisanja	D/L jd	moralisanju	
moralisanje	0	moralisanja	I jd	moralisanjem	
mržnjenje	0	mržnjenja	D/L jd	mržnjenju	
mržnjenje	0	mržnjenja	I jd	mržnjenjem	
mućenje	0	mućenja	D/L jd	mućenju	
nadevanje	0	nadevanja	D/L jd	nadevanju	
nadolaženje	0	nadolaženja	D/L jd	nadolaženju	
najedanje	0	najedanja	D/L jd	najedanju	
najedanje	0	najedanja	I jd	najedanjem	
nalivanje	0	nalivanja	D/L jd	nalivanju	
nalivanje	0	nalivanja	I jd	nalivanjem	
napijanje	0	napijanja	D/L jd	napijanju	
napijanje	0	napijanja	I jd	napijanjem	
naseljenje	0	naseljenja	D/L jd	naseljenju	
naseljenje	0	naseljenja	I jd	naseljenjem	
naturanje	0	naturanja	D/L jd	naturanju	
naturanje	0	naturanja	I jd	naturanjem	
nazime	0	nazimeta	D/L jd	nazimetu	proširena osnova
nazime	0	nazimeta	I jd	nazimetom	proširena osnova
neigranje	0	neigranja	D/L jd	neigranju	
neimarstvo	0	neimarstva	D/L jd	neimarstvu	
neimarstvo	0	neimarstva	I jd	neimarstvom	
neiznošenje	0	neiznošenja	D/L jd	neiznošenju	
neiznošenje	0	neiznošenja	I jd	neiznošenjem	
nekupanje	0	nekupanja	D/L jd	nekupanju	
nekupanje	0	nekupanja	I jd	nekupanjem	
nenadanje	0	nenadanja	D/L jd	nenadanju	
nenadanje	0	nenadanja	I jd	nenadanjem	
neobraćanje	0	neobraćanja	D/L jd	neobraćanju	
neobraćanje	0	neobraćanja	I jd	neobraćanjem	
nepamćenje	0	nepamćenja	D/L jd	nepamćenju	
nepamćenje	0	nepamćenja	I jd	nepamćenjem	
nevesinje	0	nevesinja	I jd	nevesinjem	
neviđenje	0	neviđenja	D/L jd	neviđenju	
neviđenje	0	neviđenja	I jd	neviđenjem	
neželjenje	0	neželjenja	I jd	neželjenjem	
njegovanje	0	njegovanja	I jd	njegovanjem	
obaziranje	0	obaziranja	D/L jd	obaziranju	
obaziranje	0	obaziranja	I jd	obaziranjem	
odelce	0	odelca	D/L jd	odelcu	
odelce	0	odelca	I jd	odelcem	
odeljivanje	0	odeljivanja	D/L jd	odeljivanju	
odeljivanje	0	odeljivanja	I jd	odeljivanjem	
odrešenje	0	odrešenja	I jd	odrešenjem	
odronjavanje	0	odronjavanja	D/L jd	odronjavanju	
odronjavanje	0	odronjavanja	I jd	odronjavanjem	
oduživanje	0	oduživanja	D/L jd	oduživanju	
oduživanje	0	oduživanja	I jd	oduživanjem	
ohajo	0	ohaja	D/L jd	ohaju	
ohajo	0	ohaja	I jd	ohajem	
okapanje	0	okapanja	D/L jd	okapanju	
okapanje	0	okapanja	I jd	okapanjem	
okolišenje	0	okolišenja	D/L jd	okolišenju	
okolišenje	0	okolišenja	I jd	okolišenjem	
onesvešćivanje	0	onesvešćivanja	D/L jd	onesvešćivanju	
onesvešćivanje	0	onesvešćivanja	I jd	onesvešćivanjem	
opanjkavanje	0	opanjkavanja	D/L jd	opanjkavanju	
opanjkavanje	0	opanjkavanja	I jd	opanjkavanjem	
opevanje	0	opevanja	D/L jd	opevanju	
opkoračenje	0	opkoračenja	D/L jd	opkoračenju	
opkoračenje	0	opkoračenja	I jd	opkoračenjem	
opovo	0	opova	I jd	opovom	
optiranje	0	optiranja	D/L jd	optiranju	
optiranje	0	optiranja	I jd	optiranjem	
opčinjavanje	0	opčinjavanja	D/L jd	opčinjavanju	
opčinjavanje	0	opčinjavanja	I jd	opčinjavanjem	
opšivanje	0	opšivanja	D/L jd	opšivanju	
orašje	0	orašja	I jd	orašjem	
orlando	0	orlanda	D/L jd	orlandu	
orlando	0	orlanda	I jd	orlandom	
orođavanje	0	orođavanja	I jd	orođavanjem	
oružanje	0	oružanja	D/L jd	oružanju	
oružanje	0	oružanja	I jd	oružanjem	
osamljenje	0	osamljenja	I jd	osamljenjem	
osamljivanje	0	osamljivanja	I jd	osamljivanjem	
oscilovanje	0	oscilovanja	D/L jd	oscilovanju	
oscilovanje	0	oscilovanja	I jd	oscilovanjem	
osramoćenje	0	osramoćenja	D/L jd	osramoćenju	
osramoćenje	0	osramoćenja	I jd	osramoćenjem	
ostrvlje	0	ostrvlja	D/L jd	ostrvlju	
ostrvlje	0	ostrvlja	I jd	ostrvljem	
otaljavanje	0	otaljavanja	D/L jd	otaljavanju	
otaljavanje	0	otaljavanja	I jd	otaljavanjem	
otačastvo	0	otačastva	I jd	otačastvom	
otečestvo	0	otečestva	I jd	otečestvom	
ovenčavanje	0	ovenčavanja	D/L jd	ovenčavanju	
ovenčavanje	0	ovenčavanja	I jd	ovenčavanjem	
ovlaštenje	0	ovlaštenja	D/L jd	ovlaštenju	
ovlaštenje	0	ovlaštenja	I jd	ovlaštenjem	
ozarenje	0	ozarenja	D/L jd	ozarenju	
ozarenje	0	ozarenja	I jd	ozarenjem	
ozvučavanje	0	ozvučavanja	D/L jd	ozvučavanju	
ozvučavanje	0	ozvučavanja	I jd	ozvučavanjem	
očaravanje	0	očaravanja	D/L jd	očaravanju	
očaravanje	0	očaravanja	I jd	očaravanjem	
oživljenje	0	oživljenja	I jd	oživljenjem	
palermo	0	palerma	I jd	palermom	
palidrvce	0	palidrvca	D/L jd	palidrvcu	
palidrvce	0	palidrvca	I jd	palidrvcem	
paženje	0	paženja	I jd	paženjem	
pendže	0	pendžeta	D/L jd	pendžetu	proširena osnova
pendže	0	pendžeta	I jd	pendžetom	proširena osnova
perikle	0	perikla	D/L jd	periklu	
perikle	0	perikla	I jd	periklem	
pesničenje	0	pesničenja	I jd	pesničenjem	
petoknjižje	0	petoknjižja	D/L jd	petoknjižju	
petoknjižje	0	petoknjižja	I jd	petoknjižjem	
pikaso	0	pikasa	I jd	pikasom	
pitanjce	0	pitanjca	D/L jd	pitanjcu	
pitanjce	0	pitanjca	I jd	pitanjcem	
pješaštvo	0	pješaštva	D/L jd	pješaštvu	
pješaštvo	0	pješaštva	I jd	pješaštvom	
plandište	0	plandišta	I jd	plandištem	
podgrađe	0	podgrađa	I jd	podgrađem	
podosoje	0	podosoja	I jd	podosojem	
podujevo	0	podujeva	I jd	podujevom	
pogrebenje	0	pogrebenja	I jd	pogrebenjem	
pohovanje	0	pohovanja	D/L jd	pohovanju	
pohovanje	0	pohovanja	I jd	pohovanjem	
pokućanstvo	0	pokućanstva	D/L jd	pokućanstvu	
pokućanstvo	0	pokućanstva	I jd	pokućanstvom	
polibije	0	polibija	D/L jd	polibiju	
polibije	0	polibija	I jd	polibijem	
polimlje	0	polimlja	I jd	polimljem	
polivanje	0	polivanja	D/L jd	polivanju	
polivanje	0	polivanja	I jd	polivanjem	
položenje	0	položenja	I jd	položenjem	
polugođe	0	polugođa	I jd	polugođem	
pomazivanje	0	pomazivanja	D/L jd	pomazivanju	
pomazivanje	0	pomazivanja	I jd	pomazivanjem	
ponošenje	0	ponošenja	D/L jd	ponošenju	
ponošenje	0	ponošenja	I jd	ponošenjem	
porobljenje	0	porobljenja	D/L jd	porobljenju	
portoriko	0	portorika	I jd	portorikom	
poruganje	0	poruganja	D/L jd	poruganju	
poruganje	0	poruganja	I jd	poruganjem	
posečenje	0	posečenja	I jd	posečenjem	
posramljenje	0	posramljenja	I jd	posramljenjem	
postponiranje	0	postponiranja	D/L jd	postponiranju	
postponiranje	0	postponiranja	I jd	postponiranjem	
postradanje	0	postradanja	I jd	postradanjem	
potisje	0	potisja	I jd	potisjem	
poturanje	0	poturanja	D/L jd	poturanju	
povinovanje	0	povinovanja	I jd	povinovanjem	
povlašćenje	0	povlašćenja	D/L jd	povlašćenju	
povlašćivanje	0	povlašćivanja	D/L jd	povlašćivanju	
povlašćivanje	0	povlašćivanja	I jd	povlašćivanjem	
pozorje	0	pozorja	I jd	pozorjem	
predjelo	0	predjela	D/L jd	predjelu	
predloženje	0	predloženja	I jd	predloženjem	
predviđenje	0	predviđenja	D/L jd	predviđenju	
predviđenje	0	predviđenja	I jd	predviđenjem	
preganjanje	0	preganjanja	D/L jd	preganjanju	
pregrešenje	0	pregrešenja	D/L jd	pregrešenju	
pregrešenje	0	pregrešenja	I jd	pregrešenjem	
prejemstvo	0	prejemstva	I jd	prejemstvom	
prekraćenje	0	prekraćenja	D/L jd	prekraćenju	
prekraćenje	0	prekraćenja	I jd	prekraćenjem	
preobraćanje	0	preobraćanja	D/L jd	preobraćanju	
preobraćanje	0	preobraćanja	I jd	preobraćanjem	
preoravanje	0	preoravanja	D/L jd	preoravanju	
preoravanje	0	preoravanja	I jd	preoravanjem	
prepadanje	0	prepadanja	D/L jd	prepadanju	
prepadanje	0	prepadanja	I jd	prepadanjem	
preslovljavanje	0	preslovljavanja	D/L jd	preslovljavanju	
preslovljavanje	0	preslovljavanja	I jd	preslovljavanjem	
prestolje	0	prestolja	D/L jd	prestolju	
prestolje	0	prestolja	I jd	prestoljem	
prestupanje	0	prestupanja	I jd	prestupanjem	
preturanje	0	preturanja	D/L jd	preturanju	
preturanje	0	preturanja	I jd	preturanjem	
preševo	0	preševa	I jd	preševom	
približenje	0	približenja	I jd	približenjem	
priključenije	0	priključenija	D/L jd	priključeniju	
priključenije	0	priključenija	I jd	priključenijem	
primirenje	0	primirenja	I jd	primirenjem	
priopštenje	0	priopštenja	I jd	priopštenjem	
privoljenje	0	privoljenja	D/L jd	privoljenju	
privoljenje	0	privoljenja	I jd	privoljenjem	
prizemljenje	0	prizemljenja	I jd	prizemljenjem	
prle	0	prleta	D/L jd	prletu	proširena osnova
prle	0	prleta	I jd	prletom	proširena osnova
prokuplje	0	prokuplja	I jd	prokupljem	
prolivanje	0	prolivanja	D/L jd	prolivanju	
proljeće	0	proljeća	I jd	proljećem	
prozorče	0	prozorčeta	D/L jd	prozorčetu	proširena osnova
prozorče	0	prozorčeta	I jd	prozorčetom	proširena osnova
puckaranje	0	puckaranja	D/L jd	puckaranju	
puckaranje	0	puckaranja	I jd	puckaranjem	
punomoćstvo	0	punomoćstva	I jd	punomoćstvom	
raklje	0	raklja	D/L jd	raklju	
raklje	0	raklja	I jd	rakljem	
rambo	0	ramba	D/L jd	rambu	
rambo	0	ramba	I jd	rambom	
raspakivanje	0	raspakivanja	D/L jd	raspakivanju	
raspuće	0	raspuća	I jd	raspućem	
rasvetljenje	0	rasvetljenja	D/L jd	rasvetljenju	
rasvetljenje	0	rasvetljenja	I jd	rasvetljenjem	
razlivanje	0	razlivanja	D/L jd	razlivanju	
razlivanje	0	razlivanja	I jd	razlivanjem	
razrastanje	0	razrastanja	I jd	razrastanjem	
razuđivanje	0	razuđivanja	D/L jd	razuđivanju	
razuđivanje	0	razuđivanja	I jd	razuđivanjem	
redigovanje	0	redigovanja	I jd	redigovanjem	
restaurisanje	0	restaurisanja	D/L jd	restaurisanju	
restaurisanje	0	restaurisanja	I jd	restaurisanjem	
revnovanje	0	revnovanja	I jd	revnovanjem	
ribarče	0	ribarčeta	D/L jd	ribarčetu	proširena osnova
ribarče	0	ribarčeta	I jd	ribarčetom	proširena osnova
rizikovanje	0	rizikovanja	D/L jd	rizikovanju	
rizikovanje	0	rizikovanja	I jd	rizikovanjem	
rogulje	0	rogulja	D/L jd	rogulju	
rogulje	0	rogulja	I jd	roguljem	
ruženje	0	ruženja	D/L jd	ruženju	
sagledanje	0	sagledanja	D/L jd	sagledanju	
sagledanje	0	sagledanja	I jd	sagledanjem	
samoodržavanje	0	samoodržavanja	D/L jd	samoodržavanju	
samoodržavanje	0	samoodržavanja	I jd	samoodržavanjem	
samoočuvanje	0	samoočuvanja	I jd	samoočuvanjem	
samosažaljenje	0	samosažaljenja	I jd	samosažaljenjem	
samožaljenje	0	samožaljenja	D/L jd	samožaljenju	
samožaljenje	0	samožaljenja	I jd	samožaljenjem	
santjago	0	santjaga	I jd	santjagom	
sasecanje	0	sasecanja	D/L jd	sasecanju	
sasecanje	0	sasecanja	I jd	sasecanjem	
sektašenje	0	sektašenja	D/L jd	sektašenju	
sektašenje	0	sektašenja	I jd	sektašenjem	
sevojno	0	sevojna	D/L jd	sevojnu	
sevojno	0	sevojna	I jd	sevojnom	
sirogojno	0	sirogojna	I jd	sirogojnom	
sirotovanje	0	sirotovanja	D/L jd	sirotovanju	
sirotovanje	0	sirotovanja	I jd	sirotovanjem	
sjedinjavanje	0	sjedinjavanja	I jd	sjedinjavanjem	
skončanje	0	skončanja	I jd	skončanjem	
sledstvo	0	sledstva	D/L jd	sledstvu	
sledstvo	0	sledstva	I jd	sledstvom	
smućivanje	0	smućivanja	D/L jd	smućivanju	
smućivanje	0	smućivanja	I jd	smućivanjem	
snevanje	0	snevanja	I jd	snevanjem	
snješko	0	snješka	D/L jd	snješku	
snješko	0	snješka	I jd	snješkom	
sobranje	0	sobranja	I jd	sobranjem	
sokoćalo	0	sokoćala	D/L jd	sokoćalu	
spasenije	0	spasenija	D/L jd	spaseniju	
spasenije	0	spasenija	I jd	spasenijem	
spelovanje	0	spelovanja	I jd	spelovanjem	
spiranje	0	spiranja	I jd	spiranjem	
srculence	0	srculenca	D/L jd	srculencu	
srculence	0	srculenca	I jd	srculencem	
sredozemlje	0	sredozemlja	I jd	sredozemljem	
sretenje	0	sretenja	D/L jd	sretenju	
sretenje	0	sretenja	I jd	sretenjem	
srubljivanje	0	srubljivanja	D/L jd	srubljivanju	
srubljivanje	0	srubljivanja	I jd	srubljivanjem	
stepenovanje	0	stepenovanja	D/L jd	stepenovanju	
stepenovanje	0	stepenovanja	I jd	stepenovanjem	
stražilovo	0	stražilova	I jd	stražilovom	
stvorenjce	0	stvorenjca	D/L jd	stvorenjcu	
stvorenjce	0	stvorenjca	I jd	stvorenjcem	
superauto	0	superauta	D/L jd	superautu	
superauto	0	superauta	I jd	superautom	
survavanje	0	survavanja	D/L jd	survavanju	
svadbovanje	0	svadbovanja	D/L jd	svadbovanju	
svadbovanje	0	svadbovanja	I jd	svadbovanjem	
svetovanje	0	svetovanja	D/L jd	svetovanju	
svetovanje	0	svetovanja	I jd	svetovanjem	
svojeumlje	0	svojeumlja	D/L jd	svojeumlju	
tabanje	0	tabanja	D/L jd	tabanju	
tabanje	0	tabanja	I jd	tabanjem	
tandrkanje	0	tandrkanja	D/L jd	tandrkanju	
tandrkanje	0	tandrkanja	I jd	tandrkanjem	
tipovanje	0	tipovanja	D/L jd	tipovanju	
tipovanje	0	tipovanja	I jd	tipovanjem	
tištanje	0	tištanja	D/L jd	tištanju	
tištanje	0	tištanja	I jd	tištanjem	
toronto	0	toronta	I jd	torontom	
trtljanje	0	trtljanja	D/L jd	trtljanju	
trtljanje	0	trtljanja	I jd	trtljanjem	
tucanje	0	tucanja	D/L jd	tucanju	
tucanje	0	tucanja	I jd	tucanjem	
ugljevlje	0	ugljevlja	I jd	ugljevljem	
uknjižavanje	0	uknjižavanja	D/L jd	uknjižavanju	
uknjižavanje	0	uknjižavanja	I jd	uknjižavanjem	
ulivanje	0	ulivanja	D/L jd	ulivanju	
ulubljenje	0	ulubljenja	D/L jd	ulubljenju	
ulubljenje	0	ulubljenja	I jd	ulubljenjem	
umlje	0	umlja	D/L jd	umlju	
umlje	0	umlja	I jd	umljem	
umoljavanje	0	umoljavanja	D/L jd	umoljavanju	
umoljavanje	0	umoljavanja	I jd	umoljavanjem	
unesko	0	uneska	I jd	uneskom	
uniženje	0	uniženja	D/L jd	uniženju	
uokviravanje	0	uokviravanja	D/L jd	uokviravanju	
uprezanje	0	uprezanja	I jd	uprezanjem	
upucavanje	0	upucavanja	D/L jd	upucavanju	
upucavanje	0	upucavanja	I jd	upucavanjem	
usamljivanje	0	usamljivanja	I jd	usamljivanjem	
uslojavanje	0	uslojavanja	D/L jd	uslojavanju	
uslojavanje	0	uslojavanja	I jd	uslojavanjem	
uspenije	0	uspenija	D/L jd	uspeniju	
uspenije	0	uspenija	I jd	uspenijem	
utoljavanje	0	utoljavanja	I jd	utoljavanjem	
uvaženje	0	uvaženja	D/L jd	uvaženju	
uziđivanje	0	uziđivanja	D/L jd	uziđivanju	
uziđivanje	0	uziđivanja	I jd	uziđivanjem	
ućutkivanje	0	ućutkivanja	D/L jd	ućutkivanju	
ućutkivanje	0	ućutkivanja	I jd	ućutkivanjem	
valjevo	0	valjeva	I jd	valjevom	
varakanje	0	varakanja	D/L jd	varakanju	
varakanje	0	varakanja	I jd	varakanjem	
vaskresenje	0	vaskresenja	I jd	vaskresenjem	
vavedenje	0	vavedenja	I jd	vavedenjem	
vazalstvo	0	vazalstva	D/L jd	vazalstvu	
velegošće	0	velegošća	I jd	velegošćem	
vetrilo	0	vetrila	D/L jd	vetrilu	
vetrilo	0	vetrila	I jd	vetrilom	
visokoumlje	0	visokoumlja	I jd	visokoumljem	
vlasotince	0	vlasotinca	I jd	vlasotincem	
vozikanje	0	vozikanja	D/L jd	vozikanju	
vozikanje	0	vozikanja	I jd	vozikanjem	
vresište	0	vresišta	I jd	vresištem	
vrtenje	0	vrtenja	D/L jd	vrtenju	
vrtenje	0	vrtenja	I jd	vrtenjem	
vršljanje	0	vršljanja	I jd	vršljanjem	
zajedanje	0	zajedanja	D/L jd	zajedanju	
zajedanje	0	zajedanja	I jd	zajedanjem	
zakrivljenje	0	zakrivljenja	D/L jd	zakrivljenju	
zakrivljenje	0	zakrivljenja	I jd	zakrivljenjem	
zalivanje	0	zalivanja	D/L jd	zalivanju	
zalivanje	0	zalivanja	I jd	zalivanjem	
zameranje	0	zameranja	D/L jd	zameranju	
zameranje	0	zameranja	I jd	zameranjem	
zapevanje	0	zapevanja	D/L jd	zapevanju	
zapevanje	0	zapevanja	I jd	zapevanjem	
zatamnjenje	0	zatamnjenja	D/L jd	zatamnjenju	
zatamnjenje	0	zatamnjenja	I jd	zatamnjenjem	
zbiranje	0	zbiranja	D/L jd	zbiranju	
zbiranje	0	zbiranja	I jd	zbiranjem	
zdravoumlje	0	zdravoumlja	I jd	zdravoumljem	
zlodejstvo	0	zlodejstva	D/L jd	zlodejstvu	
zlodejstvo	0	zlodejstva	I jd	zlodejstvom	
zlopogleđe	0	zlopogleđa	D/L jd	zlopogleđu	
zlopogleđe	0	zlopogleđa	I jd	zlopogleđem	
zorenje	0	zorenja	D/L jd	zorenju	
zorenje	0	zorenja	I jd	zorenjem	
ćarlijanje	0	ćarlijanja	D/L jd	ćarlijanju	
ćarlijanje	0	ćarlijanja	I jd	ćarlijanjem	
ćemane	0	ćemana	D/L jd	ćemanu	
ćemane	0	ćemana	I jd	ćemanem	
čarkanje	0	čarkanja	D/L jd	čarkanju	
čarkanje	0	čarkanja	I jd	čarkanjem	
čifte	0	čifta	D/L jd	čiftu	
čifte	0	čifta	I jd	čiftem	
čuvstvovanje	0	čuvstvovanja	D/L jd	čuvstvovanju	
đakovanje	0	đakovanja	D/L jd	đakovanju	
đakovanje	0	đakovanja	I jd	đakovanjem	
šegrtovanje	0	šegrtovanja	D/L jd	šegrtovanju	
šegrtovanje	0	šegrtovanja	I jd	šegrtovanjem	
šikaniranje	0	šikaniranja	I jd	šikaniranjem	
šrafiranje	0	šrafiranja	D/L jd	šrafiranju	
šrafiranje	0	šrafiranja	I jd	šrafiranjem	
šunjanje	0	šunjanja	D/L jd	šunjanju	
šunjanje	0	šunjanja	I jd	šunjanjem	
šurovanje	0	šurovanja	I jd	šurovanjem	
švercovanje	0	švercovanja	D/L jd	švercovanju	
švercovanje	0	švercovanja	I jd	švercovanjem	
žalošćenje	0	žalošćenja	D/L jd	žalošćenju	
žalošćenje	0	žalošćenja	I jd	žalošćenjem	
željenje	0	željenja	D/L jd	željenju	
željezo	0	željeza	D/L jd	željezu	
živopisanje	0	živopisanja	I jd	živopisanjem	
živovanje	0	živovanja	I jd	živovanjem	
žurenje	0	žurenja	D/L jd	žurenju	
žurenje	0	žurenja	I jd	žurenjem	
